{
  "num_docs": 1821637,
  "num_topics": 5,
  "vocab_size": 24063,
  "engine": "lda_multicore",
  "coherence": {
    "c_v": 0.5945476093084805,
    "c_npmi": 0.023152241078145314,
    "u_mass": -2.897412201374942
  },
  "perplexity": 3367.579529277399,
  "topic_diversity": {
    "unique_word_ratio": 0.96,
    "avg_pairwise_jaccard": 0.010344827586206896
  },
  "topic_size_proxy": {
    "counts_estimated": [
      693506.793568421,
      305405.6114403836,
      248641.1566088615,
      391741.18279410515,
      182342.25558822864
    ],
    "proportions": [
      0.3807052632156797,
      0.16765448409336417,
      0.13649325118498445,
      0.21504898220342758,
      0.10009801930254418
    ],
    "entropy_bits": 2.1637257907746155,
    "gini": 0.25590808753788574
  }
}