{
  "num_docs": 840348,
  "num_topics": 17,
  "vocab_size": 19171,
  "engine": "lda_multicore",
  "coherence": {
    "c_v": 0.6089632264115536,
    "c_npmi": 0.007356790082827474,
    "u_mass": -2.6071716843381516
  },
  "perplexity": 2690.9446939833424,
  "topic_diversity": {
    "unique_word_ratio": 0.6941176470588235,
    "avg_pairwise_jaccard": 0.050111078914324356
  },
  "topic_size_proxy": {
    "counts_estimated": [
      92124.46880590444,
      116005.58623215521,
      63681.12795099384,
      12466.66996336173,
      36013.34285672731,
      31461.11943071189,
      34790.009199894754,
      58682.23774019487,
      64851.12826038955,
      68192.24025502669,
      9778.8914748259,
      43070.01138946442,
      40524.45516076016,
      63420.0167708343,
      27031.118259239232,
      54240.01434326793,
      24015.56190624781
    ],
    "proportions": [
      0.10962656995185856,
      0.13804469842512293,
      0.07577947225553441,
      0.01483512778439614,
      0.04285527288305238,
      0.037438203495113793,
      0.04139952638656217,
      0.06983087689885008,
      0.0771717529647117,
      0.08114762009908595,
      0.011636716544605208,
      0.051252589866893725,
      0.048223420726603926,
      0.07546875433848155,
      0.03216657653643399,
      0.06454470569724438,
      0.028578115145449036
    ],
    "entropy_bits": 3.873919351352401,
    "gini": 0.2989520134093253
  }
}