{
  "num_docs": 1821555,
  "num_topics": 6,
  "vocab_size": 24036,
  "engine": "lda_multicore",
  "coherence": {
    "c_v": 0.5685335253068051,
    "c_npmi": 0.005920264213272048,
    "u_mass": -2.9593896313639916
  },
  "perplexity": 3408.5361427876487,
  "topic_diversity": {
    "unique_word_ratio": 0.9,
    "avg_pairwise_jaccard": 0.021018062397372743
  },
  "topic_size_proxy": {
    "counts_estimated": [
      554140.1690070569,
      288018.97673171695,
      310888.983706834,
      157441.1591290467,
      208810.06368492357,
      302255.647740422
    ],
    "proportions": [
      0.30421270233786896,
      0.1581170904703492,
      0.1706723012518612,
      0.08643228402603638,
      0.11463286240872418,
      0.16593275950516015
    ],
    "entropy_bits": 2.471866888750424,
    "gini": 0.21080601285389747
  }
}