{
  "num_docs": 840351,
  "num_topics": 16,
  "vocab_size": 18814,
  "engine": "lda_multicore",
  "coherence": {
    "c_v": 0.6077395734694861,
    "c_npmi": 0.02710268661132478,
    "u_mass": -2.497066596949705
  },
  "perplexity": 2276.4058919971735,
  "topic_diversity": {
    "unique_word_ratio": 0.7,
    "avg_pairwise_jaccard": 0.04853075141306026
  },
  "topic_size_proxy": {
    "counts_estimated": [
      60700.072231808175,
      112737.91193351976,
      80224.53990995816,
      86215.65815037386,
      6203.340715178199,
      83295.65467563119,
      59178.9593106047,
      37132.26640883759,
      35221.153023541774,
      44498.94184169295,
      29800.035461414886,
      45046.72027131552,
      9463.34459451419,
      26817.809690406775,
      54154.50888717003,
      69660.08289403224
    ],
    "proportions": [
      0.07223180817516511,
      0.1341557419858128,
      0.09546551370791272,
      0.10259481829660923,
      0.007381844866226374,
      0.09912007562986322,
      0.07042171581946675,
      0.04418661536529092,
      0.04191243066711621,
      0.05295280405651085,
      0.03546141488665437,
      0.0536046488566272,
      0.011261180857182522,
      0.0319126289971771,
      0.06444272558391675,
      0.08289403224846789
    ],
    "entropy_bits": 3.772029743627816,
    "gini": 0.3036629083120129
  }
}