{
  "num_docs": 833064,
  "num_topics": 8,
  "vocab_size": 19121,
  "engine": "lda_multicore",
  "coherence": {
    "c_v": 0.551795843873579,
    "c_npmi": 0.0026887865085911296,
    "u_mass": -3.06393717484076
  },
  "perplexity": 3579.393676930193,
  "topic_diversity": {
    "unique_word_ratio": 0.8916666666666667,
    "avg_pairwise_jaccard": 0.017603018218781765
  },
  "topic_size_proxy": {
    "counts_estimated": [
      253372.4249856954,
      132598.99500238078,
      87338.95878264558,
      84154.51178981991,
      92871.18543208,
      92897.85212008691,
      9904.452370568064,
      79925.61951672343
    ],
    "proportions": [
      0.3041452097146142,
      0.1591702378237215,
      0.10484063503241715,
      0.10101806318580552,
      0.11148145332421036,
      0.11151346369557068,
      0.011889185429412459,
      0.09594175179424798
    ],
    "entropy_bits": 2.7257355718093352,
    "gini": 0.3000077024956086
  }
}