{
  "num_docs": 833044,
  "num_topics": 2,
  "vocab_size": 19093,
  "engine": "lda_multicore",
  "coherence": {
    "c_v": 0.5234967382603287,
    "c_npmi": 0.00787270686464573,
    "u_mass": -2.779341591259735
  },
  "perplexity": 4005.7296177424882,
  "topic_diversity": {
    "unique_word_ratio": 1.0,
    "avg_pairwise_jaccard": 0.0
  },
  "topic_size_proxy": {
    "counts_estimated": [
      549527.1064410415,
      283516.89355895855
    ],
    "proportions": [
      0.6596615622236538,
      0.3403384377763462
    ],
    "entropy_bits": 0.9251421985301551,
    "gini": 0.1596615622236539
  }
}