{
  "num_docs": 840351,
  "num_topics": 19,
  "vocab_size": 18814,
  "engine": "lda_multicore",
  "coherence": {
    "c_v": 0.6049260097598893,
    "c_npmi": 0.01775539500758576,
    "u_mass": -2.586330888831205
  },
  "perplexity": 2370.41481231984,
  "topic_diversity": {
    "unique_word_ratio": 0.6736842105263158,
    "avg_pairwise_jaccard": 0.047853399093568484
  },
  "topic_size_proxy": {
    "counts_estimated": [
      105461.23660776264,
      44405.608397294774,
      49121.16956426886,
      43223.38476825132,
      97174.56008012535,
      43902.27446500466,
      37693.3781876599,
      58644.51423018186,
      47137.83387080779,
      15497.796219829039,
      21102.24733345233,
      39957.825326748774,
      39161.157712064414,
      27191.143467999445,
      33595.595533607026,
      53505.6192261161,
      69123.41558874278,
      8982.232910890303,
      5470.006509192598
    ],
    "proportions": [
      0.12549665152747203,
      0.05284173922241394,
      0.05845315774511943,
      0.05143491799051982,
      0.11563568090015404,
      0.052242782438534204,
      0.044854326570278255,
      0.06978573742422138,
      0.05609303002056021,
      0.018442051261709738,
      0.025111230109147644,
      0.04754897099753409,
      0.04660095330649266,
      0.03235688833356472,
      0.0399780514732618,
      0.06367056054686208,
      0.0822554094524107,
      0.010688668081421101,
      0.0065091925983221275
    ],
    "entropy_bits": 4.0113495483987505,
    "gini": 0.3059541119910703
  }
}