{
  "num_docs": 832316,
  "num_topics": 17,
  "vocab_size": 19121,
  "engine": "lda_multicore",
  "coherence": {
    "c_v": 0.5639995744916009,
    "c_npmi": 0.010393297950482674,
    "u_mass": -3.1693862618428623
  },
  "perplexity": 3914.6156742419944,
  "topic_diversity": {
    "unique_word_ratio": 0.8941176470588236,
    "avg_pairwise_jaccard": 0.008260488103287292
  },
  "topic_size_proxy": {
    "counts_estimated": [
      133314.51563242573,
      61347.81053660204,
      13165.562585771422,
      46832.24722995018,
      53956.69547874471,
      38591.13171820517,
      74672.26209610672,
      29863.349279920545,
      70543.371002451,
      67673.36946991259,
      42067.80024136145,
      29540.015773931897,
      29414.460151331492,
      56930.03039979495,
      3602.2241457566843,
      45057.80183797812,
      35743.35241975533
    ],
    "proportions": [
      0.16017295790592243,
      0.07370735458239663,
      0.015817985699868104,
      0.05626738790309231,
      0.06482717559045448,
      0.046365961627801426,
      0.08971624010124366,
      0.03587982122165205,
      0.08475551473533008,
      0.0813073033197879,
      0.050543063261263094,
      0.0354913467648488,
      0.03534049585894239,
      0.06839953863652141,
      0.004327952539368082,
      0.05413545076386627,
      0.0429444494876409
    ],
    "entropy_bits": 3.85103683908602,
    "gini": 0.3011693968508047
  }
}