{
  "num_docs": 1978351,
  "num_topics": 6,
  "vocab_size": 24086,
  "engine": "lda_multicore",
  "coherence": {
    "c_v": 0.6458191788663069,
    "c_npmi": 0.027905071833513692,
    "u_mass": -2.4778658832675453
  },
  "perplexity": 2839.451578048543,
  "topic_diversity": {
    "unique_word_ratio": 0.7444444444444445,
    "avg_pairwise_jaccard": 0.08366089848848471
  },
  "topic_size_proxy": {
    "counts_estimated": [
      715402.5838378222,
      416317.98821464577,
      202450.10233275205,
      149591.18672518907,
      162523.41548428405,
      332065.7234053069
    ],
    "proportions": [
      0.3616155999809044,
      0.2104368679848246,
      0.10233275204084212,
      0.07561407794935734,
      0.08215095070808165,
      0.1678497513359899
    ],
    "entropy_bits": 2.350425795077116,
    "gini": 0.313397060213852
  }
}