{
  "num_docs": 830137,
  "num_topics": 9,
  "vocab_size": 18764,
  "engine": "lda_multicore",
  "coherence": {
    "c_v": 0.5853333329493353,
    "c_npmi": 0.0029855185547629113,
    "u_mass": -2.8287679173244813
  },
  "perplexity": 3266.075187513757,
  "topic_diversity": {
    "unique_word_ratio": 0.9259259259259259,
    "avg_pairwise_jaccard": 0.009646962233169128
  },
  "topic_size_proxy": {
    "counts_estimated": [
      205490.082512518,
      134778.94300804552,
      61108.913426570994,
      107644.4876680279,
      10631.115379930749,
      56726.68944470991,
      58092.24554859106,
      104581.15310464274,
      91083.36990696311
    ],
    "proportions": [
      0.24753755405736405,
      0.1623574699212847,
      0.07361304631232073,
      0.12967075033160538,
      0.012806458909710985,
      0.06833412972161211,
      0.06997910651927461,
      0.1259805948953519,
      0.10972088933147554
    ],
    "entropy_bits": 2.9235342305409766,
    "gini": 0.3094989416438495
  }
}