{
  "num_docs": 832936,
  "num_topics": 7,
  "vocab_size": 19108,
  "engine": "lda_multicore",
  "coherence": {
    "c_v": 0.5616902227457252,
    "c_npmi": -0.03887451815079783,
    "u_mass": -3.384050638252024
  },
  "perplexity": 3854.848061736793,
  "topic_diversity": {
    "unique_word_ratio": 0.9428571428571428,
    "avg_pairwise_jaccard": 0.01021711366538953
  },
  "topic_size_proxy": {
    "counts_estimated": [
      251707.9120860357,
      195723.4377689617,
      11843.339652794266,
      88097.8247856977,
      110300.05885475999,
      103051.16609795074,
      72212.26075379981
    ],
    "proportions": [
      0.3021935804023787,
      0.23498016386488482,
      0.014218787101042896,
      0.10576781983933663,
      0.13242321001224583,
      0.12372038919911103,
      0.086696049581
    ],
    "entropy_bits": 2.507832553357099,
    "gini": 0.3391851424699103
  }
}