{
  "num_docs": 832097,
  "num_topics": 20,
  "vocab_size": 19119,
  "engine": "lda_multicore",
  "coherence": {
    "c_v": 0.5207663054081723,
    "c_npmi": -0.04224770013475788,
    "u_mass": -3.427359094713529
  },
  "perplexity": 3919.2379749085,
  "topic_diversity": {
    "unique_word_ratio": 0.8733333333333333,
    "avg_pairwise_jaccard": 0.008622130037738025
  },
  "topic_size_proxy": {
    "counts_estimated": [
      116372.26884029232,
      82634.47754734693,
      38911.12669868752,
      40687.79407707705,
      64920.026006593784,
      83927.81139878246,
      40716.682977538665,
      20112.23027906747,
      32911.12429512063,
      46306.68521686182,
      27862.233383674706,
      26693.34402653538,
      36630.014673775884,
      69196.69438646952,
      1936.6674424846472,
      32646.679744741195,
      2365.5565031840583,
      23097.787030620108,
      39666.682556914464,
      4501.112914231386
    ],
    "proportions": [
      0.1398542103147738,
      0.09930870745519685,
      0.04676272922350101,
      0.04889789781368885,
      0.0780197813555316,
      0.10086301404617787,
      0.04893261600214718,
      0.02417053574170736,
      0.03955202854369218,
      0.05565058546883575,
      0.033484357453127105,
      0.03207960613550509,
      0.04402132765023295,
      0.08315940856230646,
      0.0023274539416494075,
      0.039234223587804304,
      0.002842885508761669,
      0.02775852698738261,
      0.04767074338318064,
      0.005409360824797332
    ],
    "entropy_bits": 3.9685709520208046,
    "gini": 0.37016312207315655
  }
}