{
  "num_docs": 1978346,
  "num_topics": 9,
  "vocab_size": 24121,
  "engine": "lda_multicore",
  "coherence": {
    "c_v": 0.6388721369566601,
    "c_npmi": 0.017795117893176535,
    "u_mass": -2.5924130383147035
  },
  "perplexity": 2389.8026282484166,
  "topic_diversity": {
    "unique_word_ratio": 0.7333333333333333,
    "avg_pairwise_jaccard": 0.06741669356611886
  },
  "topic_size_proxy": {
    "counts_estimated": [
      356536.7467642716,
      285043.3973696315,
      183328.9300745685,
      215723.38179657413,
      325866.7398741148,
      65916.68147514955,
      141525.5873499237,
      260760.05858093547,
      143644.47671483073
    ],
    "proportions": [
      0.18021961111164153,
      0.14408167093604027,
      0.09266777908139855,
      0.10904229179151378,
      0.16471675827894353,
      0.03331908648696919,
      0.07153732832877753,
      0.1318071048142921,
      0.07260836917042354
    ],
    "entropy_bits": 3.039252632620088,
    "gini": 0.23316140391406984
  }
}