{
  "num_docs": 1978351,
  "num_topics": 17,
  "vocab_size": 23896,
  "engine": "lda_multicore",
  "coherence": {
    "c_v": 0.6042548653156574,
    "c_npmi": 0.019592975589662935,
    "u_mass": -2.695154184855042
  },
  "perplexity": 2249.3426254734986,
  "topic_diversity": {
    "unique_word_ratio": 0.7137254901960784,
    "avg_pairwise_jaccard": 0.044529193198057294
  },
  "topic_size_proxy": {
    "counts_estimated": [
      248284.56994521248,
      92810.0469128314,
      56371.13960511425,
      144414.51744186375,
      74564.48213466328,
      138171.1809527019,
      168453.4184817314,
      120442.28310236083,
      157241.19059204782,
      124768.95195603519,
      58345.58504758455,
      99617.8281317484,
      136714.5135497314,
      161152.30368011503,
      18577.78716831928,
      102176.7183140833,
      76244.48298385579
    ],
    "proportions": [
      0.12550076803621424,
      0.04691283139990396,
      0.028494003139541087,
      0.07299741928599311,
      0.03769021884117797,
      0.06984159077570254,
      0.08514839807583761,
      0.06088013861158148,
      0.07948093669528199,
      0.06306714630317632,
      0.02949202899161198,
      0.0503539706208597,
      0.0691052869534938,
      0.08145789280067846,
      0.009390541500633244,
      0.05164741661822563,
      0.03853941135008691
    ],
    "entropy_bits": 3.934654906823181,
    "gini": 0.2472649436688096
  }
}