{
  "num_docs": 1978350,
  "num_topics": 14,
  "vocab_size": 24151,
  "engine": "lda_multicore",
  "coherence": {
    "c_v": 0.6578709376168221,
    "c_npmi": 0.02878062663459544,
    "u_mass": -2.5813633812299934
  },
  "perplexity": 2507.7257633682384,
  "topic_diversity": {
    "unique_word_ratio": 0.6761904761904762,
    "avg_pairwise_jaccard": 0.058111607562157004
  },
  "topic_size_proxy": {
    "counts_estimated": [
      398176.6666666667,
      184340.0,
      136444.44444444444,
      124076.66666666667,
      105427.77777777778,
      222798.8888888889,
      188240.0,
      77270.0,
      106722.22222222223,
      132848.8888888889,
      59733.333333333336,
      123865.55555555556,
      33912.222222222226,
      84493.33333333334
    ],
    "proportions": [
      0.20126704914027685,
      0.09317865898349635,
      0.06896880958599057,
      0.06271724753793144,
      0.053290761380836445,
      0.11261854014147593,
      0.09514999873632067,
      0.03905780069249627,
      0.05394506645549182,
      0.06715135789364314,
      0.030193511427873396,
      0.06261053683906061,
      0.017141669685456176,
      0.042708991499650385
    ],
    "entropy_bits": 3.573495604503187,
    "gini": 0.30546703782733814
  }
}