{
  "num_docs": 1816827,
  "num_topics": 5,
  "vocab_size": 23846,
  "engine": "lda_multicore",
  "coherence": {
    "c_v": 0.6090324555259883,
    "c_npmi": 0.03709976814933707,
    "u_mass": -2.851871947963559
  },
  "perplexity": 4037.1643119339483,
  "topic_diversity": {
    "unique_word_ratio": 0.9733333333333334,
    "avg_pairwise_jaccard": 0.006896551724137931
  },
  "topic_size_proxy": {
    "counts_estimated": [
      694325.6829435206,
      261220.04792605425,
      244214.48925048806,
      399145.6287868225,
      217921.15109311475
    ],
    "proportions": [
      0.3821638950453294,
      0.14377816265723387,
      0.13441813075790268,
      0.21969380066832037,
      0.1199460108712138
    ],
    "entropy_bits": 2.1691395034887093,
    "gini": 0.24388457530345953
  }
}