{
  "num_docs": 832120,
  "num_topics": 4,
  "vocab_size": 19121,
  "engine": "lda_multicore",
  "coherence": {
    "c_v": 0.5409644246172078,
    "c_npmi": -8.583876623804824e-05,
    "u_mass": -2.9157557939552166
  },
  "perplexity": 4047.1812222010167,
  "topic_diversity": {
    "unique_word_ratio": 1.0,
    "avg_pairwise_jaccard": 0.0
  },
  "topic_size_proxy": {
    "counts_estimated": [
      341944.44444444444,
      117627.77777777778,
      162432.22222222222,
      210115.55555555556
    ],
    "proportions": [
      0.41093164981546465,
      0.14135915225902249,
      0.1952028820629503,
      0.25250631586256256
    ],
    "entropy_bits": 1.887695454106874,
    "gini": 0.21650523161723467
  }
}