{
  "num_docs": 1978350,
  "num_topics": 15,
  "vocab_size": 24099,
  "engine": "lda_multicore",
  "coherence": {
    "c_v": 0.6322334397926151,
    "c_npmi": 0.006357766603400867,
    "u_mass": -2.667723254122113
  },
  "perplexity": 2598.489489842728,
  "topic_diversity": {
    "unique_word_ratio": 0.7022222222222222,
    "avg_pairwise_jaccard": 0.04704293152569015
  },
  "topic_size_proxy": {
    "counts_estimated": [
      227687.77777777778,
      177857.77777777778,
      171960.0,
      81190.0,
      201702.22222222222,
      107085.55555555556,
      107121.11111111111,
      203918.8888888889,
      109558.88888888889,
      162202.22222222222,
      98640.0,
      18702.222222222223,
      89691.11111111111,
      179152.22222222222,
      41880.0
    ],
    "proportions": [
      0.11508973527322151,
      0.08990207889290458,
      0.08692091894760785,
      0.041039249879950467,
      0.10195477151273648,
      0.05412872118460109,
      0.05414669351283196,
      0.10307523385088023,
      0.05537892126716147,
      0.08198863811874654,
      0.04985973159451058,
      0.009453444649441313,
      0.04533632123290172,
      0.09055638396755994,
      0.02116915611494427
    ],
    "entropy_bits": 3.736269066278264,
    "gini": 0.25732023225490025
  }
}