{
  "num_docs": 830137,
  "num_topics": 7,
  "vocab_size": 18764,
  "engine": "lda_multicore",
  "coherence": {
    "c_v": 0.5716786632900144,
    "c_npmi": 0.011039390213067058,
    "u_mass": -2.7858664042920105
  },
  "perplexity": 3283.9280365081613,
  "topic_diversity": {
    "unique_word_ratio": 0.9238095238095239,
    "avg_pairwise_jaccard": 0.01325357729298616
  },
  "topic_size_proxy": {
    "counts_estimated": [
      152014.5054843714,
      222527.86713165036,
      112378.93401354262,
      113948.9346439609,
      19791.119058039974,
      120666.71511919724,
      88808.92454923755
    ],
    "proportions": [
      0.1831197808125302,
      0.268061617698826,
      0.13537396118175987,
      0.13726521603537836,
      0.023840786590695235,
      0.14535759172184498,
      0.10698104595896525
    ],
    "entropy_bits": 2.619354717295418,
    "gini": 0.2556924553061735
  }
}