{
  "num_docs": 840350,
  "num_topics": 4,
  "vocab_size": 19171,
  "engine": "lda_multicore",
  "coherence": {
    "c_v": 0.6477055041863958,
    "c_npmi": 0.011685213211621175,
    "u_mass": -2.165399424778407
  },
  "perplexity": 2587.644741177162,
  "topic_diversity": {
    "unique_word_ratio": 0.7333333333333333,
    "avg_pairwise_jaccard": 0.1377763041556145
  },
  "topic_size_proxy": {
    "counts_estimated": [
      251788.8888888889,
      300897.7777777778,
      103936.66666666667,
      183726.6666666667
    ],
    "proportions": [
      0.29962383398451703,
      0.3580624475251714,
      0.12368259257055593,
      0.21863112591975567
    ],
    "entropy_bits": 1.9040160721396038,
    "gini": 0.19603306823215183
  }
}