{
  "num_docs": 830137,
  "num_topics": 10,
  "vocab_size": 18764,
  "engine": "lda_multicore",
  "coherence": {
    "c_v": 0.5767986120275854,
    "c_npmi": 0.012463376325412166,
    "u_mass": -2.8531607462592037
  },
  "perplexity": 3297.7819518175097,
  "topic_diversity": {
    "unique_word_ratio": 0.9,
    "avg_pairwise_jaccard": 0.011713191023535852
  },
  "topic_size_proxy": {
    "counts_estimated": [
      204570.08214310094,
      85857.81225313636,
      11254.448963557541,
      66308.9155145806,
      110744.48891280284,
      94334.48232352638,
      18518.89632496925,
      46782.241007170174,
      88035.59090537971,
      103730.04165177622
    ],
    "proportions": [
      0.2464293028055621,
      0.10342607575994849,
      0.013557339286837642,
      0.07987707512685327,
      0.13340507520180744,
      0.11363724580825377,
      0.022308241079447424,
      0.05635484384766631,
      0.10604947244295784,
      0.12495532864066558
    ],
    "entropy_bits": 3.03056119826229,
    "gini": 0.3320431843217248
  }
}