{
  "num_docs": 1978351,
  "num_topics": 9,
  "vocab_size": 23896,
  "engine": "lda_multicore",
  "coherence": {
    "c_v": 0.672273181643906,
    "c_npmi": 0.04107306259141249,
    "u_mass": -2.3632510646337446
  },
  "perplexity": 2136.4000795188617,
  "topic_diversity": {
    "unique_word_ratio": 0.7333333333333333,
    "avg_pairwise_jaccard": 0.06488370080324103
  },
  "topic_size_proxy": {
    "counts_estimated": [
      516650.2611519701,
      283550.14332650945,
      137985.62530335324,
      162720.08225036017,
      234466.78518293865,
      204720.10348017287,
      110030.05561705462,
      139464.51493977866,
      188763.4287478623
    ],
    "proportions": [
      0.26115197007607344,
      0.14332650946495815,
      0.06974779768774764,
      0.08225036014860869,
      0.11851627197748965,
      0.10348017287133215,
      0.05561705461622058,
      0.07049533421510068,
      0.09541452894246889
    ],
    "entropy_bits": 3.0002114263145128,
    "gini": 0.25781055231523214
  }
}