{
  "num_docs": 1816827,
  "num_topics": 7,
  "vocab_size": 23846,
  "engine": "lda_multicore",
  "coherence": {
    "c_v": 0.6171078853933883,
    "c_npmi": 0.019040570109610987,
    "u_mass": -2.9248795005172132
  },
  "perplexity": 3088.89235885514,
  "topic_diversity": {
    "unique_word_ratio": 0.9428571428571428,
    "avg_pairwise_jaccard": 0.009852216748768475
  },
  "topic_size_proxy": {
    "counts_estimated": [
      475982.3095507185,
      371632.2904056157,
      117148.91038220488,
      209543.37177826543,
      123270.02261635673,
      361850.06638864835,
      157400.02887819055
    ],
    "proportions": [
      0.26198548873982963,
      0.20455018028993163,
      0.06447994794342271,
      0.11533479620143545,
      0.06784907017363606,
      0.19916594501768647,
      0.0866345716340579
    ],
    "entropy_bits": 2.6217307485739876,
    "gini": 0.27955720457298305
  }
}