{
  "num_docs": 1816827,
  "num_topics": 17,
  "vocab_size": 23846,
  "engine": "lda_multicore",
  "coherence": {
    "c_v": 0.5707863506343317,
    "c_npmi": -0.0004185981360843203,
    "u_mass": -3.119808779122367
  },
  "perplexity": 3568.847019482621,
  "topic_diversity": {
    "unique_word_ratio": 0.8862745098039215,
    "avg_pairwise_jaccard": 0.008747464503042597
  },
  "topic_size_proxy": {
    "counts_estimated": [
      196884.48056684918,
      149332.24962021696,
      161500.02963041788,
      197040.0361509445,
      120736.68881823253,
      108893.35331200188,
      98958.90704488412,
      49838.89803283381,
      57978.89952628026,
      126838.91216002995,
      79438.90346354817,
      22424.448558659056,
      122270.02243288666,
      106684.46401784797,
      110484.46471503428,
      25334.449092556988,
      82187.79285677592
    ],
    "proportions": [
      0.10836721414138449,
      0.08219398413840004,
      0.08889125361436057,
      0.10845283351191086,
      0.06645469756792062,
      0.05993600563620084,
      0.05446798569422631,
      0.027431834749722345,
      0.03191217409598176,
      0.06981342316028435,
      0.043723977827029296,
      0.012342643828311146,
      0.06729865993453787,
      0.05872021057472614,
      0.060811769483299326,
      0.01394433762408693,
      0.04523699441761704
    ],
    "entropy_bits": 3.9142066051718665,
    "gini": 0.2643076443564172
  }
}