{
  "num_docs": 840344,
  "num_topics": 20,
  "vocab_size": 19169,
  "engine": "lda_multicore",
  "coherence": {
    "c_v": 0.5968263104463807,
    "c_npmi": 0.006266170154506695,
    "u_mass": -2.648230082766658
  },
  "perplexity": 2739.161203832667,
  "topic_diversity": {
    "unique_word_ratio": 0.68,
    "avg_pairwise_jaccard": 0.04693488035238212
  },
  "topic_size_proxy": {
    "counts_estimated": [
      86164.51280098478,
      44208.92396097362,
      67956.72057849371,
      47107.81514962799,
      31542.24724550415,
      36571.140123944046,
      6428.893989097049,
      46588.92584909078,
      58864.491143170315,
      71317.83435606345,
      31758.914084058233,
      15001.123011890642,
      63961.1618531579,
      32406.692375735314,
      11073.34211810252,
      63273.383529747756,
      26910.021348417114,
      29808.912537071486,
      43487.81227778593,
      25911.131667083162
    ],
    "proportions": [
      0.10253481050734554,
      0.05260812710148893,
      0.08086774056635582,
      0.05605777532728024,
      0.03753492289527164,
      0.04351924940731896,
      0.0076503122401029204,
      0.055440302839183456,
      0.07004808881026141,
      0.08486742852458452,
      0.037792754019851674,
      0.017851169297205243,
      0.07611307018692096,
      0.03856360297180121,
      0.013177153782382597,
      0.07529462164274126,
      0.03202262567284007,
      0.035472273898631376,
      0.05175001223045078,
      0.030833958077981352
    ],
    "entropy_bits": 4.132405408630837,
    "gini": 0.28054267501775076
  }
}