{
  "num_docs": 833064,
  "num_topics": 8,
  "vocab_size": 19121,
  "engine": "lda_multicore",
  "coherence": {
    "c_v": 0.5508034813189295,
    "c_npmi": 0.00014459447454086283,
    "u_mass": -3.050884583039331
  },
  "perplexity": 3890.776157321594,
  "topic_diversity": {
    "unique_word_ratio": 0.8916666666666667,
    "avg_pairwise_jaccard": 0.018824771287825472
  },
  "topic_size_proxy": {
    "counts_estimated": [
      252017.9794573442,
      132640.10614639145,
      87471.18111067987,
      85856.73537426126,
      92502.29624798436,
      93755.63058430933,
      8597.784658229268,
      80222.28642080034
    ],
    "proportions": [
      0.30251934960260457,
      0.15921958714623538,
      0.10499935312374542,
      0.10306139189097266,
      0.11103864318705926,
      0.11254313064099435,
      0.010320677232756746,
      0.09629786717563156
    ],
    "entropy_bits": 2.723179412204181,
    "gini": 0.29931047659441656
  }
}