{
  "num_docs": 840348,
  "num_topics": 3,
  "vocab_size": 19154,
  "engine": "lda_multicore",
  "coherence": {
    "c_v": 0.6147119410010092,
    "c_npmi": 0.007814252472947444,
    "u_mass": -2.2645683970301005
  },
  "perplexity": 2514.801306182891,
  "topic_diversity": {
    "unique_word_ratio": 0.8,
    "avg_pairwise_jaccard": 0.13095238095238096
  },
  "topic_size_proxy": {
    "counts_estimated": [
      347852.31420853536,
      316498.9725841021,
      175996.71320736257
    ],
    "proportions": [
      0.41393840909782054,
      0.376628459381235,
      0.20943313152094437
    ],
    "entropy_bits": 1.5296940393235563,
    "gini": 0.13633685171791754
  }
}