{
  "num_docs": 830137,
  "num_topics": 19,
  "vocab_size": 18764,
  "engine": "lda_multicore",
  "coherence": {
    "c_v": 0.540248527608109,
    "c_npmi": -0.0007210168587390177,
    "u_mass": -3.09073817556385
  },
  "perplexity": 3499.982542733711,
  "topic_diversity": {
    "unique_word_ratio": 0.8771929824561403,
    "avg_pairwise_jaccard": 0.007549205068866292
  },
  "topic_size_proxy": {
    "counts_estimated": [
      139807.833916236,
      16702.22892883769,
      72286.69569267711,
      62417.80284103153,
      24880.00999032288,
      39895.571575229245,
      13393.338711296534,
      55831.1335295527,
      47444.46349530131,
      50785.57594800321,
      72153.36230580507,
      60571.13543285376,
      28272.233574659058,
      30051.123177843543,
      35681.12543851548,
      7265.558472968976,
      37271.12607696457,
      12850.005159792967,
      22576.675732108368
    ],
    "proportions": [
      0.16841537471072365,
      0.020119846397447277,
      0.08707803132817488,
      0.07518976125751717,
      0.029970968635686494,
      0.04805902107149693,
      0.01613388960050755,
      0.06725532475910928,
      0.057152570594132424,
      0.06117734295423913,
      0.08691741520472533,
      0.07296522794774087,
      0.03405731050978219,
      0.036200197290138306,
      0.04298221310279566,
      0.008752240260305199,
      0.04489756037493157,
      0.015479378897450621,
      0.027196325103095473
    ],
    "entropy_bits": 3.947979540741962,
    "gini": 0.3517879145806822
  }
}