{
  "num_docs": 830137,
  "num_topics": 20,
  "vocab_size": 18764,
  "engine": "lda_multicore",
  "coherence": {
    "c_v": 0.5690490290144561,
    "c_npmi": -0.01194729228334347,
    "u_mass": -3.2102542298513113
  },
  "perplexity": 3543.468676100808,
  "topic_diversity": {
    "unique_word_ratio": 0.85,
    "avg_pairwise_jaccard": 0.009528130671506351
  },
  "topic_size_proxy": {
    "counts_estimated": [
      73813.36297236198,
      126601.16194656034,
      29383.345131926068,
      9933.337321967067,
      62116.691609012174,
      30356.67885609197,
      28294.4558058044,
      83986.70039069872,
      8528.892313581566,
      26416.677274023154,
      62568.91401281984,
      58991.13479842008,
      7475.558557292441,
      52978.91016204828,
      31490.01264450432,
      30414.456657069855,
      46335.574161148834,
      16168.895381349525,
      17851.118279051778,
      26431.121724267625
    ],
    "proportions": [
      0.08891708594167226,
      0.1525063476830455,
      0.03539577820519513,
      0.011965901196991662,
      0.07482703651206027,
      0.03656827590637687,
      0.03408407986369045,
      0.10117209616087311,
      0.010274078029989708,
      0.031822069458442584,
      0.07537179286409333,
      0.07106192688486368,
      0.009005210654738242,
      0.06381947818498426,
      0.03793351295569806,
      0.036637876226538336,
      0.05581677983411031,
      0.019477381903649067,
      0.021503821994504253,
      0.031839469538482955
    ],
    "entropy_bits": 3.9934181046186428,
    "gini": 0.3716301733449513
  }
}