{
  "num_docs": 1821451,
  "num_topics": 17,
  "vocab_size": 24035,
  "engine": "lda_multicore",
  "coherence": {
    "c_v": 0.5611298800076915,
    "c_npmi": -0.02142649615516015,
    "u_mass": -3.195893533703863
  },
  "perplexity": 3982.3050505034344,
  "topic_diversity": {
    "unique_word_ratio": 0.9098039215686274,
    "avg_pairwise_jaccard": 0.006467529540551854
  },
  "topic_size_proxy": {
    "counts_estimated": [
      208595.67007725834,
      194374.55115857022,
      145802.30226955935,
      155963.41895925405,
      79045.59895260491,
      101024.4999081928,
      116560.06399297262,
      68184.48187860099,
      18357.78785643916,
      19377.788416432573,
      135791.1856622166,
      110648.94963658378,
      110808.9497244259,
      102881.16759419387,
      74113.37402252783,
      95883.38597454409,
      84037.82391562278
    ],
    "proportions": [
      0.11452170279478197,
      0.106714125803313,
      0.08004733713372437,
      0.08562592074080175,
      0.04339704935933216,
      0.05546374835677315,
      0.06399297263169454,
      0.03743415654804933,
      0.010078661383940148,
      0.010638654795782361,
      0.07455110549897671,
      0.06074769490729304,
      0.060835537011111426,
      0.05648308276983235,
      0.04068919450620843,
      0.05264121075699764,
      0.046137845001387796
    ],
    "entropy_bits": 3.9143019265979286,
    "gini": 0.2581021333107986
  }
}