{
  "num_docs": 1978351,
  "num_topics": 11,
  "vocab_size": 23896,
  "engine": "lda_multicore",
  "coherence": {
    "c_v": 0.6348911698618798,
    "c_npmi": 0.02594750746406939,
    "u_mass": -2.564394871523206
  },
  "perplexity": 2283.2789369258758,
  "topic_diversity": {
    "unique_word_ratio": 0.7272727272727273,
    "avg_pairwise_jaccard": 0.053522492832837665
  },
  "topic_size_proxy": {
    "counts_estimated": [
      281584.5867774211,
      93151.15819636454,
      223200.11282129047,
      169632.3079665153,
      229117.89359033763,
      140282.29313091998,
      236439.00840206345,
      173772.3100591683,
      176944.53388485915,
      161246.74817229848,
      92980.0469987616
    ],
    "proportions": [
      0.142332976694945,
      0.04708525342386894,
      0.11282129046933051,
      0.08574429308374262,
      0.11581255984925709,
      0.07090869776441086,
      0.11951317455904611,
      0.08783694605212537,
      0.08944041471147392,
      0.08150563179754174,
      0.046998761594257844
    ],
    "entropy_bits": 3.3859795105023065,
    "gini": 0.1758948700490893
  }
}