{
  "num_docs": 1816827,
  "num_topics": 12,
  "vocab_size": 23846,
  "engine": "lda_multicore",
  "coherence": {
    "c_v": 0.5540434966276516,
    "c_npmi": 0.005847934057672373,
    "u_mass": -3.0373378864359704
  },
  "perplexity": 3303.709382617108,
  "topic_diversity": {
    "unique_word_ratio": 0.9277777777777778,
    "avg_pairwise_jaccard": 0.006945481083412117
  },
  "topic_size_proxy": {
    "counts_estimated": [
      268698.93818709545,
      222031.15184717678,
      186833.3676116599,
      145493.3600270068,
      43158.89680725367,
      124290.02280349622,
      141484.47040260676,
      144167.80422825148,
      170731.1424351617,
      77844.45872657088,
      183452.25588021608,
      108641.13104350443
    ],
    "proportions": [
      0.1478946196787561,
      0.12220819695390742,
      0.10283497967151516,
      0.08008102038719525,
      0.023755094352546316,
      0.06841048861751625,
      0.07787448689534378,
      0.07935142103692397,
      0.09397215168816936,
      0.042846379279133824,
      0.1009739814964309,
      0.059797179942561625
    ],
    "entropy_bits": 3.4696579862918435,
    "gini": 0.21607464949060562
  }
}