{
  "num_docs": 1978351,
  "num_topics": 18,
  "vocab_size": 24190,
  "engine": "lda_multicore",
  "coherence": {
    "c_v": 0.6089672263743142,
    "c_npmi": 0.004106298328158073,
    "u_mass": -2.82179184771245
  },
  "perplexity": 2586.489759219773,
  "topic_diversity": {
    "unique_word_ratio": 0.7111111111111111,
    "avg_pairwise_jaccard": 0.04412331589478311
  },
  "topic_size_proxy": {
    "counts_estimated": [
      274600.13880253746,
      213448.99678126833,
      226225.66990617884,
      213172.3299747545,
      109843.38885603323,
      39351.131001985385,
      37218.9077019851,
      61447.80883789241,
      127067.84200694744,
      63305.587554724334,
      53528.91594622904,
      33410.01688781055,
      131864.5110981935,
      42251.1324678534,
      79361.15122590936,
      120707.83879214722,
      42458.91035065697,
      109086.72180689295
    ],
    "proportions": [
      0.1388025374680921,
      0.10789237945201248,
      0.1143506232747267,
      0.10775253227296598,
      0.05552269989300848,
      0.019890874269523146,
      0.01881309621092774,
      0.031060114629755997,
      0.06422916965035398,
      0.03199916877981932,
      0.027057340151585355,
      0.016887810549195036,
      0.06665374905575072,
      0.02135674229085405,
      0.040114798246574726,
      0.06101436943805584,
      0.02146176808395324,
      0.05514022628284513
    ],
    "entropy_bits": 3.86784484646082,
    "gini": 0.3612380250782622
  }
}