{
  "num_docs": 830137,
  "num_topics": 12,
  "vocab_size": 18764,
  "engine": "lda_multicore",
  "coherence": {
    "c_v": 0.599292079050762,
    "c_npmi": 0.024342217637795132,
    "u_mass": -2.8548511844596063
  },
  "perplexity": 3267.1274715202035,
  "topic_diversity": {
    "unique_word_ratio": 0.9166666666666666,
    "avg_pairwise_jaccard": 0.009441707717569785
  },
  "topic_size_proxy": {
    "counts_estimated": [
      185777.852375044,
      42383.35035195008,
      11277.782306260147,
      71488.9175945594,
      56462.24489408036,
      81024.47697902487,
      56062.244733464235,
      84338.92275435236,
      66598.9156310273,
      83455.58906632509,
      48274.46382857977,
      42992.2394853324
    ],
    "proportions": [
      0.2237917986730431,
      0.05105585024152649,
      0.013585447108441314,
      0.0861170115228684,
      0.06801557441010382,
      0.0976037412849022,
      0.06753372603975516,
      0.10159639042031901,
      0.08022641519535606,
      0.10053230860246573,
      0.058152405962605895,
      0.05178933053861278
    ],
    "entropy_bits": 3.365590308140293,
    "gini": 0.2811294124260663
  }
}