{
  "num_docs": 1978351,
  "num_topics": 20,
  "vocab_size": 23896,
  "engine": "lda_multicore",
  "coherence": {
    "c_v": 0.6071424999751341,
    "c_npmi": 0.007838823076406242,
    "u_mass": -2.862929579747623
  },
  "perplexity": 2349.447039200269,
  "topic_diversity": {
    "unique_word_ratio": 0.7133333333333334,
    "avg_pairwise_jaccard": 0.03624507776957868
  },
  "topic_size_proxy": {
    "counts_estimated": [
      244263.4568015434,
      32483.34975274008,
      138368.95883045075,
      36922.24088536182,
      143963.4061027287,
      83303.37544081347,
      121102.28343597217,
      176846.75605765748,
      69425.59064821134,
      103647.83016879948,
      102050.0515833902,
      29883.348438513578,
      103608.94126025336,
      43685.577637368966,
      107033.38743565766,
      44884.467132262296,
      53651.13823023114,
      116062.28088839466,
      169782.30804233608,
      57382.25122731345
    ],
    "proportions": [
      0.12346821004035351,
      0.016419406744677803,
      0.0699415618514868,
      0.018663139597251355,
      0.07276939537156385,
      0.04210748013917322,
      0.06121374995436713,
      0.08939099080883901,
      0.03509265577655903,
      0.05239102169877816,
      0.05158339019890313,
      0.015105180242794922,
      0.052371364464775645,
      0.022081813407918496,
      0.05410232432751198,
      0.02268781785045338,
      0.027119120029878995,
      0.05866617242764032,
      0.08582011384346665,
      0.029005091223606654
    ],
    "entropy_bits": 4.104904163993587,
    "gini": 0.3063332518962212
  }
}