{
  "num_docs": 840351,
  "num_topics": 16,
  "vocab_size": 18814,
  "engine": "lda_multicore",
  "coherence": {
    "c_v": 0.6057221053079341,
    "c_npmi": 0.023873187356133443,
    "u_mass": -2.51939265930857
  },
  "perplexity": 2390.739976835561,
  "topic_diversity": {
    "unique_word_ratio": 0.7083333333333334,
    "avg_pairwise_jaccard": 0.04779391744908986
  },
  "topic_size_proxy": {
    "counts_estimated": [
      61296.73960849646,
      112274.57804882886,
      82464.54257551416,
      84497.87832847424,
      9628.900347077606,
      88336.77178556554,
      61736.74013208782,
      36323.3765573868,
      34822.26365998294,
      44735.6087899883,
      30953.37016719224,
      51892.28397294778,
      9870.011745106205,
      27301.143598897284,
      34917.81932924773,
      69298.971353206
    ],
    "proportions": [
      0.07294182979314175,
      0.13360438441654604,
      0.0981310697262384,
      0.10055069646906382,
      0.011458188717663938,
      0.10511889887150197,
      0.0734654211538843,
      0.04322405346978442,
      0.04143776072139255,
      0.05323443274297086,
      0.03683385890799469,
      0.061750725557472755,
      0.011745106205747606,
      0.03248778617375036,
      0.041551469956301275,
      0.08246431711654535
    ],
    "entropy_bits": 3.7760700034684223,
    "gini": 0.30567777645557725
  }
}