{
  "num_docs": 830137,
  "num_topics": 16,
  "vocab_size": 18764,
  "engine": "lda_multicore",
  "coherence": {
    "c_v": 0.5690117365124563,
    "c_npmi": 0.00898027615357499,
    "u_mass": -2.987017579311249
  },
  "perplexity": 3437.604529083327,
  "topic_diversity": {
    "unique_word_ratio": 0.8833333333333333,
    "avg_pairwise_jaccard": 0.009564860426929393
  },
  "topic_size_proxy": {
    "counts_estimated": [
      138636.7223348766,
      64001.13681013702,
      56985.57843755312,
      73755.5851713841,
      9931.115098852531,
      22718.898011438545,
      32730.013142414304,
      26242.23275953223,
      73822.25186482012,
      68282.24964028681,
      26817.788546196545,
      41591.1278116187,
      37873.34854100329,
      66063.35986042459,
      46808.90768454458,
      43876.68428491694
    ],
    "proportions": [
      0.16700462975975844,
      0.07709707772348061,
      0.06864599269464332,
      0.08884748562151078,
      0.011963224261600834,
      0.02736764896810833,
      0.0394272429037789,
      0.031611930030262754,
      0.08892779368323557,
      0.08225419375390666,
      0.03230525629648666,
      0.05010152277469707,
      0.04562300986584538,
      0.07958127376616703,
      0.05638696707235623,
      0.05285475082416148
    ],
    "entropy_bits": 3.7869393621409273,
    "gini": 0.29391554335765335
  }
}