{
  "num_docs": 840351,
  "num_topics": 19,
  "vocab_size": 18814,
  "engine": "lda_multicore",
  "coherence": {
    "c_v": 0.6117777712667349,
    "c_npmi": 0.028103387119961555,
    "u_mass": -2.577834925631706
  },
  "perplexity": 2346.5427461863064,
  "topic_diversity": {
    "unique_word_ratio": 0.6631578947368421,
    "avg_pairwise_jaccard": 0.04959553939800658
  },
  "topic_size_proxy": {
    "counts_estimated": [
      102011.23250233037,
      44165.60811169949,
      51157.83865452887,
      32136.704908669006,
      94567.89031157653,
      42130.05013387279,
      35653.37576009996,
      62563.407782471586,
      43393.38497054799,
      24858.91847047857,
      26064.475460621565,
      31782.26004244263,
      37146.71087047063,
      32121.149334602644,
      42932.27331072371,
      54087.842141171335,
      68933.41536264651,
      8956.677324924138,
      5687.784546121656
    ],
    "proportions": [
      0.12139121926710432,
      0.0525561439347362,
      0.060876751089162594,
      0.03824200234029472,
      0.11253379874787624,
      0.05013387279109895,
      0.04242676662501736,
      0.07444913825588545,
      0.051637214652624906,
      0.029581589681548035,
      0.03101617712196638,
      0.03782022041080767,
      0.04420380397056782,
      0.0382234915346119,
      0.05108850148416996,
      0.06436339355956183,
      0.08202931318299915,
      0.010658257472085044,
      0.006768343877881572
    ],
    "entropy_bits": 4.034648863534984,
    "gini": 0.29114936445653905
  }
}