{
  "num_docs": 840351,
  "num_topics": 8,
  "vocab_size": 18814,
  "engine": "lda_multicore",
  "coherence": {
    "c_v": 0.6181937864632641,
    "c_npmi": 0.0074359169720200225,
    "u_mass": -2.2825655601340955
  },
  "perplexity": 2338.7143892289173,
  "topic_diversity": {
    "unique_word_ratio": 0.725,
    "avg_pairwise_jaccard": 0.0766485772027644
  },
  "topic_size_proxy": {
    "counts_estimated": [
      138981.2764959045,
      232243.60969833998,
      74060.08812994586,
      92907.88833620911,
      128382.37499454591,
      10594.457051625315,
      114146.80249895876,
      49034.50279447056
    ],
    "proportions": [
      0.16538479337313156,
      0.27636500664405705,
      0.08812994585589337,
      0.11055843134143842,
      0.15277232370110336,
      0.012607180870404527,
      0.13583229210051367,
      0.05835002611345802
    ],
    "entropy_bits": 2.7262321223298644,
    "gini": 0.3250849513760802
  }
}