{
  "num_docs": 1978351,
  "num_topics": 10,
  "vocab_size": 23896,
  "engine": "lda_multicore",
  "coherence": {
    "c_v": 0.6582740801267661,
    "c_npmi": 0.024718559605941475,
    "u_mass": -2.478011953155579
  },
  "perplexity": 2257.5833524489876,
  "topic_diversity": {
    "unique_word_ratio": 0.7466666666666667,
    "avg_pairwise_jaccard": 0.05627384110142731
  },
  "topic_size_proxy": {
    "counts_estimated": [
      346797.953074251,
      308820.1560997801,
      282549.03170936496,
      187071.20567026956,
      232521.22864395977,
      113713.39081220883,
      176562.3114694344,
      162988.97127516477,
      52465.58207541077,
      114861.16917015583
    ],
    "proportions": [
      0.17529647321140232,
      0.1560997801197968,
      0.14282047609820753,
      0.09455915844573058,
      0.11753284864210636,
      0.057478875493888006,
      0.089247212182992,
      0.0823862758808547,
      0.026519855210430692,
      0.05805904471459101
    ],
    "entropy_bits": 3.166404497000534,
    "gini": 0.25638947158546815
  }
}