{
  "num_docs": 830137,
  "num_topics": 5,
  "vocab_size": 18764,
  "engine": "lda_multicore",
  "coherence": {
    "c_v": 0.5180544684511345,
    "c_npmi": 0.00905539807808394,
    "u_mass": -2.8476993441407057
  },
  "perplexity": 3162.099014564229,
  "topic_diversity": {
    "unique_word_ratio": 0.92,
    "avg_pairwise_jaccard": 0.020935960591133004
  },
  "topic_size_proxy": {
    "counts_estimated": [
      235301.20559399188,
      241817.8748773629,
      173114.5139568719,
      117092.26923946927,
      62811.13633230405
    ],
    "proportions": [
      0.2834486423252931,
      0.29129875535889,
      0.20853728234842187,
      0.14105174114570157,
      0.07566357882169333
    ],
    "entropy_bits": 2.185886967756549,
    "gini": 0.22946690170159395
  }
}