{
  "num_docs": 840350,
  "num_topics": 5,
  "vocab_size": 19157,
  "engine": "lda_multicore",
  "coherence": {
    "c_v": 0.6474200546364763,
    "c_npmi": 0.023333840399153025,
    "u_mass": -2.2826387338999865
  },
  "perplexity": 2514.8163714395278,
  "topic_diversity": {
    "unique_word_ratio": 0.76,
    "avg_pairwise_jaccard": 0.09988800471559092
  },
  "topic_size_proxy": {
    "counts_estimated": [
      299738.8888888889,
      160932.22222222222,
      130362.22222222223,
      181312.22222222222,
      68004.44444444445
    ],
    "proportions": [
      0.3566833925018014,
      0.19150618459239863,
      0.15512848482444483,
      0.2157579844377012,
      0.08092395364365376
    ],
    "entropy_bits": 2.1751027359847344,
    "gini": 0.2448593509318208
  }
}