{
  "num_docs": 833036,
  "num_topics": 13,
  "vocab_size": 19118,
  "engine": "lda_multicore",
  "coherence": {
    "c_v": 0.552913037072909,
    "c_npmi": -0.004244995380832478,
    "u_mass": -3.188419747180123
  },
  "perplexity": 3975.4421743677367,
  "topic_diversity": {
    "unique_word_ratio": 0.8615384615384616,
    "avg_pairwise_jaccard": 0.013620479137720517
  },
  "topic_size_proxy": {
    "counts_estimated": [
      115916.72851098793,
      88263.38042393816,
      55092.25161524385,
      112723.39347393469,
      18666.676625780947,
      61278.92158264553,
      81360.04340751095,
      70942.26007159892,
      72912.26112264115,
      45695.57993523019,
      54434.47348652585,
      24895.56883793142,
      30854.46090603042
    ],
    "proportions": [
      0.1391497228342928,
      0.10595386084627574,
      0.0661342986560531,
      0.13531635304348755,
      0.022408007127880363,
      0.07356095244700774,
      0.09766689963880426,
      0.08516109756553009,
      0.08752594260349031,
      0.05485426792507189,
      0.06534468316678493,
      0.029885345696862343,
      0.03703856844845892
    ],
    "entropy_bits": 3.5407789450447265,
    "gini": 0.260783648228762
  }
}