{
  "num_docs": 833036,
  "num_topics": 13,
  "vocab_size": 19118,
  "engine": "lda_multicore",
  "coherence": {
    "c_v": 0.5809342432877925,
    "c_npmi": 0.004107207042452553,
    "u_mass": -3.082125111539296
  },
  "perplexity": 3679.417497204972,
  "topic_diversity": {
    "unique_word_ratio": 0.8923076923076924,
    "avg_pairwise_jaccard": 0.010838140148484974
  },
  "topic_size_proxy": {
    "counts_estimated": [
      116743.39561870108,
      92846.71620258973,
      54946.69598203091,
      118472.28542999366,
      19116.676865866735,
      66670.03557004369,
      80052.26493200236,
      71641.14933336178,
      74604.48424770452,
      44402.24591187251,
      51271.13846547833,
      11470.006119520041,
      30798.905320834645
    ],
    "proportions": [
      0.14014207743567036,
      0.11145582688213923,
      0.06595956955285356,
      0.14221748571489548,
      0.02294820015685605,
      0.08003259831513128,
      0.09609700532990456,
      0.08600006402287752,
      0.08955733515442853,
      0.05330171314549733,
      0.06154732624457807,
      0.013768920094113632,
      0.03697187795105451
    ],
    "entropy_bits": 3.500465330834577,
    "gini": 0.28600660995169985
  }
}