{
  "num_docs": 1816827,
  "num_topics": 15,
  "vocab_size": 23846,
  "engine": "lda_multicore",
  "coherence": {
    "c_v": 0.5779095422103087,
    "c_npmi": -0.008693167214826486,
    "u_mass": -3.137547694731714
  },
  "perplexity": 3507.7236203751118,
  "topic_diversity": {
    "unique_word_ratio": 0.9022222222222223,
    "avg_pairwise_jaccard": 0.008080261282231724
  },
  "topic_size_proxy": {
    "counts_estimated": [
      236117.8210983253,
      161147.80734357343,
      229994.4866415435,
      138650.02543812655,
      155424.47296017967,
      28933.338641734306,
      150536.6942856409,
      94450.01732874903,
      111578.90936027654,
      105534.46380685738,
      122253.35576316215,
      64578.90073718278,
      29217.783138365798,
      62674.45594332977,
      125734.467512953
    ],
    "proportions": [
      0.12996164252200418,
      0.08869738689681154,
      0.12659129715792616,
      0.07631437965096652,
      0.0855472056283728,
      0.015925202917908148,
      0.08285692269304722,
      0.05198624708282574,
      0.061414162911645705,
      0.058087238799763206,
      0.06728948643055291,
      0.035544881674029936,
      0.016081764052584973,
      0.03449665595201402,
      0.069205525629547
    ],
    "entropy_bits": 3.720198705150708,
    "gini": 0.2758910530204068
  }
}