{
  "num_docs": 840351,
  "num_topics": 18,
  "vocab_size": 18814,
  "engine": "lda_multicore",
  "coherence": {
    "c_v": 0.5985462521152027,
    "c_npmi": 0.006170469825995754,
    "u_mass": -2.6836408743975886
  },
  "perplexity": 2366.9121828237353,
  "topic_diversity": {
    "unique_word_ratio": 0.7333333333333333,
    "avg_pairwise_jaccard": 0.036871815235574534
  },
  "topic_size_proxy": {
    "counts_estimated": [
      30728.925455663313,
      68344.52577299142,
      70722.30638027805,
      56726.73417028619,
      78145.6485472323,
      10925.568556752147,
      77387.86986771385,
      27034.47661490252,
      17358.90954562583,
      59748.95998889351,
      48748.9468991095,
      45190.053775212706,
      28643.367418337595,
      49331.16981416473,
      39153.37992503124,
      36284.4876222209,
      65566.74468971262,
      30308.92495587156
    ],
    "proportions": [
      0.036566774425999746,
      0.08132854696786393,
      0.08415805583652314,
      0.0675036195236112,
      0.09299167674844476,
      0.013001196591367354,
      0.09208993607161037,
      0.03217045807633063,
      0.02065673694161824,
      0.07110000462770141,
      0.05801022060913773,
      0.0537752127089903,
      0.03408500426409631,
      0.058703053621837455,
      0.04659169790365126,
      0.04317777645557737,
      0.0780230459530751,
      0.036066982672563676
    ],
    "entropy_bits": 4.0284429041375915,
    "gini": 0.24491052008752956
  }
}