{
  "num_docs": 832402,
  "num_topics": 14,
  "vocab_size": 19100,
  "engine": "lda_multicore",
  "coherence": {
    "c_v": 0.5949034349927341,
    "c_npmi": 0.004250565818943959,
    "u_mass": -2.9050982641518104
  },
  "perplexity": 3684.886609837157,
  "topic_diversity": {
    "unique_word_ratio": 0.8571428571428571,
    "avg_pairwise_jaccard": 0.01304606723325935
  },
  "topic_size_proxy": {
    "counts_estimated": [
      175255.74270417175,
      79493.41822118343,
      59184.50764521912,
      81927.86526527676,
      42297.82294593552,
      51758.944160200546,
      30253.365639695607,
      47990.05124666126,
      46595.605313143635,
      44737.825551516966,
      70120.07487843068,
      3871.1152449206515,
      68628.96217501978,
      30286.699008624317
    ],
    "proportions": [
      0.2105421932001266,
      0.09549883135934734,
      0.07110087150826058,
      0.09842343635079778,
      0.05081417745985176,
      0.062180225612385065,
      0.036344657556920346,
      0.0576524939232021,
      0.055977286591266766,
      0.05374545658409875,
      0.0842382345049996,
      0.004650535732639581,
      0.08244689726240421,
      0.03638470235369968
    ],
    "entropy_bits": 3.5429625091066854,
    "gini": 0.30848995457203837
  }
}