{
  "num_docs": 840351,
  "num_topics": 20,
  "vocab_size": 18814,
  "engine": "lda_multicore",
  "coherence": {
    "c_v": 0.6119627493303759,
    "c_npmi": 0.020076130431329976,
    "u_mass": -2.5767648457590884
  },
  "perplexity": 2331.915495083144,
  "topic_diversity": {
    "unique_word_ratio": 0.6633333333333333,
    "avg_pairwise_jaccard": 0.050102968565842385
  },
  "topic_size_proxy": {
    "counts_estimated": [
      78408.98219392714,
      52066.72862497769,
      29142.256900894467,
      54717.84289085896,
      62791.18583130045,
      61915.629233850974,
      66798.96837825509,
      39240.046694829536,
      42913.38439935741,
      26288.92017215049,
      40360.04802760754,
      27281.143575097678,
      28420.03381924198,
      47676.723400963885,
      40461.15925903889,
      8672.23254199639,
      27122.25449713413,
      7655.564665516352,
      66156.74539180103,
      32261.149501199896
    ],
    "proportions": [
      0.09330503824464674,
      0.06195831102120149,
      0.03467867224635238,
      0.06511308118971593,
      0.07472018933909813,
      0.07367829541923669,
      0.07948936620323542,
      0.04669482953531267,
      0.051066024077269394,
      0.03128326160396131,
      0.04802760754447551,
      0.03246398656644388,
      0.033819241982507284,
      0.056734297217429244,
      0.04814792778141382,
      0.01031977416817067,
      0.03227491190839796,
      0.009109960796757964,
      0.07872513436861624,
      0.038390088785757254
    ],
    "entropy_bits": 4.162520591553399,
    "gini": 0.2534960300932812
  }
}