{
  "num_docs": 833092,
  "num_topics": 10,
  "vocab_size": 19096,
  "engine": "lda_multicore",
  "coherence": {
    "c_v": 0.579738017626952,
    "c_npmi": -0.009763650930286086,
    "u_mass": -3.040096201316758
  },
  "perplexity": 3889.5346269145875,
  "topic_diversity": {
    "unique_word_ratio": 0.92,
    "avg_pairwise_jaccard": 0.01083743842364532
  },
  "topic_size_proxy": {
    "counts_estimated": [
      174659.07524587147,
      106149.00214729083,
      90524.54103192662,
      79282.3068145141,
      77433.41595290366,
      93185.65498238156,
      4182.226684556312,
      92113.4316161231,
      46332.27165762849,
      69230.07386680396
    ],
    "proportions": [
      0.2096516053999696,
      0.1274157021640957,
      0.10866091744000257,
      0.09516632834610596,
      0.0929470165994916,
      0.11185517923876542,
      0.005020125849913709,
      0.11056813847224928,
      0.05561483204451428,
      0.083100154444892
    ],
    "entropy_bits": 3.1139055780499882,
    "gini": 0.2554422485469109
  }
}