{
  "num_docs": 840349,
  "num_topics": 11,
  "vocab_size": 19160,
  "engine": "lda_multicore",
  "coherence": {
    "c_v": 0.6078465669218488,
    "c_npmi": 0.013092617882224862,
    "u_mass": -2.4835392548665074
  },
  "perplexity": 2788.0049958438617,
  "topic_diversity": {
    "unique_word_ratio": 0.696969696969697,
    "avg_pairwise_jaccard": 0.07104772622014002
  },
  "topic_size_proxy": {
    "counts_estimated": [
      76430.01010559106,
      28582.226001369803,
      110046.68121706064,
      99557.7909413286,
      87898.90051089891,
      49046.673151627496,
      56746.674169723156,
      102972.23583723162,
      89891.12299653319,
      71995.56507482342,
      67181.1199938121
    ],
    "proportions": [
      0.09095031957626067,
      0.034012328212885135,
      0.13095354574951676,
      0.11847195741451302,
      0.10459809021120858,
      0.05836464748768369,
      0.06752750841581671,
      0.1225350846341599,
      0.10696879867356682,
      0.08567341077912086,
      0.07994430884526799
    ],
    "entropy_bits": 3.3827860453636616,
    "gini": 0.17585360770069755
  }
}