{
  "num_docs": 1978350,
  "num_topics": 20,
  "vocab_size": 24148,
  "engine": "lda_multicore",
  "coherence": {
    "c_v": 0.6178386194432675,
    "c_npmi": -0.009886130330736537,
    "u_mass": -2.9616731656860646
  },
  "perplexity": 2675.375644323269,
  "topic_diversity": {
    "unique_word_ratio": 0.72,
    "avg_pairwise_jaccard": 0.03570451327257135
  },
  "topic_size_proxy": {
    "counts_estimated": [
      322794.44444444444,
      150023.33333333334,
      93994.44444444445,
      56093.333333333336,
      100956.66666666667,
      123640.0,
      10495.555555555557,
      33183.333333333336,
      68745.55555555556,
      184315.55555555556,
      134604.44444444444,
      89990.0,
      109612.22222222223,
      37516.66666666667,
      63391.11111111112,
      112226.66666666667,
      105366.66666666667,
      68215.55555555556,
      59772.222222222226,
      53412.222222222226
    ],
    "proportions": [
      0.16316346674978868,
      0.07583255406441396,
      0.04751153458409506,
      0.02835359432523736,
      0.05103074110580366,
      0.06249652488184598,
      0.005305206639652012,
      0.016773236956723198,
      0.034748934999143506,
      0.09316630300783763,
      0.06803874160004268,
      0.04548740111709253,
      0.05540587975950779,
      0.018963614459861333,
      0.03204241469462487,
      0.056727407519734464,
      0.05325987144168962,
      0.034481034981452,
      0.03021316866187592,
      0.026998368449577793
    ],
    "entropy_bits": 4.0453487236981065,
    "gini": 0.3303528192685824
  }
}