{
  "num_docs": 830137,
  "num_topics": 15,
  "vocab_size": 18764,
  "engine": "lda_multicore",
  "coherence": {
    "c_v": 0.6057433798422382,
    "c_npmi": 0.016366613051168922,
    "u_mass": -2.8189573929975795
  },
  "perplexity": 3335.858484603214,
  "topic_diversity": {
    "unique_word_ratio": 0.8666666666666667,
    "avg_pairwise_jaccard": 0.011637605233664347
  },
  "topic_size_proxy": {
    "counts_estimated": [
      149633.39341714818,
      98052.26159414179,
      80828.92134494588,
      30173.345449142915,
      41635.57227390938,
      56824.46726174941,
      50078.90899758139,
      45602.24053335261,
      7008.891703240297,
      70947.80626617036,
      29302.233988245578,
      67614.47159436933,
      52161.13205589977,
      7173.336213715814,
      43100.0173063873
    ],
    "proportions": [
      0.18025144454126024,
      0.11811575871710546,
      0.09736817097050952,
      0.03634742873663373,
      0.050155061482513585,
      0.06845191487880843,
      0.06032607749995649,
      0.054933391155137776,
      0.008443054222664809,
      0.08546517775520228,
      0.03529807006342998,
      0.08144977466896346,
      0.06283436596116034,
      0.008641147441585922,
      0.05191916190506783
    ],
    "entropy_bits": 3.6243438709372384,
    "gini": 0.3334904694407747
  }
}