{
  "num_docs": 840343,
  "num_topics": 8,
  "vocab_size": 19171,
  "engine": "lda_multicore",
  "coherence": {
    "c_v": 0.6024473025084227,
    "c_npmi": -0.0022437019259702266,
    "u_mass": -2.432683463901511
  },
  "perplexity": 2669.419140983162,
  "topic_diversity": {
    "unique_word_ratio": 0.7,
    "avg_pairwise_jaccard": 0.10597097448136218
  },
  "topic_size_proxy": {
    "counts_estimated": [
      254034.67956573245,
      129185.67512309799,
      76371.1817963052,
      69221.17517863092,
      127114.56209507237,
      85765.63493576691,
      12014.455564399688,
      86635.6357409944
    ],
    "proportions": [
      0.30229879890203465,
      0.15372969742485867,
      0.09088096384012863,
      0.08237252547903764,
      0.15126509305732586,
      0.10206027174114252,
      0.014297085314448612,
      0.10309556424102351
    ],
    "entropy_bits": 2.721941611391446,
    "gini": 0.31937319187421
  }
}