{
  "num_docs": 1978351,
  "num_topics": 17,
  "vocab_size": 23896,
  "engine": "lda_multicore",
  "coherence": {
    "c_v": 0.6170529729944692,
    "c_npmi": 0.024957076941117668,
    "u_mass": -2.686878283948686
  },
  "perplexity": 2311.805651279133,
  "topic_diversity": {
    "unique_word_ratio": 0.7058823529411765,
    "avg_pairwise_jaccard": 0.04395279331891908
  },
  "topic_size_proxy": {
    "counts_estimated": [
      230176.78301446492,
      95325.60373992918,
      60990.030828720905,
      143384.51692122786,
      65555.58869203573,
      138396.7366222694,
      164008.97179074594,
      118396.72651283478,
      156697.85698407484,
      123491.17353237687,
      55528.91695717251,
      102035.6071316445,
      137747.84740538552,
      161256.74817735318,
      41896.68784424731,
      108357.83254957134,
      75103.37129594528
    ],
    "proportions": [
      0.1163477982493829,
      0.04818437362223851,
      0.030828720903783455,
      0.07247678340255488,
      0.03313648017567951,
      0.06995560273291716,
      0.08290185704697799,
      0.05984616810304884,
      0.0792062970545039,
      0.062421265757379184,
      0.02806828361457219,
      0.05157608894055934,
      0.06962760774270366,
      0.08151068651485666,
      0.021177580643802495,
      0.05477179355411216,
      0.037962611940927204
    ],
    "entropy_bits": 3.9671205165662853,
    "gini": 0.22667770775507612
  }
}