{
  "num_docs": 830137,
  "num_topics": 13,
  "vocab_size": 18764,
  "engine": "lda_multicore",
  "coherence": {
    "c_v": 0.5921340749345355,
    "c_npmi": 0.016135796907106807,
    "u_mass": -2.915134413844481
  },
  "perplexity": 3578.0259715844836,
  "topic_diversity": {
    "unique_word_ratio": 0.882051282051282,
    "avg_pairwise_jaccard": 0.010262725779967159
  },
  "topic_size_proxy": {
    "counts_estimated": [
      110193.37758039842,
      108267.82125165468,
      124810.05011624593,
      74513.3632534402,
      39521.126980430265,
      37424.45947186742,
      9575.559400527089,
      59148.91263955199,
      30030.01205825547,
      86114.47902286505,
      64060.02572267217,
      43808.90647992366,
      42668.90602216771
    ],
    "proportions": [
      0.13274119522488267,
      0.13042163070873203,
      0.15034873775803984,
      0.08976032058978241,
      0.04760795745814277,
      0.04508226891689856,
      0.011534914599068694,
      0.07125198929761231,
      0.03617476640392546,
      0.10373526179758889,
      0.07716801651133749,
      0.0527731042947413,
      0.05139983643924763
    ],
    "entropy_bits": 3.4912735928121514,
    "gini": 0.29639543442491545
  }
}