{
  "num_docs": 840351,
  "num_topics": 13,
  "vocab_size": 19168,
  "engine": "lda_multicore",
  "coherence": {
    "c_v": 0.6426317988455719,
    "c_npmi": 0.0366684230553982,
    "u_mass": -2.4796604971702227
  },
  "perplexity": 2773.2148971229517,
  "topic_diversity": {
    "unique_word_ratio": 0.7128205128205128,
    "avg_pairwise_jaccard": 0.056454519053988544
  },
  "topic_size_proxy": {
    "counts_estimated": [
      177596.87800321294,
      74070.08814184566,
      101237.89824874557,
      51973.39518057952,
      4046.671482120545,
      39854.4918704508,
      41033.38216219432,
      48880.058166240255,
      39850.04742071756,
      56684.51189782035,
      70458.97273358323,
      54550.06491342893,
      80114.53977906032
    ],
    "proportions": [
      0.2113365462803197,
      0.08814184565954661,
      0.12047096778458712,
      0.06184724618710458,
      0.004815453878344341,
      0.04742600635978395,
      0.04882886099046032,
      0.058166240257035755,
      0.04742071755816029,
      0.06745337590818641,
      0.08384469434032116,
      0.06491342892842268,
      0.09533461586772708
    ],
    "entropy_bits": 3.4461354458008513,
    "gini": 0.3032175746877954
  }
}