{
  "num_docs": 1978350,
  "num_topics": 20,
  "vocab_size": 24148,
  "engine": "lda_multicore",
  "coherence": {
    "c_v": 0.6098065106435677,
    "c_npmi": -0.014964564825854839,
    "u_mass": -2.998312092163663
  },
  "perplexity": 3019.730579472653,
  "topic_diversity": {
    "unique_word_ratio": 0.73,
    "avg_pairwise_jaccard": 0.03301631621050859
  },
  "topic_size_proxy": {
    "counts_estimated": [
      316634.44444444444,
      156132.22222222222,
      95475.55555555556,
      52093.333333333336,
      104388.88888888889,
      124874.44444444445,
      11316.666666666668,
      33586.66666666667,
      76690.0,
      175640.0,
      132950.0,
      86353.33333333334,
      110808.88888888889,
      34177.77777777778,
      67364.44444444445,
      111982.22222222223,
      107827.77777777778,
      66683.33333333334,
      58113.333333333336,
      55256.66666666667
    ],
    "proportions": [
      0.16004976088378925,
      0.0789204247085815,
      0.04826019438196252,
      0.026331707399263698,
      0.052765632415340505,
      0.06312050165261175,
      0.005720255094733828,
      0.01697711055509221,
      0.03876462708823009,
      0.08878105491950362,
      0.06720246670204968,
      0.04364916892022814,
      0.056010760931528236,
      0.01727590051193054,
      0.03405082237442538,
      0.05660384776314718,
      0.05450389353642064,
      0.03370653996175264,
      0.029374647222854062,
      0.027930682976554537
    ],
    "entropy_bits": 4.052204719684487,
    "gini": 0.3273037576206884
  }
}