{
  "num_docs": 1978351,
  "num_topics": 15,
  "vocab_size": 23896,
  "engine": "lda_multicore",
  "coherence": {
    "c_v": 0.6375835408465915,
    "c_npmi": 0.030001500857737336,
    "u_mass": -2.4937521818157533
  },
  "perplexity": 2253.386004249857,
  "topic_diversity": {
    "unique_word_ratio": 0.68,
    "avg_pairwise_jaccard": 0.04805433756172672
  },
  "topic_size_proxy": {
    "counts_estimated": [
      341657.9504761263,
      123748.95144045402,
      161428.97048662888,
      140331.18204452083,
      97707.8271662974,
      46262.24560646779,
      165943.41721299736,
      64636.69933867449,
      105682.27564159808,
      146647.85190408395,
      99976.71720204547,
      161338.97044113642,
      135447.84624280053,
      61146.697574578146,
      126393.39722159039
    ],
    "proportions": [
      0.17269834851152613,
      0.06255156513705304,
      0.08159773997972497,
      0.07093340971572831,
      0.04938851961370727,
      0.023384245569399862,
      0.08387966402978912,
      0.03267200781796278,
      0.05341937585473865,
      0.07412630615299506,
      0.0505353788089401,
      0.08155224752389055,
      0.06846502276026879,
      0.030907911475050755,
      0.06388825704922452
    ],
    "entropy_bits": 3.7456763849810333,
    "gini": 0.24640361543336245
  }
}