{
  "num_docs": 1978350,
  "num_topics": 19,
  "vocab_size": 24140,
  "engine": "lda_multicore",
  "coherence": {
    "c_v": 0.6067986807749284,
    "c_npmi": -0.01256523480293617,
    "u_mass": -2.875841749482644
  },
  "perplexity": 2685.4315844951316,
  "topic_diversity": {
    "unique_word_ratio": 0.7333333333333333,
    "avg_pairwise_jaccard": 0.03369946134616431
  },
  "topic_size_proxy": {
    "counts_estimated": [
      198106.6666666667,
      176798.8888888889,
      169220.0,
      92871.11111111111,
      162768.8888888889,
      213825.55555555556,
      78686.66666666667,
      84387.77777777778,
      37098.88888888889,
      23454.444444444445,
      68927.77777777778,
      118403.33333333334,
      103651.11111111111,
      10040.0,
      63703.333333333336,
      86108.88888888889,
      98238.88888888889,
      43201.11111111111,
      148856.6666666667
    ],
    "proportions": [
      0.10013731982038904,
      0.08936684049277878,
      0.08553592640331588,
      0.046943721339050774,
      0.08227507209992614,
      0.10808277380420832,
      0.039773885645445275,
      0.04265563615021496,
      0.018752439603148527,
      0.01185555864454947,
      0.03484104318132675,
      0.059849537914592126,
      0.0523927066045498,
      0.005074936184193898,
      0.03220023420190225,
      0.04352560916364085,
      0.04965698126665599,
      0.021836940435772792,
      0.07524283704433829
    ],
    "entropy_bits": 4.006694724355097,
    "gini": 0.3165929668190324
  }
}