{
  "num_docs": 1821546,
  "num_topics": 12,
  "vocab_size": 24105,
  "engine": "lda_multicore",
  "coherence": {
    "c_v": 0.5342768241380338,
    "c_npmi": -0.011206654290870683,
    "u_mass": -3.177565600404259
  },
  "perplexity": 3870.301015724637,
  "topic_diversity": {
    "unique_word_ratio": 0.9111111111111111,
    "avg_pairwise_jaccard": 0.008993879683534855
  },
  "topic_size_proxy": {
    "counts_estimated": [
      275893.4006493875,
      181706.71100182936,
      228736.7224768222,
      222617.832094967,
      166662.2628866451,
      162204.48402120057,
      170624.486075622,
      109997.80461647038,
      142120.0346762914,
      95294.46769562601,
      26124.450818627163,
      39563.34298651146
    ],
    "proportions": [
      0.15146112184341626,
      0.09975411601015256,
      0.12557284991804885,
      0.12221367568810614,
      0.09149495147893333,
      0.08904770125003737,
      0.09367014946403879,
      0.060387058364966016,
      0.07802165560259879,
      0.052315158494831315,
      0.014341911112114195,
      0.02171965077275647
    ],
    "entropy_bits": 3.3992200440085485,
    "gini": 0.2648756458953356
  }
}