{
  "num_docs": 459011,
  "num_topics": 7,
  "vocab_size": 15283,
  "engine": "lda_multicore",
  "coherence": {
    "c_v": 0.5650541449617018,
    "c_npmi": 0.027434732357684587,
    "u_mass": -7.836237675748636
  },
  "perplexity": 2198.917359767794,
  "topic_diversity": {
    "unique_word_ratio": 0.6857142857142857,
    "avg_pairwise_jaccard": 0.11828266923576412
  },
  "topic_size_proxy": {
    "counts_estimated": [
      146273.65200467673,
      54409.00742419071,
      72095.71262306074,
      46578.99036573883,
      52002.33551435578,
      42121.20287623848,
      45530.099191738744
    ],
    "proportions": [
      0.31867134339847347,
      0.11853530182106901,
      0.15706750518628254,
      0.10147684993548918,
      0.11329213355313003,
      0.09176512736348034,
      0.09919173874207533
    ],
    "entropy_bits": 2.647691747209714,
    "gini": 0.23243675225113528
  }
}