{
  "num_docs": 1978351,
  "num_topics": 16,
  "vocab_size": 24090,
  "engine": "lda_multicore",
  "coherence": {
    "c_v": 0.6521047877742114,
    "c_npmi": 0.0328704042644184,
    "u_mass": -2.654517764530955
  },
  "perplexity": 2599.5433279020244,
  "topic_diversity": {
    "unique_word_ratio": 0.7,
    "avg_pairwise_jaccard": 0.051836659509073305
  },
  "topic_size_proxy": {
    "counts_estimated": [
      314254.6032911826,
      164171.19409496692,
      181470.09172795512,
      41886.68783919259,
      143321.18355588132,
      88348.93354675474,
      68372.25678244777,
      148820.0752243031,
      178437.86797303028,
      112562.2791192436,
      104076.71927447958,
      155800.07875249576,
      46444.4679207982,
      71638.9251003221,
      105447.8310786486,
      53297.8047182978
    ],
    "proportions": [
      0.1588467381628349,
      0.08298385579453137,
      0.09172795511411025,
      0.02117252592648756,
      0.07244477019289364,
      0.04465786584218611,
      0.034560225552719294,
      0.07522430308085021,
      0.09019525249717077,
      0.05689702136741336,
      0.052607812908063115,
      0.07875249576667424,
      0.02347635375158311,
      0.036211433208931124,
      0.05330087081546631,
      0.026940520018084654
    ],
    "entropy_bits": 3.8036688192951487,
    "gini": 0.28735783607551735
  }
}