{
  "num_docs": 1816827,
  "num_topics": 15,
  "vocab_size": 23846,
  "engine": "lda_multicore",
  "coherence": {
    "c_v": 0.5739750538295076,
    "c_npmi": -0.005657523387512884,
    "u_mass": -3.136490002548828
  },
  "perplexity": 3411.276594514517,
  "topic_diversity": {
    "unique_word_ratio": 0.9111111111111111,
    "avg_pairwise_jaccard": 0.007095039607354879
  },
  "topic_size_proxy": {
    "counts_estimated": [
      234718.93195278215,
      162118.91863285436,
      240413.37744198678,
      149217.80515477536,
      156153.36198279785,
      29362.227609311474,
      151552.25002752052,
      90756.68331779954,
      107753.353102846,
      106502.24176219343,
      122043.35572463344,
      63933.3450631871,
      30400.005577490425,
      53362.23201259339,
      118538.91063722828
    ],
    "proportions": [
      0.129191679754199,
      0.08923189639566911,
      0.13232596028239715,
      0.0821309927443699,
      0.08594839353598215,
      0.016161267753788042,
      0.08341589486919807,
      0.04995339859975635,
      0.059308537963628886,
      0.0586199135978238,
      0.06717390028034229,
      0.03518956128634542,
      0.016732471268585517,
      0.029371113492145034,
      0.06524501817576922
    ],
    "entropy_bits": 3.7085413401892344,
    "gini": 0.28606964687309916
  }
}