{
  "num_docs": 840351,
  "num_topics": 15,
  "vocab_size": 18814,
  "engine": "lda_multicore",
  "coherence": {
    "c_v": 0.5933263264084232,
    "c_npmi": 0.003726950981580627,
    "u_mass": -2.6534834115181503
  },
  "perplexity": 2355.537385771691,
  "topic_diversity": {
    "unique_word_ratio": 0.7066666666666667,
    "avg_pairwise_jaccard": 0.05245020869994098
  },
  "topic_size_proxy": {
    "counts_estimated": [
      168625.75621665575,
      57374.5127189068,
      104499.01324051486,
      17103.353685964183,
      77954.53720870272,
      39387.824648459966,
      45663.387671803415,
      60498.960881378785,
      38610.0459451419,
      75637.8677852482,
      34357.81866285873,
      3162.2259852045772,
      31586.704254179804,
      75820.0902243113,
      10068.900870668967
    ],
    "proportions": [
      0.20066110020295774,
      0.06827446236025994,
      0.12435162597594918,
      0.020352630848257672,
      0.09276425827862729,
      0.046870682189299434,
      0.05433847008191032,
      0.07199248990169439,
      0.04594514190515856,
      0.09000747043229342,
      0.04088508095171985,
      0.003762982355235583,
      0.03758751313936653,
      0.09022431129886356,
      0.011981780078406484
    ],
    "entropy_bits": 3.547699062373523,
    "gini": 0.37946358329532
  }
}