{
  "num_docs": 1978351,
  "num_topics": 6,
  "vocab_size": 23896,
  "engine": "lda_multicore",
  "coherence": {
    "c_v": 0.638713552247307,
    "c_npmi": 0.01996007237211498,
    "u_mass": -2.4026209603860127
  },
  "perplexity": 2081.543696126768,
  "topic_diversity": {
    "unique_word_ratio": 0.7111111111111111,
    "avg_pairwise_jaccard": 0.10531560837407915
  },
  "topic_size_proxy": {
    "counts_estimated": [
      382620.1934035939,
      483110.2441984482,
      214945.66420445772,
      300247.92954454187,
      328749.05506215896,
      268677.91358679935
    ],
    "proportions": [
      0.19340359390401093,
      0.24419844820178435,
      0.10864890214348098,
      0.1517667641103838,
      0.16617327009320337,
      0.13580902154713667
    ],
    "entropy_bits": 2.5372738177695204,
    "gini": 0.14415632555749328
  }
}