{
  "num_docs": 1816827,
  "num_topics": 14,
  "vocab_size": 23846,
  "engine": "lda_multicore",
  "coherence": {
    "c_v": 0.5907075713982898,
    "c_npmi": -0.0005730502725926699,
    "u_mass": -3.1265782509692874
  },
  "perplexity": 3492.1648529069544,
  "topic_diversity": {
    "unique_word_ratio": 0.9238095238095239,
    "avg_pairwise_jaccard": 0.006495967087100091
  },
  "topic_size_proxy": {
    "counts_estimated": [
      256374.4914814842,
      72142.23545816149,
      209707.8162528805,
      160162.25160719792,
      92702.23923030632,
      146263.36016827877,
      106427.79730409065,
      116093.35463298646,
      191027.8128256594,
      143292.24851205767,
      62184.45585342943,
      113366.68746605805,
      39446.67390394975,
      107635.57530345953
    ],
    "proportions": [
      0.14111111926533687,
      0.03970781778240939,
      0.11542530810742052,
      0.08815492702783365,
      0.051024252298268534,
      0.08050483627130088,
      0.058578938613357605,
      0.06389895935770795,
      0.10514364484106599,
      0.07886950629424688,
      0.03422695493485589,
      0.06239817410576684,
      0.02171184923162731,
      0.05924371186880178
    ],
    "entropy_bits": 3.6654640533125242,
    "gini": 0.24744408705637802
  }
}