{
  "num_docs": 1978351,
  "num_topics": 8,
  "vocab_size": 23896,
  "engine": "lda_multicore",
  "coherence": {
    "c_v": 0.6527792260738523,
    "c_npmi": 0.025836288009652212,
    "u_mass": -2.490664064275151
  },
  "perplexity": 2574.5022413995753,
  "topic_diversity": {
    "unique_word_ratio": 0.7583333333333333,
    "avg_pairwise_jaccard": 0.0712961709882892
  },
  "topic_size_proxy": {
    "counts_estimated": [
      534271.3811700548,
      428187.99421459524,
      101837.82925389564,
      200858.99041737925,
      235322.34117095335,
      223815.66868799197,
      88713.37817541554,
      165343.41690971432
    ],
    "proportions": [
      0.27005894362024474,
      0.21643681743765147,
      0.05147611786477508,
      0.10152849035251037,
      0.11894873112554515,
      0.11313243640182757,
      0.04484208220655259,
      0.08357638099089308
    ],
    "entropy_bits": 2.764455458503575,
    "gini": 0.3148803155266875
  }
}