{
  "num_docs": 830137,
  "num_topics": 6,
  "vocab_size": 18764,
  "engine": "lda_multicore",
  "coherence": {
    "c_v": 0.5069359734321713,
    "c_npmi": 0.006472357264378986,
    "u_mass": -2.8971246027150506
  },
  "perplexity": 3325.4983544853703,
  "topic_diversity": {
    "unique_word_ratio": 0.9333333333333333,
    "avg_pairwise_jaccard": 0.013957307060755339
  },
  "topic_size_proxy": {
    "counts_estimated": [
      239261.2071840915,
      86598.92366183347,
      116236.71334037368,
      109174.48828238457,
      155585.61802942754,
      123280.04950188925
    ],
    "proportions": [
      0.2882189411917448,
      0.10431883371278892,
      0.14002112102023362,
      0.13151382034818898,
      0.18742161598558735,
      0.1485056677414562
    ],
    "entropy_bits": 2.5008471250588555,
    "gini": 0.1826180785046995
  }
}