{
  "num_docs": 840347,
  "num_topics": 16,
  "vocab_size": 19153,
  "engine": "lda_multicore",
  "coherence": {
    "c_v": 0.6108734861119186,
    "c_npmi": 0.00039132624274308,
    "u_mass": -2.656065161490565
  },
  "perplexity": 2660.2125240162545,
  "topic_diversity": {
    "unique_word_ratio": 0.6666666666666666,
    "avg_pairwise_jaccard": 0.06180392404530335
  },
  "topic_size_proxy": {
    "counts_estimated": [
      115087.8234286908,
      78454.47556431737,
      56970.02259781677,
      45220.017937041855,
      32636.67961238219,
      64586.69228572335,
      36218.90325553475,
      21147.78616629116,
      41740.01655665915,
      79373.36481769428,
      6800.0026972995265,
      23862.23168745174,
      47670.01890886301,
      42343.35012931171,
      76538.9192489343,
      71696.69510598801
    ],
    "proportions": [
      0.13695273908122574,
      0.09335961878166682,
      0.06779345032208929,
      0.053811125567226226,
      0.0388371465744296,
      0.07685717005680195,
      0.04309993759189329,
      0.025165540147452373,
      0.04966997746961571,
      0.09445308285469488,
      0.008091898581537776,
      0.028395688551814593,
      0.05672658902675086,
      0.0503879351378796,
      0.09108013624007023,
      0.08531796401485102
    ],
    "entropy_bits": 3.8066720261785365,
    "gini": 0.28156468494483755
  }
}