{
  "num_docs": 1816827,
  "num_topics": 4,
  "vocab_size": 23846,
  "engine": "lda_multicore",
  "coherence": {
    "c_v": 0.5762969959352277,
    "c_npmi": 0.01671358128409464,
    "u_mass": -2.921715668638223
  },
  "perplexity": 3053.776696288301,
  "topic_diversity": {
    "unique_word_ratio": 1.0,
    "avg_pairwise_jaccard": 0.0
  },
  "topic_size_proxy": {
    "counts_estimated": [
      663566.788411296,
      492747.86818225187,
      238362.26595455816,
      422150.0774518942
    ],
    "proportions": [
      0.36523388765760084,
      0.2712134221817773,
      0.1311970077253135,
      0.23235568243530846
    ],
    "entropy_bits": 1.914962352404125,
    "gini": 0.18524209488583288
  }
}