{
  "num_docs": 830137,
  "num_topics": 17,
  "vocab_size": 18764,
  "engine": "lda_multicore",
  "coherence": {
    "c_v": 0.5598035823315084,
    "c_npmi": -0.016556365743403908,
    "u_mass": -3.426520003736529
  },
  "perplexity": 3385.0860781555098,
  "topic_diversity": {
    "unique_word_ratio": 0.8745098039215686,
    "avg_pairwise_jaccard": 0.009453781512605041
  },
  "topic_size_proxy": {
    "counts_estimated": [
      118475.6031282667,
      78132.25359545885,
      52950.02126155934,
      58845.57918441809,
      63524.46995206947,
      51174.46499304666,
      44624.46236295764,
      70221.13930771773,
      51513.3540180131,
      34091.12480006639,
      8801.114645111984,
      4556.6684963520065,
      18588.89635307707,
      52477.798849720864,
      23144.45373787181,
      66593.36007324095,
      32422.23524105134
    ],
    "proportions": [
      0.1427181334264907,
      0.09411970987374237,
      0.06378467802490353,
      0.07088658761676458,
      0.07652287508214846,
      0.061645806647633666,
      0.053755539583174396,
      0.08458981988240223,
      0.06205403929473462,
      0.04106686583065975,
      0.010602002615365879,
      0.005489056018888457,
      0.022392564544258444,
      0.06321582925435304,
      0.02788028209545149,
      0.080219722856879,
      0.03905648735214952
    ],
    "entropy_bits": 3.8473956188952956,
    "gini": 0.30332827313811067
  }
}