{
  "num_docs": 832963,
  "num_topics": 9,
  "vocab_size": 19097,
  "engine": "lda_multicore",
  "coherence": {
    "c_v": 0.5130996623643382,
    "c_npmi": -0.01492477040096314,
    "u_mass": -3.210173516333018
  },
  "perplexity": 3685.3290474555015,
  "topic_diversity": {
    "unique_word_ratio": 0.9333333333333333,
    "avg_pairwise_jaccard": 0.008689107827038862
  },
  "topic_size_proxy": {
    "counts_estimated": [
      236547.99865406728,
      126085.67328783753,
      9125.564076535418,
      73138.95718226518,
      95664.53377103938,
      88485.63817886899,
      38993.3697433257,
      72743.40125735995,
      92177.86384870062
    ],
    "proportions": [
      0.28398380078595004,
      0.1513700768075383,
      0.010955545536278824,
      0.0878057695026852,
      0.11484847918939903,
      0.10622997441527293,
      0.04681284732134044,
      0.08733089135695096,
      0.11066261508458435
    ],
    "entropy_bits": 2.87514824817176,
    "gini": 0.3297059401564607
  }
}