{
  "num_docs": 832316,
  "num_topics": 17,
  "vocab_size": 19121,
  "engine": "lda_multicore",
  "coherence": {
    "c_v": 0.5534235333899714,
    "c_npmi": 0.006581871156742462,
    "u_mass": -3.215313956828998
  },
  "perplexity": 3954.7981488336004,
  "topic_diversity": {
    "unique_word_ratio": 0.8901960784313725,
    "avg_pairwise_jaccard": 0.008810155361879499
  },
  "topic_size_proxy": {
    "counts_estimated": [
      134442.29401242052,
      62644.477895669916,
      15136.6747494273,
      50653.36038147925,
      54222.251176103084,
      39436.68772527514,
      63218.92264685936,
      28925.571001383025,
      66164.4797752989,
      56582.25243630888,
      43964.46792082063,
      15126.674744087446,
      34757.796337927386,
      55833.36314752418,
      12748.895696610794,
      45414.46869509962,
      53043.36165770461
    ],
    "proportions": [
      0.161527946131542,
      0.07526525730091686,
      0.018186211426221892,
      0.06085832830496981,
      0.06514623193126538,
      0.04738186905607382,
      0.07595543356953292,
      0.03475311180054574,
      0.07949442252137277,
      0.06798169497679833,
      0.052821846415088296,
      0.018174196752300142,
      0.04176033662446401,
      0.06708192939643619,
      0.015317374286461866,
      0.05456397413374201,
      0.06372983537226799
    ],
    "entropy_bits": 3.883163717904882,
    "gini": 0.27598852496554993
  }
}