{
  "num_docs": 832259,
  "num_topics": 19,
  "vocab_size": 19115,
  "engine": "lda_multicore",
  "coherence": {
    "c_v": 0.5425607641930993,
    "c_npmi": -0.020602993166248446,
    "u_mass": -3.0876317584341773
  },
  "perplexity": 4013.7560675236423,
  "topic_diversity": {
    "unique_word_ratio": 0.8842105263157894,
    "avg_pairwise_jaccard": 0.008011727914934206
  },
  "topic_size_proxy": {
    "counts_estimated": [
      112472.2372378787,
      76813.34358833321,
      25352.22560688247,
      78587.7882696757,
      58130.00776067276,
      70135.5649190356,
      16040.00214142768,
      25343.33671680687,
      37778.89393257707,
      22664.44747027167,
      48585.56204199281,
      42216.67230282244,
      25658.892314490815,
      43516.67247637954,
      25274.447818720935,
      25012.225561490613,
      2310.000308397627,
      39546.67194636284,
      56820.00758578059
    ],
    "proportions": [
      0.13514090834449216,
      0.09229499901873482,
      0.03046194226422601,
      0.09442708131684453,
      0.0698460548467157,
      0.08427132048921744,
      0.0192728491268075,
      0.030451261826915505,
      0.045393193624312954,
      0.027232445032461857,
      0.058377935284560235,
      0.05072540195158291,
      0.030830417351438457,
      0.052287415908244365,
      0.030368488437759085,
      0.030053415537099167,
      0.0027755786460676632,
      0.047517265594439764,
      0.06827202539807993
    ],
    "entropy_bits": 3.9952997703103135,
    "gini": 0.3214665477109539
  }
}