{
  "num_docs": 840350,
  "num_topics": 5,
  "vocab_size": 19157,
  "engine": "lda_multicore",
  "coherence": {
    "c_v": 0.6139746696596461,
    "c_npmi": 0.005409533489922025,
    "u_mass": -2.3732509878765753
  },
  "perplexity": 2448.392318161876,
  "topic_diversity": {
    "unique_word_ratio": 0.76,
    "avg_pairwise_jaccard": 0.11520546503305125
  },
  "topic_size_proxy": {
    "counts_estimated": [
      283182.22222222225,
      209337.77777777778,
      156232.22222222222,
      168487.77777777778,
      23110.0
    ],
    "proportions": [
      0.3369812842532543,
      0.2491078452761085,
      0.185913276875376,
      0.20049714735262425,
      0.027500446242636995
    ],
    "entropy_bits": 2.086973784571677,
    "gini": 0.27286249776878685
  }
}