{
  "num_docs": 830137,
  "num_topics": 9,
  "vocab_size": 18764,
  "engine": "lda_multicore",
  "coherence": {
    "c_v": 0.5856986344193787,
    "c_npmi": 0.001976239073389088,
    "u_mass": -2.822359780718031
  },
  "perplexity": 3175.551716964966,
  "topic_diversity": {
    "unique_word_ratio": 0.9259259259259259,
    "avg_pairwise_jaccard": 0.009646962233169128
  },
  "topic_size_proxy": {
    "counts_estimated": [
      209507.86190359553,
      137148.94395969607,
      52006.68754943965,
      107953.37668094812,
      10935.559946621908,
      57883.356575824866,
      58481.13459363452,
      105802.2647060792,
      90417.81408416017
    ],
    "proportions": [
      0.25237745324397726,
      0.16521242151560053,
      0.06264831895149794,
      0.13004284435093016,
      0.013173199058254129,
      0.06972747459253698,
      0.07044757021266913,
      0.12745157089261072,
      0.10891914718192319
    ],
    "entropy_bits": 2.910542270171447,
    "gini": 0.320476458807095
  }
}