{
  "num_docs": 1978350,
  "num_topics": 4,
  "vocab_size": 24098,
  "engine": "lda_multicore",
  "coherence": {
    "c_v": 0.6272031113633809,
    "c_npmi": 0.012379071117895482,
    "u_mass": -2.5430313479564512
  },
  "perplexity": 2294.17953144738,
  "topic_diversity": {
    "unique_word_ratio": 0.75,
    "avg_pairwise_jaccard": 0.1495828245828246
  },
  "topic_size_proxy": {
    "counts_estimated": [
      620140.0,
      592826.6666666667,
      400002.22222222225,
      365381.1111111111
    ],
    "proportions": [
      0.31346323956832717,
      0.2996571216754703,
      0.20218981586788093,
      0.18468982288832164
    ],
    "entropy_bits": 1.961960838541285,
    "gini": 0.12094688896190164
  }
}