{
  "num_docs": 832316,
  "num_topics": 17,
  "vocab_size": 19121,
  "engine": "lda_multicore",
  "coherence": {
    "c_v": 0.5492997271200981,
    "c_npmi": -0.002127263631281412,
    "u_mass": -3.213117281816921
  },
  "perplexity": 3963.4908784306476,
  "topic_diversity": {
    "unique_word_ratio": 0.8784313725490196,
    "avg_pairwise_jaccard": 0.009862587829119269
  },
  "topic_size_proxy": {
    "counts_estimated": [
      133133.4044246039,
      59772.25413972265,
      12888.895771368765,
      49861.13773622184,
      50988.916116216606,
      39561.13223617111,
      70277.81530509262,
      27704.459238216274,
      64107.81201040204,
      64796.70126714761,
      41238.91090985791,
      25860.013808865227,
      33641.1290749769,
      53042.250546000185,
      6475.559013408376,
      45073.35740184011,
      53892.25099988787
    ],
    "proportions": [
      0.15995535881156187,
      0.07181437595783652,
      0.015485579721366364,
      0.059906499137613416,
      0.06126148736323297,
      0.04753138499821116,
      0.08443645839451919,
      0.03328598661832318,
      0.07702340458479959,
      0.07785108212163123,
      0.04954718028952695,
      0.031069946761644894,
      0.04041869803653529,
      0.06372850040849892,
      0.007780168846217514,
      0.05415414025663344,
      0.06474974769184766
    ],
    "entropy_bits": 3.8726876934760295,
    "gini": 0.28378110112209215
  }
}