{
  "num_docs": 830137,
  "num_topics": 17,
  "vocab_size": 18764,
  "engine": "lda_multicore",
  "coherence": {
    "c_v": 0.555621582431533,
    "c_npmi": -0.017235327988869176,
    "u_mass": -3.4579460981348014
  },
  "perplexity": 3560.583133088969,
  "topic_diversity": {
    "unique_word_ratio": 0.8784313725490196,
    "avg_pairwise_jaccard": 0.008984915805402623
  },
  "topic_size_proxy": {
    "counts_estimated": [
      111501.15588330168,
      77727.80898861366,
      51725.5763254511,
      60824.46886791064,
      63962.24790563268,
      49342.24203511336,
      43108.90619884544,
      70265.58377000842,
      50067.79788200872,
      34301.12488438985,
      9261.114829820524,
      4654.446313391503,
      20783.341678679415,
      55433.355592051106,
      24572.232088959918,
      67740.02720034051,
      34865.569555481496
    ],
    "proportions": [
      0.13431657170238365,
      0.09363250763261202,
      0.062309686624558464,
      0.073270398582295,
      0.07705023135414114,
      0.059438673417897714,
      0.05192986964663114,
      0.08464335859021874,
      0.06031269282300237,
      0.04131983622509278,
      0.01115612824126683,
      0.005606841176084794,
      0.02503603824269899,
      0.06677615332415143,
      0.029600213084057105,
      0.08160102151854513,
      0.04199977781436256
    ],
    "entropy_bits": 3.8647894174358575,
    "gini": 0.2934067632457714
  }
}