{
  "num_docs": 840347,
  "num_topics": 16,
  "vocab_size": 19153,
  "engine": "lda_multicore",
  "coherence": {
    "c_v": 0.6067044791438154,
    "c_npmi": 0.000696817850554296,
    "u_mass": -2.5998222903286843
  },
  "perplexity": 2621.2794316597906,
  "topic_diversity": {
    "unique_word_ratio": 0.6458333333333334,
    "avg_pairwise_jaccard": 0.0626518883415435
  },
  "topic_size_proxy": {
    "counts_estimated": [
      118492.26922354795,
      84720.03360517882,
      56016.688886332624,
      44963.35116856535,
      38554.45973751573,
      63481.136291636256,
      36351.12553020447,
      20302.230275336104,
      39361.126724156165,
      77124.47503675731,
      6982.224991802324,
      19676.67447164662,
      54408.91047081099,
      37026.681353727035,
      71885.58406980187,
      71000.02816298035
    ],
    "proportions": [
      0.14100397719459692,
      0.10081553644527656,
      0.06665899787389332,
      0.053505696061942686,
      0.04587921386940839,
      0.07554157543447677,
      0.043257280064312086,
      0.024159341647362463,
      0.046839135171728066,
      0.09177693861792488,
      0.00830874030823258,
      0.02341493986608701,
      0.06474576629750685,
      0.04406118109986355,
      0.08554273897544927,
      0.08448894107193855
    ],
    "entropy_bits": 3.796071721318773,
    "gini": 0.28893779947957987
  }
}