{
  "num_docs": 1978350,
  "num_topics": 19,
  "vocab_size": 24140,
  "engine": "lda_multicore",
  "coherence": {
    "c_v": 0.5971111699653266,
    "c_npmi": -0.00113282184574673,
    "u_mass": -2.85545497815081
  },
  "perplexity": 2613.257870044546,
  "topic_diversity": {
    "unique_word_ratio": 0.7192982456140351,
    "avg_pairwise_jaccard": 0.038613074094017825
  },
  "topic_size_proxy": {
    "counts_estimated": [
      197791.11111111112,
      176217.77777777778,
      158432.22222222222,
      107118.88888888889,
      172526.6666666667,
      216412.22222222222,
      81257.77777777778,
      92598.88888888889,
      68862.22222222222,
      25576.666666666668,
      61740.0,
      88225.55555555556,
      101356.66666666667,
      10123.333333333334,
      65947.77777777778,
      75198.88888888889,
      100558.88888888889,
      43330.0,
      135074.44444444444
    ],
    "proportions": [
      0.09997781540734,
      0.08907310525325537,
      0.08008300969101635,
      0.054145570242317524,
      0.08720735292878745,
      0.10939026068300463,
      0.04107350963064057,
      0.04680612070103312,
      0.03480790670115107,
      0.012928281985829942,
      0.031207824702403516,
      0.044595524328635255,
      0.05123292979840102,
      0.0051170588284850166,
      0.03333473742147637,
      0.03801091257304768,
      0.05082967568372072,
      0.021902090125609723,
      0.06827631331384458
    ],
    "entropy_bits": 4.025449348486467,
    "gini": 0.3035390854538391
  }
}