{
  "num_docs": 833042,
  "num_topics": 11,
  "vocab_size": 19110,
  "engine": "lda_multicore",
  "coherence": {
    "c_v": 0.5750037982904003,
    "c_npmi": 0.0031457192760942347,
    "u_mass": -3.2780879733635473
  },
  "perplexity": 3672.861924588015,
  "topic_diversity": {
    "unique_word_ratio": 0.896969696969697,
    "avg_pairwise_jaccard": 0.010887197094093644
  },
  "topic_size_proxy": {
    "counts_estimated": [
      91298.9863085322,
      124534.57732778294,
      68813.4067599705,
      76575.63726480085,
      110505.67346949664,
      93703.43331861706,
      87585.64901292053,
      37556.7067411639,
      73132.30025729022,
      62244.51086180888,
      7091.118677616284
    ],
    "proportions": [
      0.10959709871594973,
      0.14949375581037083,
      0.08260496680836081,
      0.09192290096393801,
      0.13265318371642323,
      0.11248344419443083,
      0.1051395355971494,
      0.04508380938915913,
      0.08778945150099302,
      0.07471953498360093,
      0.008512318319624082
    ],
    "entropy_bits": 3.3038732401750055,
    "gini": 0.22542013823756626
  }
}