{
  "num_docs": 1821549,
  "num_topics": 9,
  "vocab_size": 24071,
  "engine": "lda_multicore",
  "coherence": {
    "c_v": 0.573667766188602,
    "c_npmi": 0.0035962106134698937,
    "u_mass": -3.1228766124473117
  },
  "perplexity": 3659.4404510364507,
  "topic_diversity": {
    "unique_word_ratio": 0.9185185185185185,
    "avg_pairwise_jaccard": 0.010673234811165846
  },
  "topic_size_proxy": {
    "counts_estimated": [
      382027.80108076526,
      230922.23630805043,
      345780.0210919401,
      168160.0102574488,
      220192.2356535403,
      86008.89413527194,
      91396.67224169419,
      166653.34349887827,
      130407.78573241089
    ],
    "proportions": [
      0.2097268868862519,
      0.12677245372375404,
      0.18982746063484437,
      0.09231703910103368,
      0.12088186244429346,
      0.0472174474226452,
      0.0501752476829853,
      0.0914899041963067,
      0.07159169790788548
    ],
    "entropy_bits": 3.003784837771044,
    "gini": 0.2686106370199394
  }
}