{
  "num_docs": 832963,
  "num_topics": 9,
  "vocab_size": 19097,
  "engine": "lda_multicore",
  "coherence": {
    "c_v": 0.513960828910456,
    "c_npmi": -0.018500588643812526,
    "u_mass": -3.214186962987082
  },
  "perplexity": 3587.891451904762,
  "topic_diversity": {
    "unique_word_ratio": 0.9333333333333333,
    "avg_pairwise_jaccard": 0.008620689655172414
  },
  "topic_size_proxy": {
    "counts_estimated": [
      240636.89136095275,
      127266.78550181015,
      8912.230544002263,
      71358.95552019167,
      95598.97815427138,
      89458.97242105151,
      37167.81248315917,
      69412.28703582662,
      93150.08697873454
    ],
    "proportions": [
      0.2888926535283713,
      0.1527880416078627,
      0.010699431480152493,
      0.08566881784688114,
      0.11476977747423518,
      0.1073984947963493,
      0.044621204643134404,
      0.08333177708472839,
      0.11182980153828505
    ],
    "entropy_bits": 2.8619120910377025,
    "gini": 0.3391800852349951
  }
}