{
  "num_docs": 830137,
  "num_topics": 15,
  "vocab_size": 18764,
  "engine": "lda_multicore",
  "coherence": {
    "c_v": 0.6001291171098325,
    "c_npmi": 0.015631960540190594,
    "u_mass": -2.8264453827061384
  },
  "perplexity": 3581.048401977347,
  "topic_diversity": {
    "unique_word_ratio": 0.8933333333333333,
    "avg_pairwise_jaccard": 0.008257095941825006
  },
  "topic_size_proxy": {
    "counts_estimated": [
      147488.94811162286,
      96872.26112032423,
      80673.3657269285,
      33154.4577572903,
      41797.79456127037,
      56755.578345198854,
      54705.57752204122,
      45163.35146823214,
      8662.225700453608,
      70556.69499801238,
      28421.12252333284,
      67248.91589202848,
      48910.0196393365,
      6988.8916952094905,
      42737.79493871826
    ],
    "proportions": [
      0.1776682018891133,
      0.11669430602457694,
      0.09718078549315173,
      0.03993853756342664,
      0.05035047776604388,
      0.06836892988169284,
      0.06589945698365597,
      0.05440469641544967,
      0.01043469415343926,
      0.08499403712641694,
      0.034236665180967525,
      0.08100941879717262,
      0.05891800948438209,
      0.008418961804147376,
      0.05148282143636323
    ],
    "entropy_bits": 3.6361402289534763,
    "gini": 0.3272651669582295
  }
}