{
  "num_docs": 1821551,
  "num_topics": 11,
  "vocab_size": 24135,
  "engine": "lda_multicore",
  "coherence": {
    "c_v": 0.5713742470828236,
    "c_npmi": 0.0052788543533118055,
    "u_mass": -3.086179863008691
  },
  "perplexity": 4467.476823671903,
  "topic_diversity": {
    "unique_word_ratio": 0.8909090909090909,
    "avg_pairwise_jaccard": 0.013255709807433944
  },
  "topic_size_proxy": {
    "counts_estimated": [
      382153.54312902014,
      214864.56240137367,
      91347.82792615567,
      192352.32782032393,
      234257.90638131747,
      153052.3062452917,
      91706.71701206848,
      99971.1659935525,
      165511.2019738989,
      109910.06033872251,
      86423.3807782749
    ],
    "proportions": [
      0.2097956868234928,
      0.11795692923304023,
      0.05014837790770375,
      0.10559810173875117,
      0.12860353972044564,
      0.0840230694859994,
      0.050345401809813985,
      0.05488244138843903,
      0.09086278779671768,
      0.06033872251653811,
      0.047444941579058125
    ],
    "entropy_bits": 3.290542779815745,
    "gini": 0.2655207894042951
  }
}