{
  "num_docs": 1816827,
  "num_topics": 13,
  "vocab_size": 23846,
  "engine": "lda_multicore",
  "coherence": {
    "c_v": 0.6033494215330621,
    "c_npmi": 0.013054466611629543,
    "u_mass": -2.965458224863013
  },
  "perplexity": 3356.0880852764567,
  "topic_diversity": {
    "unique_word_ratio": 0.9076923076923077,
    "avg_pairwise_jaccard": 0.009410130099785271
  },
  "topic_size_proxy": {
    "counts_estimated": [
      282273.3851220443,
      152942.25028254394,
      153864.47267396635,
      102581.12993167575,
      165785.58597224465,
      171984.4759984442,
      97777.79571707446,
      146925.58251199895,
      143144.4707071671,
      28888.894189135637,
      120317.79985249006,
      84210.01545001542,
      166131.14159119932
    ],
    "proportions": [
      0.15536613289104814,
      0.08418096510154459,
      0.08468856565537959,
      0.0564616938936265,
      0.09125006727236255,
      0.09466199918783913,
      0.05381789004515811,
      0.08086933016297036,
      0.07878816789224681,
      0.015900740240614896,
      0.06622413683443171,
      0.04635004623446009,
      0.09144026458831761
    ],
    "entropy_bits": 3.575249740088727,
    "gini": 0.2116197528968513
  }
}