{
  "num_docs": 1816827,
  "num_topics": 10,
  "vocab_size": 23846,
  "engine": "lda_multicore",
  "coherence": {
    "c_v": 0.5879343361642674,
    "c_npmi": 0.0076917582532883486,
    "u_mass": -3.010733789453142
  },
  "perplexity": 3460.591628798843,
  "topic_diversity": {
    "unique_word_ratio": 0.9266666666666666,
    "avg_pairwise_jaccard": 0.00848385331143952
  },
  "topic_size_proxy": {
    "counts_estimated": [
      411302.29768387374,
      177750.03261180667,
      69183.34602640502,
      284005.60766207747,
      205342.2598963761,
      46623.34188732002,
      170082.2534272211,
      161075.58510810058,
      133001.13551283558,
      158461.1401839838
    ],
    "proportions": [
      0.22638495447495754,
      0.09783541999970644,
      0.03807921504161101,
      0.15631956573855266,
      0.11302246163029066,
      0.025661960047555443,
      0.09361499659968785,
      0.08865763504620999,
      0.07320517336699398,
      0.08721861805443434
    ],
    "entropy_bits": 3.1153065433171285,
    "gini": 0.2870083613430989
  }
}