{
  "num_docs": 840345,
  "num_topics": 19,
  "vocab_size": 19165,
  "engine": "lda_multicore",
  "coherence": {
    "c_v": 0.588398396338736,
    "c_npmi": -0.005322797400992565,
    "u_mass": -2.8710657352993985
  },
  "perplexity": 2729.224992987905,
  "topic_diversity": {
    "unique_word_ratio": 0.7087719298245614,
    "avg_pairwise_jaccard": 0.042458267685127934
  },
  "topic_size_proxy": {
    "counts_estimated": [
      112283.40756435854,
      69927.82400735149,
      80701.16446298476,
      35738.912516031785,
      27570.018226653094,
      46462.25293860983,
      4674.447534741045,
      25476.683509407518,
      63448.93083523952,
      46607.80859039283,
      48655.58772196586,
      39867.804134548,
      52590.034767489524,
      31637.79869365736,
      56086.703745818515,
      63188.93066335233,
      5730.003788129206,
      18598.901184699396,
      11097.785114569422
    ],
    "proportions": [
      0.13361584535441817,
      0.08321323266914361,
      0.09603337255887137,
      0.04252885721463421,
      0.032807975565574965,
      0.05528949769274504,
      0.005562533881609393,
      0.030316933532546178,
      0.07550343113273657,
      0.05546270709100766,
      0.05789953854900768,
      0.04744218640504555,
      0.06258148113868651,
      0.037648583252898944,
      0.06674247332443047,
      0.07519403419232855,
      0.0068186325713001286,
      0.022132458912350755,
      0.013206224960664278
    ],
    "entropy_bits": 3.9744350566789337,
    "gini": 0.3315954401877816
  }
}