{
  "num_docs": 840351,
  "num_topics": 5,
  "vocab_size": 18814,
  "engine": "lda_multicore",
  "coherence": {
    "c_v": 0.6471872849143516,
    "c_npmi": 0.014962355466478136,
    "u_mass": -2.1447239332135566
  },
  "perplexity": 2217.1548744024603,
  "topic_diversity": {
    "unique_word_ratio": 0.7466666666666667,
    "avg_pairwise_jaccard": 0.10795166519304451
  },
  "topic_size_proxy": {
    "counts_estimated": [
      365528.2127486563,
      161086.85835663712,
      107459.01676285674,
      101863.45454869994,
      104413.45758314988
    ],
    "proportions": [
      0.43497087853605965,
      0.19168997044882094,
      0.12787396785730812,
      0.12121536661311755,
      0.12424981654469368
    ],
    "entropy_bits": 2.1015101249138985,
    "gini": 0.2779804711000047
  }
}