{
  "num_docs": 840345,
  "num_topics": 6,
  "vocab_size": 19150,
  "engine": "lda_multicore",
  "coherence": {
    "c_v": 0.6451189024037336,
    "c_npmi": 0.02608844979781913,
    "u_mass": -2.2609944071475794
  },
  "perplexity": 2444.072394048879,
  "topic_diversity": {
    "unique_word_ratio": 0.7,
    "avg_pairwise_jaccard": 0.12247671036276735
  },
  "topic_size_proxy": {
    "counts_estimated": [
      301507.9771059486,
      109683.40584548665,
      125028.97154605915,
      108265.62713040948,
      69666.71272361862,
      126192.30564847747
    ],
    "proportions": [
      0.35879070751411457,
      0.13052187595033785,
      0.14878290648014703,
      0.1288347370787111,
      0.08290251351958852,
      0.1501672594571009
    ],
    "entropy_bits": 2.4124341582465347,
    "gini": 0.24361659460626806
  }
}