{
  "num_docs": 840351,
  "num_topics": 5,
  "vocab_size": 18814,
  "engine": "lda_multicore",
  "coherence": {
    "c_v": 0.6471872849143516,
    "c_npmi": 0.014962355466478136,
    "u_mass": -2.1533315220935285
  },
  "perplexity": 2152.7013947701384,
  "topic_diversity": {
    "unique_word_ratio": 0.7333333333333333,
    "avg_pairwise_jaccard": 0.11256704980842913
  },
  "topic_size_proxy": {
    "counts_estimated": [
      363925.9886198211,
      162773.527030404,
      108607.90701890085,
      102960.12252037841,
      102083.45481049562
    ],
    "proportions": [
      0.4330642655507295,
      0.1936970706650007,
      0.1292411230770248,
      0.12252037841375617,
      0.12147716229348882
    ],
    "entropy_bits": 2.1036042848889074,
    "gini": 0.2777403595062905
  }
}