{
  "num_docs": 1821451,
  "num_topics": 18,
  "vocab_size": 24140,
  "engine": "lda_multicore",
  "coherence": {
    "c_v": 0.559027784916657,
    "c_npmi": -0.016741797403967237,
    "u_mass": -3.2821507756470516
  },
  "perplexity": 4623.28476442107,
  "topic_diversity": {
    "unique_word_ratio": 0.8851851851851852,
    "avg_pairwise_jaccard": 0.008371164557777136
  },
  "topic_size_proxy": {
    "counts_estimated": [
      215373.45157612523,
      120802.28854423063,
      187363.43619826692,
      124044.51254647548,
      121713.40015555371,
      100336.72175281597,
      42932.24579257673,
      62480.03430234153,
      122391.17830544041,
      46533.35888074519,
      71071.1501300856,
      147895.6367521602,
      105598.94686406739,
      70140.03850778226,
      107161.16994397015,
      17484.454043634345,
      41735.57846892433,
      116393.39723480376
    ],
    "proportions": [
      0.11824279191486636,
      0.06632200841210148,
      0.10286493361516008,
      0.0681020310436435,
      0.06682222039217839,
      0.05508614931327605,
      0.023570354509990517,
      0.03430234154107991,
      0.06719432930418684,
      0.02554741186051406,
      0.03901897450443938,
      0.08119660465868159,
      0.057975178505525214,
      0.03850778226138516,
      0.058832859046974176,
      0.00959918990059812,
      0.02291336877518217,
      0.06390147044021705
    ],
    "entropy_bits": 3.9868339677039626,
    "gini": 0.2734169188907631
  }
}