{
  "num_docs": 1821609,
  "num_topics": 20,
  "vocab_size": 24098,
  "engine": "lda_multicore",
  "coherence": {
    "c_v": 0.5288709331480204,
    "c_npmi": -0.04209538852380289,
    "u_mass": -3.341209782590768
  },
  "perplexity": 4103.760372956814,
  "topic_diversity": {
    "unique_word_ratio": 0.91,
    "avg_pairwise_jaccard": 0.005652061187451386
  },
  "topic_size_proxy": {
    "counts_estimated": [
      173894.45505133434,
      149410.0091134333,
      127750.0077922569,
      145531.11998794717,
      53967.781069603916,
      162231.12100658272,
      61563.33708845904,
      125398.89653773709,
      113912.2291704281,
      118150.00720669396,
      116901.11824162767,
      80198.89378071156,
      32993.33534579932,
      59923.33698842538,
      55278.892260687746,
      77754.44918716543,
      88367.78316787114,
      29464.44624166183,
      34033.335409235304,
      14884.445352338103
    ],
    "proportions": [
      0.0954620091640601,
      0.08202089971746589,
      0.07013031215384691,
      0.0798915244643319,
      0.029626435239178066,
      0.08905924433101874,
      0.03379613138080622,
      0.06883963382797137,
      0.06253385285779116,
      0.06486024564365567,
      0.06417464902820949,
      0.0440264040091543,
      0.01811219386037252,
      0.03289582835198189,
      0.03034618969311622,
      0.04268448892554079,
      0.04851084023402999,
      0.016174956448755926,
      0.0186831177323099,
      0.008171042936402985
    ],
    "entropy_bits": 4.116375108889504,
    "gini": 0.2941780404136026
  }
}