{
  "num_docs": 832936,
  "num_topics": 7,
  "vocab_size": 19108,
  "engine": "lda_multicore",
  "coherence": {
    "c_v": 0.5651436880317766,
    "c_npmi": -0.03572434754546629,
    "u_mass": -3.401910599624309
  },
  "perplexity": 3665.0031771288677,
  "topic_diversity": {
    "unique_word_ratio": 0.9523809523809523,
    "avg_pairwise_jaccard": 0.008210180623973728
  },
  "topic_size_proxy": {
    "counts_estimated": [
      254616.8025270729,
      195723.4377689617,
      11722.228477059716,
      111434.50390453041,
      110661.17015855567,
      74511.15086934829,
      74266.70629447122
    ],
    "proportions": [
      0.3056859140763192,
      0.2349801638648849,
      0.01407338436213553,
      0.13378519346568096,
      0.13285675028880456,
      0.08945603368007664,
      0.08916256026209846
    ],
    "entropy_bits": 2.497840348310018,
    "gini": 0.34594341603820794
  }
}