{
  "num_docs": 840350,
  "num_topics": 15,
  "vocab_size": 19171,
  "engine": "lda_multicore",
  "coherence": {
    "c_v": 0.5783949280237342,
    "c_npmi": -0.003940762842236756,
    "u_mass": -2.690063100369319
  },
  "perplexity": 2693.1929793530176,
  "topic_diversity": {
    "unique_word_ratio": 0.6666666666666666,
    "avg_pairwise_jaccard": 0.06107806989580388
  },
  "topic_size_proxy": {
    "counts_estimated": [
      46054.444444444445,
      62282.222222222226,
      51232.222222222226,
      89110.0,
      81893.33333333334,
      54442.222222222226,
      92586.66666666667,
      76036.66666666667,
      38603.333333333336,
      48658.88888888889,
      18421.111111111113,
      32100.0,
      61982.222222222226,
      52261.11111111112,
      34685.555555555555
    ],
    "proportions": [
      0.05480388462479258,
      0.07411462155318882,
      0.06096533851635893,
      0.10603915035401916,
      0.09745145871759783,
      0.06478517548904889,
      0.11017631542412884,
      0.0904821403780171,
      0.045937208702723074,
      0.057903122376258574,
      0.021920760529673487,
      0.03819836972689951,
      0.07375762744359163,
      0.06218969609223671,
      0.04127513007146493
    ],
    "entropy_bits": 3.803848797275363,
    "gini": 0.2103141327797721
  }
}