{
  "num_docs": 1821549,
  "num_topics": 9,
  "vocab_size": 24071,
  "engine": "lda_multicore",
  "coherence": {
    "c_v": 0.5684821184149225,
    "c_npmi": 0.0015742788769715656,
    "u_mass": -3.1472769266499885
  },
  "perplexity": 3851.4863858089575,
  "topic_diversity": {
    "unique_word_ratio": 0.9333333333333333,
    "avg_pairwise_jaccard": 0.00875752599890531
  },
  "topic_size_proxy": {
    "counts_estimated": [
      386686.69025383773,
      230990.01408996253,
      353047.7993130389,
      165363.34342019065,
      221762.23574930738,
      85425.56076635636,
      79918.89376379321,
      170322.23261156256,
      128032.23003195084
    ],
    "proportions": [
      0.21228453928707805,
      0.1268096625948369,
      0.1938173495816137,
      0.09078171568274619,
      0.12174376629413064,
      0.046897207138735415,
      0.04387413885862703,
      0.09350406308672594,
      0.07028755747550619
    ],
    "entropy_bits": 2.989198283268777,
    "gini": 0.2796462866427743
  }
}