{
  "num_docs": 840351,
  "num_topics": 13,
  "vocab_size": 18814,
  "engine": "lda_multicore",
  "coherence": {
    "c_v": 0.6194866628178521,
    "c_npmi": 0.031271089380717265,
    "u_mass": -2.39558893075272
  },
  "perplexity": 2306.760455858721,
  "topic_diversity": {
    "unique_word_ratio": 0.717948717948718,
    "avg_pairwise_jaccard": 0.05631078163369709
  },
  "topic_size_proxy": {
    "counts_estimated": [
      90838.99698538307,
      40221.158973443606,
      107464.5723250233,
      99020.11783185576,
      35365.59763987228,
      42140.05014577259,
      51533.39465698816,
      87207.88155332103,
      77094.53618531961,
      74452.31081890482,
      19106.689403224846,
      55230.065722615574,
      60675.62775827532
    ],
    "proportions": [
      0.10809649418562371,
      0.04786233249373607,
      0.1278805788593377,
      0.11783185577437971,
      0.04208431671988524,
      0.05014577259475218,
      0.06132365482636203,
      0.10377554325909177,
      0.09174087516444868,
      0.08859668259918156,
      0.02273655818012336,
      0.06572261557684297,
      0.07220271976623496
    ],
    "entropy_bits": 3.576792880371068,
    "gini": 0.230020967047206
  }
}