{
  "num_docs": 840345,
  "num_topics": 19,
  "vocab_size": 19165,
  "engine": "lda_multicore",
  "coherence": {
    "c_v": 0.5842796106291506,
    "c_npmi": -0.007925464101449262,
    "u_mass": -2.8816504579266082
  },
  "perplexity": 2750.752883235611,
  "topic_diversity": {
    "unique_word_ratio": 0.7157894736842105,
    "avg_pairwise_jaccard": 0.04199229776967224
  },
  "topic_size_proxy": {
    "counts_estimated": [
      112288.96312358689,
      70031.15740899896,
      80987.83131916806,
      37102.24675067102,
      27664.46273353519,
      46603.36414301014,
      4745.558692864037,
      26443.35081514194,
      62304.48563419762,
      45266.69659266703,
      49614.47724478058,
      40021.137569250706,
      51385.58952678135,
      32740.021644563738,
      56046.70371937433,
      61906.70759344713,
      5760.003807962344,
      18805.567987994342,
      10626.6736920046
    ],
    "proportions": [
      0.13362245640015338,
      0.08333619811981861,
      0.09637450251880844,
      0.04415120783805583,
      0.03292036334307361,
      0.055457418254419494,
      0.005647155267020138,
      0.03146725549047349,
      0.07414155571128242,
      0.05386680065052691,
      0.059040605042905696,
      0.047624651267337476,
      0.061148206423292044,
      0.03896021472676549,
      0.06669487379513693,
      0.07366820483664106,
      0.006854332218270288,
      0.022378389813700734,
      0.012645608282318099
    ],
    "entropy_bits": 3.977346064529586,
    "gini": 0.32880321282904734
  }
}