{
  "num_docs": 840351,
  "num_topics": 4,
  "vocab_size": 18814,
  "engine": "lda_multicore",
  "coherence": {
    "c_v": 0.6411244181711955,
    "c_npmi": 0.01898146062405156,
    "u_mass": -2.155066661678384
  },
  "perplexity": 2399.124178609653,
  "topic_diversity": {
    "unique_word_ratio": 0.8166666666666667,
    "avg_pairwise_jaccard": 0.09319958457889493
  },
  "topic_size_proxy": {
    "counts_estimated": [
      333951.5085063763,
      127644.59633882708,
      202830.2413637175,
      175924.6537910791
    ],
    "proportions": [
      0.39739526520034646,
      0.15189438263157548,
      0.2413637174986613,
      0.20934663466941686
    ],
    "entropy_bits": 1.909315468951203,
    "gini": 0.19212993263388944
  }
}