{
  "num_docs": 840351,
  "num_topics": 6,
  "vocab_size": 18814,
  "engine": "lda_multicore",
  "coherence": {
    "c_v": 0.6412053722344518,
    "c_npmi": 0.03663856389442543,
    "u_mass": -2.23891380147742
  },
  "perplexity": 2380.654705179212,
  "topic_diversity": {
    "unique_word_ratio": 0.7444444444444445,
    "avg_pairwise_jaccard": 0.09165775476120305
  },
  "topic_size_proxy": {
    "counts_estimated": [
      326764.8332877174,
      59316.73725233533,
      109666.79716784673,
      93014.55512980702,
      135760.1615517344,
      115827.9156105591
    ],
    "proportions": [
      0.3888432729748848,
      0.07058566866980027,
      0.13050118006386227,
      0.1106853625804063,
      0.16155173439638246,
      0.13783278131466387
    ],
    "entropy_bits": 2.3536530036389114,
    "gini": 0.29186978970402544
  }
}