{
  "num_docs": 1978347,
  "num_topics": 7,
  "vocab_size": 24137,
  "engine": "lda_multicore",
  "coherence": {
    "c_v": 0.6586938428389892,
    "c_npmi": 0.014865794463748335,
    "u_mass": -2.435933778663308
  },
  "perplexity": 2398.918849038244,
  "topic_diversity": {
    "unique_word_ratio": 0.7904761904761904,
    "avg_pairwise_jaccard": 0.0576316586168803
  },
  "topic_size_proxy": {
    "counts_estimated": [
      482622.30353965604,
      549844.5370882084,
      244253.3744877878,
      290872.27123153344,
      82465.56945024802,
      163484.47199007927,
      164804.4722124872
    ],
    "proportions": [
      0.24395230136050752,
      0.2779312916734063,
      0.12346336334717205,
      0.14702793353821822,
      0.04168407738897575,
      0.08263690444096979,
      0.08330412825075033
    ],
    "entropy_bits": 2.57619638970398,
    "gini": 0.31288464056566717
  }
}