{
  "num_docs": 1816827,
  "num_topics": 18,
  "vocab_size": 23846,
  "engine": "lda_multicore",
  "coherence": {
    "c_v": 0.583274846896306,
    "c_npmi": -0.019515552763090364,
    "u_mass": -3.241562561846735
  },
  "perplexity": 3650.355027347114,
  "topic_diversity": {
    "unique_word_ratio": 0.9,
    "avg_pairwise_jaccard": 0.007952606329888277
  },
  "topic_size_proxy": {
    "counts_estimated": [
      197266.70285919774,
      229656.70880179363,
      52832.23191535425,
      83694.45979987085,
      83144.4596989623,
      123344.4670744595,
      50183.3425404735,
      93705.57274772131,
      129168.91258751524,
      24680.00452804157,
      72892.23559576405,
      100046.68502223658,
      103262.24116775037,
      98851.12924733236,
      77973.34763910701,
      62235.5669739179,
      87487.79382916735,
      146401.13797133465
    ],
    "proportions": [
      0.10857759316610649,
      0.12640538081049743,
      0.029079396065422987,
      0.04606627917785835,
      0.04576355354635433,
      0.06789004515810229,
      0.027621420498745067,
      0.05157649723816374,
      0.07109587901738318,
      0.013584124700943771,
      0.04012062546173304,
      0.055066709720978706,
      0.05683658442314561,
      0.054408663701790184,
      0.04291732104328426,
      0.034255087013743135,
      0.04815416868483755,
      0.08058067057090998
    ],
    "entropy_bits": 4.009376493522056,
    "gini": 0.25718856157826664
  }
}