{
  "num_docs": 840351,
  "num_topics": 13,
  "vocab_size": 19168,
  "engine": "lda_multicore",
  "coherence": {
    "c_v": 0.6493113275866461,
    "c_npmi": 0.012397730543773357,
    "u_mass": -2.434198798862838
  },
  "perplexity": 2594.4101892669123,
  "topic_diversity": {
    "unique_word_ratio": 0.6974358974358974,
    "avg_pairwise_jaccard": 0.06266076246182346
  },
  "topic_size_proxy": {
    "counts_estimated": [
      173643.53996549058,
      66622.30150135855,
      103786.79017076218,
      47397.83418020269,
      62301.185248210066,
      39533.38037722377,
      38465.601328811405,
      45781.16558973443,
      41700.049622181235,
      56382.28931595962,
      75074.53378155926,
      5510.006556791813,
      84152.32236171437
    ],
    "proportions": [
      0.20663215723607228,
      0.07927913633869485,
      0.12350409551575732,
      0.056402424915544445,
      0.07413709896008937,
      0.04704389044247436,
      0.04577325585238954,
      0.05447862332493736,
      0.04962218123400964,
      0.06709373739777738,
      0.08933711482649424,
      0.006556791812935087,
      0.1001394921428241
    ],
    "entropy_bits": 3.4525407801781007,
    "gini": 0.30584143053947305
  }
}