{
  "num_docs": 840351,
  "num_topics": 10,
  "vocab_size": 19146,
  "engine": "lda_multicore",
  "coherence": {
    "c_v": 0.6366773620787175,
    "c_npmi": 0.0023716746619780273,
    "u_mass": -2.4526207495265906
  },
  "perplexity": 2612.364520208005,
  "topic_diversity": {
    "unique_word_ratio": 0.6733333333333333,
    "avg_pairwise_jaccard": 0.09999004974517217
  },
  "topic_size_proxy": {
    "counts_estimated": [
      174981.31933519762,
      81694.54165922929,
      12951.126522679042,
      48880.058166240255,
      112515.68944685746,
      110230.13117153567,
      44507.830741159436,
      85003.43448563099,
      80932.31852997758,
      88654.54994149263
    ],
    "proportions": [
      0.20822408652479454,
      0.09721478484493895,
      0.015411567931351355,
      0.058166240257035755,
      0.1338913019046297,
      0.13117153566966144,
      0.05296338165975817,
      0.10115229765375539,
      0.09630775536648088,
      0.1054970481875938
    ],
    "entropy_bits": 3.1288607294863704,
    "gini": 0.2698339977390374
  }
}