{
  "num_docs": 833027,
  "num_topics": 16,
  "vocab_size": 19103,
  "engine": "lda_multicore",
  "coherence": {
    "c_v": 0.5683552363212753,
    "c_npmi": -0.001421554541576075,
    "u_mass": -3.064580484071432
  },
  "perplexity": 3948.0967526965355,
  "topic_diversity": {
    "unique_word_ratio": 0.8666666666666667,
    "avg_pairwise_jaccard": 0.009564860426929393
  },
  "topic_size_proxy": {
    "counts_estimated": [
      114543.37916753365,
      83766.70018566832,
      69488.91669467697,
      51818.90962407499,
      31612.234871766144,
      79287.80950456434,
      62267.80269405808,
      32541.12413234737,
      39030.01561774733,
      34665.56942688242,
      61285.58007880233,
      25888.89924825669,
      51106.687116859,
      3298.8902089302196,
      50162.24229449771,
      42262.2391333344
    ],
    "proportions": [
      0.13750260095715222,
      0.10055700497783183,
      0.08341736425671313,
      0.06220555831212553,
      0.03794863176315551,
      0.09518035970570503,
      0.07474884090678703,
      0.039063708778163696,
      0.04685324199305345,
      0.04161398061153171,
      0.07356974033110851,
      0.031078103408721074,
      0.061350577012340535,
      0.003960123992295832,
      0.0602168264588035,
      0.05073333653451136
    ],
    "entropy_bits": 3.8108415020539708,
    "gini": 0.2710107319493573
  }
}