{
  "num_docs": 840351,
  "num_topics": 5,
  "vocab_size": 18814,
  "engine": "lda_multicore",
  "coherence": {
    "c_v": 0.6461016134763357,
    "c_npmi": 0.014819790165583893,
    "u_mass": -2.1453157506888267
  },
  "perplexity": 2254.397945025841,
  "topic_diversity": {
    "unique_word_ratio": 0.7333333333333333,
    "avg_pairwise_jaccard": 0.11222516946654879
  },
  "topic_size_proxy": {
    "counts_estimated": [
      365343.7680847266,
      162830.19376450288,
      106953.4606057,
      102672.34440015073,
      102551.23314491977
    ],
    "proportions": [
      0.4347513932686778,
      0.1937645028857024,
      0.1272723666726166,
      0.12217792850862406,
      0.12203380866437927
    ],
    "entropy_bits": 2.1006160461059036,
    "gini": 0.27880869743427006
  }
}