{
  "num_docs": 1816827,
  "num_topics": 6,
  "vocab_size": 23846,
  "engine": "lda_multicore",
  "coherence": {
    "c_v": 0.5859491753339549,
    "c_npmi": 0.031242189913997947,
    "u_mass": -2.8996982094098964
  },
  "perplexity": 3238.741249494681,
  "topic_diversity": {
    "unique_word_ratio": 0.9777777777777777,
    "avg_pairwise_jaccard": 0.004597701149425287
  },
  "topic_size_proxy": {
    "counts_estimated": [
      448522.3045126301,
      379636.73631863616,
      192711.14646783404,
      207691.14921621582,
      368002.2897396193,
      220263.37374506466
    ],
    "proportions": [
      0.24687122357419286,
      0.20895590847044665,
      0.10607016874354798,
      0.11431531412523913,
      0.20255219112200518,
      0.12123519396456826
    ],
    "entropy_bits": 2.506885213033491,
    "gini": 0.1782073423910472
  }
}