{
  "num_docs": 830137,
  "num_topics": 12,
  "vocab_size": 18764,
  "engine": "lda_multicore",
  "coherence": {
    "c_v": 0.6022640848691224,
    "c_npmi": 0.03066336073577396,
    "u_mass": -2.8325389843205104
  },
  "perplexity": 3511.566877153422,
  "topic_diversity": {
    "unique_word_ratio": 0.9055555555555556,
    "avg_pairwise_jaccard": 0.010523958799820867
  },
  "topic_size_proxy": {
    "counts_estimated": [
      182901.18455327972,
      51156.68720813039,
      10993.337747599793,
      67892.24948368609,
      55517.800070403406,
      80350.0322637638,
      59651.135063436675,
      82471.14422658652,
      67321.13814325085,
      84291.14495738989,
      45060.01809340631,
      42531.12818906659
    ],
    "proportions": [
      0.22032650580961904,
      0.06162439116450705,
      0.013242799378415602,
      0.08178439159281671,
      0.06687787686900283,
      0.09679129139378657,
      0.07185697669593895,
      0.09934642622432986,
      0.08109641919737447,
      0.10153883630941626,
      0.05428021891977627,
      0.051233866445016416
    ],
    "entropy_bits": 3.374354863842051,
    "gini": 0.2729935365394988
  }
}