{
  "num_docs": 840351,
  "num_topics": 10,
  "vocab_size": 19146,
  "engine": "lda_multicore",
  "coherence": {
    "c_v": 0.6346060184311536,
    "c_npmi": 0.0014479890447756715,
    "u_mass": -2.4571407218935133
  },
  "perplexity": 2580.1009805221343,
  "topic_diversity": {
    "unique_word_ratio": 0.6733333333333333,
    "avg_pairwise_jaccard": 0.103395754300302
  },
  "topic_size_proxy": {
    "counts_estimated": [
      174680.2078657702,
      82504.54262311339,
      13005.571031911306,
      48065.61275262291,
      111221.24346204953,
      108829.01839312984,
      45918.94353146506,
      87225.65935225402,
      81422.31911306796,
      87477.88187461573
    ],
    "proportions": [
      0.20786577021479144,
      0.09817866894085137,
      0.015476355751241214,
      0.05719706735949967,
      0.1323509384317381,
      0.12950424095780197,
      0.054642576175270886,
      0.10379669846558642,
      0.09689084574548963,
      0.10409683795772925
    ],
    "entropy_bits": 3.1314824475186436,
    "gini": 0.2664235140120189
  }
}