{
  "num_docs": 840344,
  "num_topics": 20,
  "vocab_size": 19169,
  "engine": "lda_multicore",
  "coherence": {
    "c_v": 0.5960954720822025,
    "c_npmi": 0.006240404988753894,
    "u_mass": -2.64291461154678
  },
  "perplexity": 2764.819361513458,
  "topic_diversity": {
    "unique_word_ratio": 0.6833333333333333,
    "avg_pairwise_jaccard": 0.04748174592094737
  },
  "topic_size_proxy": {
    "counts_estimated": [
      85951.17929840845,
      44383.36854380947,
      68167.83185708486,
      47110.037373613166,
      31677.802908599526,
      36618.9179396252,
      6446.6717809784095,
      46767.81487989697,
      58930.04675073283,
      71717.83467339407,
      31815.58079568007,
      14668.900526107715,
      63638.93937530823,
      32136.692161537147,
      10914.45310316286,
      63434.494768672586,
      26944.465820187248,
      29213.356509045905,
      43582.25679715566,
      26223.35413699956
    ],
    "proportions": [
      0.10228094601545136,
      0.052815714212048254,
      0.08111896063645944,
      0.056060419749070826,
      0.037696232624496076,
      0.0435761044758161,
      0.007671467614427437,
      0.0556531787933239,
      0.07012609925308307,
      0.08534342444688613,
      0.03786018677551107,
      0.01745582823951586,
      0.07572962902728911,
      0.03824230572424763,
      0.01298807762435724,
      0.07548634222255718,
      0.03206361421059382,
      0.03476356885876011,
      0.051862400156549776,
      0.03120549933955566
    ],
    "entropy_bits": 4.131154130190224,
    "gini": 0.2813407615141431
  }
}