{
  "num_docs": 830137,
  "num_topics": 20,
  "vocab_size": 18764,
  "engine": "lda_multicore",
  "coherence": {
    "c_v": 0.5741692210199004,
    "c_npmi": -0.012900078793604669,
    "u_mass": -3.2155133327761662
  },
  "perplexity": 3597.7854037778375,
  "topic_diversity": {
    "unique_word_ratio": 0.8533333333333334,
    "avg_pairwise_jaccard": 0.009152190821882292
  },
  "topic_size_proxy": {
    "counts_estimated": [
      73894.47411604247,
      118554.49204883266,
      28570.01147200662,
      10268.893012261702,
      63058.9142095746,
      31200.01252805763,
      42644.46156790783,
      83658.92248130495,
      7550.0030316293305,
      27163.344240506583,
      61305.58017220726,
      59527.801680580036,
      7453.3363261471,
      52133.35426696809,
      30330.012178717563,
      32374.457444088857,
      42897.7950029647,
      16845.562319725133,
      17530.00703900161,
      23175.564861475286
    ],
    "proportions": [
      0.08901479408343742,
      0.14281316463286503,
      0.03441601985215287,
      0.012370118441006368,
      0.07596205711777045,
      0.03758417288719529,
      0.05137039014994854,
      0.10077724819072631,
      0.00909488799033091,
      0.032721519749760085,
      0.07384995509440884,
      0.07170840678174813,
      0.008978441300829984,
      0.06280090426877503,
      0.03653615268168696,
      0.03899893324124676,
      0.05167556078450269,
      0.020292508730155548,
      0.021117004830529917,
      0.027917759190923052
    ],
    "entropy_bits": 4.01013300260695,
    "gini": 0.3645891640332316
  }
}