{
  "num_docs": 1821555,
  "num_topics": 6,
  "vocab_size": 24036,
  "engine": "lda_multicore",
  "coherence": {
    "c_v": 0.5890321278907097,
    "c_npmi": 0.010335614951377909,
    "u_mass": -2.939788088211827
  },
  "perplexity": 3826.5605486705476,
  "topic_diversity": {
    "unique_word_ratio": 0.9,
    "avg_pairwise_jaccard": 0.021364714468162745
  },
  "topic_size_proxy": {
    "counts_estimated": [
      534689.0519635549,
      289353.42158315337,
      254463.41094205866,
      161084.4935735596,
      241478.96253749088,
      340485.65940018266
    ],
    "proportions": [
      0.2935343988864211,
      0.158849676009318,
      0.13969570556039132,
      0.08843240724192218,
      0.13256748357172352,
      0.18692032873022366
    ],
    "entropy_bits": 2.485565975888921,
    "gini": 0.2012870773578205
  }
}