{
  "num_docs": 840351,
  "num_topics": 4,
  "vocab_size": 18814,
  "engine": "lda_multicore",
  "coherence": {
    "c_v": 0.658453984141981,
    "c_npmi": 0.021952742761902566,
    "u_mass": -2.15268145112147
  },
  "perplexity": 2195.1759030772732,
  "topic_diversity": {
    "unique_word_ratio": 0.7833333333333333,
    "avg_pairwise_jaccard": 0.10995958064923583
  },
  "topic_size_proxy": {
    "counts_estimated": [
      358551.53777989326,
      132127.93500723905,
      202470.24093532457,
      147201.28627754308
    ],
    "proportions": [
      0.4266687821873161,
      0.15722946126944462,
      0.24093532456714464,
      0.1751664319760946
    ],
    "entropy_bits": 1.8788866324111424,
    "gini": 0.21852171383616614
  }
}