{
  "num_docs": 1978350,
  "num_topics": 14,
  "vocab_size": 24151,
  "engine": "lda_multicore",
  "coherence": {
    "c_v": 0.6537752297727184,
    "c_npmi": 0.029331648427509516,
    "u_mass": -2.621428194108762
  },
  "perplexity": 2509.3167531319796,
  "topic_diversity": {
    "unique_word_ratio": 0.6666666666666666,
    "avg_pairwise_jaccard": 0.06511628660169773
  },
  "topic_size_proxy": {
    "counts_estimated": [
      400885.55555555556,
      193266.6666666667,
      145132.22222222222,
      122784.44444444445,
      89617.77777777778,
      218917.77777777778,
      162516.6666666667,
      79080.0,
      117951.11111111111,
      138718.8888888889,
      58295.555555555555,
      130950.0,
      33421.11111111111,
      86812.22222222222
    ],
    "proportions": [
      0.20263631589736678,
      0.09769083663996092,
      0.07336023566215392,
      0.06206406573379051,
      0.04529925330592553,
      0.11065674818802425,
      0.08214758089653837,
      0.039972704526499356,
      0.05962095236490566,
      0.07011847695750949,
      0.029466755405037307,
      0.06619152323906285,
      0.016893426901767185,
      0.04388112428145789
    ],
    "entropy_bits": 3.57325194507657,
    "gini": 0.3050714861390424
  }
}