{
  "num_docs": 833036,
  "num_topics": 13,
  "vocab_size": 19118,
  "engine": "lda_multicore",
  "coherence": {
    "c_v": 0.5753804412878328,
    "c_npmi": 0.0009020356163803877,
    "u_mass": -3.0955683789687516
  },
  "perplexity": 3720.4532583600417,
  "topic_diversity": {
    "unique_word_ratio": 0.8923076923076924,
    "avg_pairwise_jaccard": 0.01080305390650218
  },
  "topic_size_proxy": {
    "counts_estimated": [
      117955.61848767292,
      97357.82972048678,
      52896.69488830675,
      120560.06432165093,
      18977.787902877295,
      66997.81352269878,
      78953.3754568299,
      73115.5945644577,
      73122.2612346812,
      43022.245175609416,
      48426.69250345457,
      11967.7841628742,
      29682.238058399536
    ],
    "proportions": [
      0.14159726408903447,
      0.11687109527137697,
      0.06349869019863097,
      0.14472371460735303,
      0.022781473913345035,
      0.08042607224981727,
      0.0947778672912454,
      0.08777002982399044,
      0.08777803268367897,
      0.05164512118997188,
      0.05813277277747249,
      0.014366466950857106,
      0.03563139895322596
    ],
    "entropy_bits": 3.4912533400539454,
    "gini": 0.29448327997409535
  }
}