{
  "num_docs": 1821637,
  "num_topics": 5,
  "vocab_size": 24063,
  "engine": "lda_multicore",
  "coherence": {
    "c_v": 0.5957723817825279,
    "c_npmi": 0.02360509536382842,
    "u_mass": -2.8847851757193013
  },
  "perplexity": 4447.898640303044,
  "topic_diversity": {
    "unique_word_ratio": 0.96,
    "avg_pairwise_jaccard": 0.010344827586206896
  },
  "topic_size_proxy": {
    "counts_estimated": [
      698261.2388828605,
      306828.94503416645,
      244198.93357377645,
      392421.18291853537,
      179926.69959066113
    ],
    "proportions": [
      0.3833152482535547,
      0.1684358327340554,
      0.13405466268733918,
      0.21542227288891005,
      0.09877198343614076
    ],
    "entropy_bits": 2.158733202561372,
    "gini": 0.2601816559345595
  }
}