{
  "num_docs": 830137,
  "num_topics": 17,
  "vocab_size": 18764,
  "engine": "lda_multicore",
  "coherence": {
    "c_v": 0.5512953318739788,
    "c_npmi": -0.02131899238426488,
    "u_mass": -3.4308733610253688
  },
  "perplexity": 3352.9668384032425,
  "topic_diversity": {
    "unique_word_ratio": 0.8862745098039215,
    "avg_pairwise_jaccard": 0.00847781641392189
  },
  "topic_size_proxy": {
    "counts_estimated": [
      118911.15885871537,
      78587.80933393832,
      56620.022735212275,
      58427.8012388857,
      63801.136729828955,
      49548.90878476503,
      43614.46195740193,
      70092.25036707477,
      51337.79839196491,
      34414.45826323109,
      8871.114673219805,
      4876.668624844905,
      18387.78516121174,
      48562.24172191192,
      23585.56502610681,
      67085.58249311024,
      33412.23563857625
    ],
    "proportions": [
      0.14324281276309256,
      0.09466848162886164,
      0.06820563682285247,
      0.07038332376328932,
      0.07685615353830627,
      0.059687628409244534,
      0.05253887244804403,
      0.08443455762973433,
      0.06184256139885936,
      0.041456359930024916,
      0.010686326080176892,
      0.005874534715167382,
      0.0221503018913887,
      0.058499069095717844,
      0.02841165377053042,
      0.08081266404594692,
      0.04024906206876244
    ],
    "entropy_bits": 3.8482000161471417,
    "gini": 0.3047550797014208
  }
}