{
  "num_docs": 840348,
  "num_topics": 17,
  "vocab_size": 19171,
  "engine": "lda_multicore",
  "coherence": {
    "c_v": 0.6018887357977725,
    "c_npmi": 0.0067947963472431,
    "u_mass": -2.6042643733583977
  },
  "perplexity": 2651.6962824714174,
  "topic_diversity": {
    "unique_word_ratio": 0.7058823529411765,
    "avg_pairwise_jaccard": 0.042738974458041395
  },
  "topic_size_proxy": {
    "counts_estimated": [
      90082.24604363537,
      110586.69591029112,
      63706.683513307325,
      12428.892175593968,
      35942.23172681152,
      37428.89878661348,
      33010.008729190165,
      58478.90435309191,
      64267.7947727991,
      69245.57386690432,
      9953.335965400569,
      43312.23367574007,
      41272.23313628088,
      62167.794217473456,
      29175.56327076224,
      52155.569347611374,
      27133.340508493176
    ],
    "proportions": [
      0.10719635917933448,
      0.13159630999334931,
      0.07580988294528852,
      0.014790172851716157,
      0.04277065183330182,
      0.044539760654649596,
      0.03928135573499332,
      0.06958891358471955,
      0.0764775959159766,
      0.08240106939851623,
      0.011844302557274568,
      0.0515408303176066,
      0.04911326395288724,
      0.07397863054053018,
      0.0347184300679745,
      0.062064251176430926,
      0.03228821929545043
    ],
    "entropy_bits": 3.893099896260399,
    "gini": 0.28436701549257437
  }
}