{
  "num_docs": 840351,
  "num_topics": 3,
  "vocab_size": 18814,
  "engine": "lda_multicore",
  "coherence": {
    "c_v": 0.6524537746560641,
    "c_npmi": 0.018038572764969254,
    "u_mass": -2.1176841191550486
  },
  "perplexity": 2306.8680123957943,
  "topic_diversity": {
    "unique_word_ratio": 0.8222222222222222,
    "avg_pairwise_jaccard": 0.10714285714285714
  },
  "topic_size_proxy": {
    "counts_estimated": [
      465422.7760655282,
      213639.14311497193,
      161289.0808194998
    ],
    "proportions": [
      0.553843306029895,
      0.2542260830474075,
      0.19193061092269756
    ],
    "entropy_bits": 1.431480494724893,
    "gini": 0.24127513007146492
  }
}