{
  "num_docs": 840351,
  "num_topics": 9,
  "vocab_size": 18814,
  "engine": "lda_multicore",
  "coherence": {
    "c_v": 0.6597889885869141,
    "c_npmi": 0.028966366099505782,
    "u_mass": -2.3727463678468665
  },
  "perplexity": 2326.1686098307787,
  "topic_diversity": {
    "unique_word_ratio": 0.725925925925926,
    "avg_pairwise_jaccard": 0.06764814580906536
  },
  "topic_size_proxy": {
    "counts_estimated": [
      246603.62678645801,
      91937.88718192816,
      17805.57674381706,
      63727.853612582054,
      121985.70071597151,
      80408.98457388786,
      68377.85914599076,
      116353.47179151543,
      33150.03944784911
    ],
    "proportions": [
      0.29345312469010926,
      0.10940415038707417,
      0.02118826150479628,
      0.0758348042812849,
      0.1451604159642477,
      0.09568499897529469,
      0.08136821298004139,
      0.1384581821066619,
      0.03944784911048967
    ],
    "entropy_bits": 2.869854465485065,
    "gini": 0.34655107696895837
  }
}