{
  "num_docs": 840351,
  "num_topics": 17,
  "vocab_size": 18814,
  "engine": "lda_multicore",
  "coherence": {
    "c_v": 0.6002750555467475,
    "c_npmi": 0.024972425866988588,
    "u_mass": -2.5636161570830702
  },
  "perplexity": 2297.640623362958,
  "topic_diversity": {
    "unique_word_ratio": 0.7058823529411765,
    "avg_pairwise_jaccard": 0.04805506641206438
  },
  "topic_size_proxy": {
    "counts_estimated": [
      106747.90480553737,
      44437.83065786081,
      78576.76017135716,
      64756.74372582852,
      39945.603089982345,
      59134.514813272246,
      45117.83146704746,
      29867.81331984689,
      9691.122643343051,
      48522.27996271395,
      71503.41842089605,
      18950.022550127924,
      60602.29433767676,
      34043.373844231566,
      36666.71029928006,
      63020.07499256262,
      28766.700898435174
    ],
    "proportions": [
      0.1270277595975222,
      0.05288008303418549,
      0.09350469050593997,
      0.07705916185716269,
      0.047534426793069025,
      0.07036882780323013,
      0.05368926968260579,
      0.03554206911141522,
      0.011532231940395205,
      0.05774049172633096,
      0.08508756272188175,
      0.02255012792288927,
      0.07211545453944454,
      0.040510898236845755,
      0.04363261339521231,
      0.07499256262271672,
      0.03423176850915293
    ],
    "entropy_bits": 3.925694694818784,
    "gini": 0.25967891529789755
  }
}