{
  "num_docs": 1816827,
  "num_topics": 9,
  "vocab_size": 23846,
  "engine": "lda_multicore",
  "coherence": {
    "c_v": 0.592856562500416,
    "c_npmi": 0.019808035049654577,
    "u_mass": -2.905814427250787
  },
  "perplexity": 3853.4522088185436,
  "topic_diversity": {
    "unique_word_ratio": 0.9185185185185185,
    "avg_pairwise_jaccard": 0.010749255002128566
  },
  "topic_size_proxy": {
    "counts_estimated": [
      451455.63838414237,
      210320.03858742717,
      257424.4916741278,
      165503.3636982431,
      159076.6958524754,
      225390.04135232128,
      164841.14135452293,
      90904.46112269012,
      91911.12797405
    ],
    "proportions": [
      0.2484857602755476,
      0.11576228148713509,
      0.14168905001639,
      0.0910947292715504,
      0.08755742613494592,
      0.12405696379034507,
      0.09073023537988092,
      0.050034737001756424,
      0.050588816642448624
    ],
    "entropy_bits": 3.0028624757564564,
    "gini": 0.2589190921411204
  }
}