{
  "num_docs": 1821637,
  "num_topics": 5,
  "vocab_size": 24063,
  "engine": "lda_multicore",
  "coherence": {
    "c_v": 0.5892902786677298,
    "c_npmi": 0.022760746726203464,
    "u_mass": -2.916481292969803
  },
  "perplexity": 3607.629065672803,
  "topic_diversity": {
    "unique_word_ratio": 0.96,
    "avg_pairwise_jaccard": 0.010344827586206896
  },
  "topic_size_proxy": {
    "counts_estimated": [
      705500.129096362,
      305386.7225480383,
      243958.9335298599,
      387504.51535218937,
      179286.69947355034
    ],
    "proportions": [
      0.3872890861880617,
      0.16764411490765632,
      0.13392291303363948,
      0.2127232348443677,
      0.09842065102627492
    ],
    "entropy_bits": 2.1546052574540755,
    "gini": 0.2626148768537206
  }
}