{
  "num_docs": 1978351,
  "num_topics": 11,
  "vocab_size": 23896,
  "engine": "lda_multicore",
  "coherence": {
    "c_v": 0.6366019890805963,
    "c_npmi": 0.02690526869254408,
    "u_mass": -2.5899007435322505
  },
  "perplexity": 2182.601804963392,
  "topic_diversity": {
    "unique_word_ratio": 0.7272727272727273,
    "avg_pairwise_jaccard": 0.050946524739628185
  },
  "topic_size_proxy": {
    "counts_estimated": [
      279314.58563000034,
      95927.8262665577,
      226333.44773843524,
      172270.0870776152,
      229560.11603609068,
      141262.29362628228,
      239271.23205589395,
      166840.08433290367,
      178117.8678112793,
      160841.19241174604,
      88612.26701319563
    ],
    "proportions": [
      0.14118555586445494,
      0.04848877993164898,
      0.11440510189467654,
      0.08707761518437081,
      0.11603609068162861,
      0.0714040600612744,
      0.1209447828296869,
      0.08433290368236154,
      0.09003350154309285,
      0.08130063492865827,
      0.04479097339814604
    ],
    "entropy_bits": 3.3846498691028555,
    "gini": 0.17774591774136847
  }
}