{
  "num_docs": 832120,
  "num_topics": 4,
  "vocab_size": 19121,
  "engine": "lda_multicore",
  "coherence": {
    "c_v": 0.5465257768067749,
    "c_npmi": 0.007368915202927317,
    "u_mass": -2.9210329355657736
  },
  "perplexity": 3581.8856504201754,
  "topic_diversity": {
    "unique_word_ratio": 1.0,
    "avg_pairwise_jaccard": 0.0
  },
  "topic_size_proxy": {
    "counts_estimated": [
      337260.0,
      121866.66666666667,
      163331.11111111112,
      209662.22222222222
    ],
    "proportions": [
      0.40530211988655485,
      0.14645323591148712,
      0.19628312155832225,
      0.2519615226436358
    ],
    "entropy_bits": 1.8961234027525566,
    "gini": 0.20805626325262905
  }
}