{
  "num_docs": 840351,
  "num_topics": 20,
  "vocab_size": 18814,
  "engine": "lda_multicore",
  "coherence": {
    "c_v": 0.6115188463578269,
    "c_npmi": 0.010954213442825031,
    "u_mass": -2.701949272246896
  },
  "perplexity": 2455.225230095607,
  "topic_diversity": {
    "unique_word_ratio": 0.68,
    "avg_pairwise_jaccard": 0.054129627178628986
  },
  "topic_size_proxy": {
    "counts_estimated": [
      76973.42493008864,
      43530.0517998453,
      34827.8192221495,
      70770.08421491046,
      48568.94668491303,
      64240.076444338665,
      55407.84371194542,
      39310.04677812816,
      44866.720057119055,
      35992.26505225997,
      42754.495321393864,
      29614.47968505186,
      24673.362694115545,
      51382.28336605779,
      44306.71939073005,
      9373.344487415958,
      26660.03172487654,
      1574.4463180024195,
      64182.29859780647,
      31342.25951885127
    ],
    "proportions": [
      0.09159675532020388,
      0.051799845302552515,
      0.04144437172342212,
      0.08421491045397753,
      0.05779602414337942,
      0.07644433866841198,
      0.06593416764178947,
      0.046778128160885356,
      0.05339045239086889,
      0.042830037748821596,
      0.05087694941922348,
      0.03524060741886648,
      0.02936078221376014,
      0.061143835571157525,
      0.05272406338628747,
      0.011154082624303367,
      0.0317248765395371,
      0.0018735579751822985,
      0.07637558424730437,
      0.03729662905006512
    ],
    "entropy_bits": 4.151163739334573,
    "gini": 0.24858828662660404
  }
}