{
  "num_docs": 840351,
  "num_topics": 11,
  "vocab_size": 18814,
  "engine": "lda_multicore",
  "coherence": {
    "c_v": 0.6131190815124539,
    "c_npmi": 0.017029879789294485,
    "u_mass": -2.435856777571507
  },
  "perplexity": 2223.825102691392,
  "topic_diversity": {
    "unique_word_ratio": 0.703030303030303,
    "avg_pairwise_jaccard": 0.0695509587863411
  },
  "topic_size_proxy": {
    "counts_estimated": [
      129011.26463180024,
      20324.46863013427,
      94377.89008548025,
      68064.52543979691,
      103015.67814204398,
      39923.38084131612,
      108325.68446083972,
      90198.99622379564,
      62635.630090636834,
      110005.68646000673,
      14467.794994149262
    ],
    "proportions": [
      0.15352068913085157,
      0.02418568982500678,
      0.11230770247846467,
      0.08099535246557323,
      0.12258648843405195,
      0.04750798278495072,
      0.12890528417392225,
      0.10733490675181638,
      0.07453508128226996,
      0.13090445118766653,
      0.017216371485426048
    ],
    "entropy_bits": 3.263594439835578,
    "gini": 0.2690915822111157
  }
}