{
  "num_docs": 840351,
  "num_topics": 3,
  "vocab_size": 18814,
  "engine": "lda_multicore",
  "coherence": {
    "c_v": 0.6524537746560641,
    "c_npmi": 0.018038572764969254,
    "u_mass": -2.1189735847106177
  },
  "perplexity": 2426.2733460184386,
  "topic_diversity": {
    "unique_word_ratio": 0.8222222222222222,
    "avg_pairwise_jaccard": 0.10714285714285714
  },
  "topic_size_proxy": {
    "counts_estimated": [
      464526.10833184584,
      213209.14260328037,
      162615.74906487376
    ],
    "proportions": [
      0.5527762903023211,
      0.25371439149031816,
      0.1935093182073607
    ],
    "entropy_bits": 1.4333077837904733,
    "gini": 0.23951131472997375
  }
}