{
  "num_docs": 830137,
  "num_topics": 18,
  "vocab_size": 18764,
  "engine": "lda_multicore",
  "coherence": {
    "c_v": 0.5484431035980035,
    "c_npmi": 0.00015380194070269907,
    "u_mass": -3.121331025628026
  },
  "perplexity": 3390.028637287988,
  "topic_diversity": {
    "unique_word_ratio": 0.8740740740740741,
    "avg_pairwise_jaccard": 0.008660935638623263
  },
  "topic_size_proxy": {
    "counts_estimated": [
      105232.26447720121,
      89254.48028370162,
      60622.24656448804,
      31257.790329035513,
      69667.80575219876,
      45753.35170514092,
      48295.57494816784,
      77997.80909702955,
      50382.24245271528,
      37685.570687825166,
      33478.902332012265,
      7568.891928102869,
      18344.451810478327,
      33142.23553016036,
      13717.7832860185,
      21191.11962019641,
      61257.80237524478,
      25286.676820282606
    ],
    "proportions": [
      0.12676493696486388,
      0.10751777150482585,
      0.07302679746172987,
      0.03765377320735675,
      0.08392326297008658,
      0.05511542276171394,
      0.05817783684881874,
      0.09395775528259738,
      0.06069147918080423,
      0.0453968088253206,
      0.040329370130487215,
      0.00911764194115293,
      0.022098101651267594,
      0.03992381441877709,
      0.016524722167568125,
      0.025527255886915543,
      0.07379240098350606,
      0.03046084781220763
    ],
    "entropy_bits": 3.9345915996108425,
    "gini": 0.3192293787115525
  }
}