{
  "num_docs": 830137,
  "num_topics": 14,
  "vocab_size": 18764,
  "engine": "lda_multicore",
  "coherence": {
    "c_v": 0.5910838609964604,
    "c_npmi": 0.00652188929431419,
    "u_mass": -2.9300339878565
  },
  "perplexity": 3278.7875454568793,
  "topic_diversity": {
    "unique_word_ratio": 0.8809523809523809,
    "avg_pairwise_jaccard": 0.010691279164185568
  },
  "topic_size_proxy": {
    "counts_estimated": [
      159388.95288995252,
      47264.463423024055,
      86125.59013843772,
      64282.24803412557,
      61802.247038305606,
      46393.35196212672,
      21933.342140450768,
      38338.90428349817,
      8417.781157854864,
      43813.35092615272,
      71235.58415950253,
      71456.69535939865,
      53746.68824811979,
      55937.80023905033
    ],
    "proportions": [
      0.19200319090698587,
      0.05693573882747553,
      0.10374864647454302,
      0.07743571005042008,
      0.0744482501542584,
      0.05588638015427179,
      0.026421352307451382,
      0.04618382783022341,
      0.010140231260448412,
      0.05277845816552294,
      0.08581184088831426,
      0.08607819595970141,
      0.0647443593625146,
      0.06738381765786892
    ],
    "entropy_bits": 3.5900519139235514,
    "gini": 0.2834303818017343
  }
}