{
  "num_docs": 1978351,
  "num_topics": 20,
  "vocab_size": 23896,
  "engine": "lda_multicore",
  "coherence": {
    "c_v": 0.6053555536489006,
    "c_npmi": 0.00894192989213496,
    "u_mass": -2.8515152405907807
  },
  "perplexity": 2709.2893819141677,
  "topic_diversity": {
    "unique_word_ratio": 0.7266666666666667,
    "avg_pairwise_jaccard": 0.03481870015445333
  },
  "topic_size_proxy": {
    "counts_estimated": [
      225832.3363740266,
      32948.90554362081,
      148732.2974021561,
      40674.46500422631,
      147257.85221242168,
      71696.7029073049,
      162945.63791992766,
      178135.64559804328,
      67272.25622642887,
      43834.46660151698,
      105090.05312002427,
      37762.24130995807,
      122610.061975889,
      41455.576510167004,
      96340.04869714662,
      45444.467415326464,
      63492.254315745726,
      107427.83207948263,
      170471.1972794388,
      68926.70150714822
    ],
    "proportions": [
      0.11415180439367262,
      0.01665473191745085,
      0.07517993389553022,
      0.0205597818608661,
      0.07443464390920604,
      0.0362406382423063,
      0.08236437210582331,
      0.09004248770720831,
      0.03400420664807654,
      0.022157072532385295,
      0.05312002426264312,
      0.019087735851705825,
      0.06197588899840776,
      0.020954611446688177,
      0.04869714661207572,
      0.022970882020089692,
      0.03209352350303143,
      0.05430170484382328,
      0.08616832770293988,
      0.034840481546069536
    ],
    "entropy_bits": 4.098977284731885,
    "gini": 0.31327573763770583
  }
}