{
  "num_docs": 840351,
  "num_topics": 7,
  "vocab_size": 18814,
  "engine": "lda_multicore",
  "coherence": {
    "c_v": 0.6285855387393583,
    "c_npmi": 0.021998275975715405,
    "u_mass": -2.216042018310014
  },
  "perplexity": 2193.390939334366,
  "topic_diversity": {
    "unique_word_ratio": 0.7142857142857143,
    "avg_pairwise_jaccard": 0.11193346288655776
  },
  "topic_size_proxy": {
    "counts_estimated": [
      253283.63473552687,
      110252.3534202019,
      74126.75487594455,
      67911.19192399991,
      118057.9182642153,
      120541.25455266655,
      96177.89222744491
    ],
    "proportions": [
      0.3014021935304734,
      0.13119797967777974,
      0.0882092778802483,
      0.08081288880955684,
      0.1404864375293363,
      0.1434415554365575,
      0.11444966713604779
    ],
    "entropy_bits": 2.6657561891721646,
    "gini": 0.22807692561961623
  }
}