{
  "num_docs": 1978351,
  "num_topics": 19,
  "vocab_size": 23896,
  "engine": "lda_multicore",
  "coherence": {
    "c_v": 0.5975635615142111,
    "c_npmi": -0.01739740344525604,
    "u_mass": -2.9670429368179367
  },
  "perplexity": 2321.6524105025983,
  "topic_diversity": {
    "unique_word_ratio": 0.7228070175438597,
    "avg_pairwise_jaccard": 0.036656973015109735
  },
  "topic_size_proxy": {
    "counts_estimated": [
      227721.22621769545,
      106012.27580840375,
      164667.86101268453,
      147017.85209110848,
      36643.35185550248,
      165157.8612603657,
      66167.81122371898,
      139485.62606156085,
      23576.67858400519,
      116228.94763930661,
      123105.61778193388,
      165146.75014363823,
      82872.26411178788,
      102890.05200798645,
      77360.03910329315,
      7813.337282752463,
      121324.50577052146,
      23278.900655709163,
      81880.04138802538
    ],
    "proportions": [
      0.11510658433093797,
      0.05358618152613148,
      0.08323490675450643,
      0.07431333069364762,
      0.018522169147690414,
      0.08348258790293821,
      0.03344594120240492,
      0.07050600528498778,
      0.01191733852284311,
      0.05875041771622256,
      0.06222637832312561,
      0.08347697155036606,
      0.04188956565937383,
      0.052007986453357594,
      0.03910329314833068,
      0.003949419128735226,
      0.06132607700581012,
      0.011766820273909516,
      0.04138802537468092
    ],
    "entropy_bits": 4.00713511860283,
    "gini": 0.3054118729988974
  }
}