{
  "num_docs": 833164,
  "num_topics": 12,
  "vocab_size": 19108,
  "engine": "lda_multicore",
  "coherence": {
    "c_v": 0.5389965951861692,
    "c_npmi": 0.011542776316408508,
    "u_mass": -3.164523761211726
  },
  "perplexity": 3995.382395270076,
  "topic_diversity": {
    "unique_word_ratio": 0.9,
    "avg_pairwise_jaccard": 0.01115838184803702
  },
  "topic_size_proxy": {
    "counts_estimated": [
      156256.7916975063,
      107951.19748962122,
      96101.1880076869,
      59410.04753769769,
      47992.26062383393,
      51187.81873635555,
      38520.03082228775,
      90278.96112673653,
      8902.22934545314,
      59644.49216973596,
      42104.47813487285,
      74814.50430821221
    ],
    "proportions": [
      0.18754625943692513,
      0.12956776515742546,
      0.11534486368552517,
      0.07130654653549325,
      0.05760241755984888,
      0.06143786665813159,
      0.046233431620050496,
      0.10835677144804207,
      0.010684846375327234,
      0.07158793727253693,
      0.05053564260442464,
      0.08979565164626918
    ],
    "entropy_bits": 3.3750168323610685,
    "gini": 0.2906896340186731
  }
}