{
  "num_docs": 833027,
  "num_topics": 16,
  "vocab_size": 19103,
  "engine": "lda_multicore",
  "coherence": {
    "c_v": 0.569343734465608,
    "c_npmi": 0.004711327955445459,
    "u_mass": -3.030741801507877
  },
  "perplexity": 3679.8450993703686,
  "topic_diversity": {
    "unique_word_ratio": 0.8916666666666667,
    "avg_pairwise_jaccard": 0.00812807881773399
  },
  "topic_size_proxy": {
    "counts_estimated": [
      114500.0458168606,
      84645.5894262422,
      70407.80595125673,
      51815.576289407836,
      32225.568450523126,
      77187.8086642551,
      62808.914021693316,
      30385.567714252178,
      40187.793858806705,
      37346.681610832784,
      61640.024665076744,
      25102.232266807518,
      50058.908919815825,
      3348.8902289375824,
      50133.35339404901,
      41232.23872118273
    ],
    "proportions": [
      0.13745058181410758,
      0.1016120599047116,
      0.08452043685409563,
      0.06220155683958364,
      0.03868490271086426,
      0.09265943200431091,
      0.07539841328275472,
      0.036476089867737996,
      0.048243086789271784,
      0.044832498359396254,
      0.07399523024473005,
      0.030133755888833755,
      0.06009278081000475,
      0.004020146080424263,
      0.060182147030107075,
      0.049496881519065686
    ],
    "entropy_bits": 3.810624184137313,
    "gini": 0.27138353580784413
  }
}