{
  "num_docs": 1978351,
  "num_topics": 15,
  "vocab_size": 23896,
  "engine": "lda_multicore",
  "coherence": {
    "c_v": 0.6363174824537547,
    "c_npmi": 0.030848231488412616,
    "u_mass": -2.5777516585563567
  },
  "perplexity": 2659.34234606153,
  "topic_diversity": {
    "unique_word_ratio": 0.6933333333333334,
    "avg_pairwise_jaccard": 0.04904481214826042
  },
  "topic_size_proxy": {
    "counts_estimated": [
      339219.06035444804,
      127508.95334102774,
      150482.29828673165,
      143687.8504078876,
      98570.04982434858,
      46296.69006832293,
      161331.19265942718,
      63176.698600685755,
      80455.59622356453,
      152336.74366854533,
      104031.16369589698,
      170811.1974512992,
      142978.96116067542,
      64511.143719654145,
      132953.40053748494
    ],
    "proportions": [
      0.17146555912193945,
      0.06445213884746828,
      0.0760645094256437,
      0.07263010982777454,
      0.04982434857330604,
      0.02340165626237353,
      0.08154831607709005,
      0.03193401908998239,
      0.04066800897493141,
      0.07700187866993538,
      0.05258478586251731,
      0.08634018809164765,
      0.07227178653367143,
      0.03260854303389749,
      0.06720415160782132
    ],
    "entropy_bits": 3.742602281757946,
    "gini": 0.2506065941595551
  }
}