{
  "num_docs": 830137,
  "num_topics": 17,
  "vocab_size": 18764,
  "engine": "lda_multicore",
  "coherence": {
    "c_v": 0.5557317191271314,
    "c_npmi": -0.012389391484145385,
    "u_mass": -3.4166668410139316
  },
  "perplexity": 3411.5873246156907,
  "topic_diversity": {
    "unique_word_ratio": 0.8705882352941177,
    "avg_pairwise_jaccard": 0.009473904504330466
  },
  "topic_size_proxy": {
    "counts_estimated": [
      119955.60372254635,
      80702.25462741744,
      57884.46768738213,
      60523.35763589128,
      61841.13594280995,
      52411.132156284846,
      39397.793597573625,
      69776.69468481094,
      49447.79763305373,
      33583.34681839537,
      8863.336892318935,
      4760.001911331869,
      15432.228418881496,
      50257.79795830138,
      22240.008930256463,
      68854.47209227932,
      34205.56929046489
    ],
    "proportions": [
      0.14450097239678072,
      0.09721558565323246,
      0.06972881306023239,
      0.07290767383683812,
      0.07449509652359786,
      0.06313552119262826,
      0.04745938754395193,
      0.08405443280423705,
      0.05956582784896195,
      0.04045518609385603,
      0.010676956806309002,
      0.005733995607149024,
      0.018589977821590286,
      0.06054157079891798,
      0.026790769391385354,
      0.08294350461704432,
      0.041204728003287276
    ],
    "entropy_bits": 3.8346787178680235,
    "gini": 0.31398042892535777
  }
}