{
  "num_docs": 1821554,
  "num_topics": 4,
  "vocab_size": 24048,
  "engine": "lda_multicore",
  "coherence": {
    "c_v": 0.5391477998228456,
    "c_npmi": -0.007034891596037167,
    "u_mass": -3.0413936475745547
  },
  "perplexity": 3837.1634624404032,
  "topic_diversity": {
    "unique_word_ratio": 1.0,
    "avg_pairwise_jaccard": 0.0
  },
  "topic_size_proxy": {
    "counts_estimated": [
      690665.8083308629,
      494637.95880927023,
      226310.08282674494,
      409940.1500331219
    ],
    "proportions": [
      0.3791629610381372,
      0.27154723868151603,
      0.12424011740895133,
      0.22504968287139548
    ],
    "entropy_bits": 1.8992455858743003,
    "gini": 0.20281652167441955
  }
}