{
  "num_docs": 1816827,
  "num_topics": 7,
  "vocab_size": 23846,
  "engine": "lda_multicore",
  "coherence": {
    "c_v": 0.6237189065189787,
    "c_npmi": 0.025457774466605795,
    "u_mass": -2.8997120576531215
  },
  "perplexity": 3871.5217231003035,
  "topic_diversity": {
    "unique_word_ratio": 0.9428571428571428,
    "avg_pairwise_jaccard": 0.009852216748768475
  },
  "topic_size_proxy": {
    "counts_estimated": [
      457238.9727785443,
      359737.84377889655,
      113894.46534066726,
      229256.7087284056,
      141931.13715122337,
      355211.17628172203,
      159556.69594054102
    ],
    "proportions": [
      0.25166896615833223,
      0.1980033562793246,
      0.06268866839862422,
      0.12618521671485813,
      0.07812033680214096,
      0.19551183259700675,
      0.08782162304971304
    ],
    "entropy_bits": 2.646753395541219,
    "gini": 0.2612563262230814
  }
}