{
  "num_docs": 833055,
  "num_topics": 15,
  "vocab_size": 19121,
  "engine": "lda_multicore",
  "coherence": {
    "c_v": 0.5684806437469979,
    "c_npmi": -0.024315392541279613,
    "u_mass": -3.2582713777573256
  },
  "perplexity": 3778.311550650931,
  "topic_diversity": {
    "unique_word_ratio": 0.8711111111111111,
    "avg_pairwise_jaccard": 0.010980790783746449
  },
  "topic_size_proxy": {
    "counts_estimated": [
      90945.61620622367,
      136460.09100378925,
      87596.72508399477,
      73276.71553413209,
      45982.25288729961,
      44570.02972328072,
      4327.780663928861,
      54327.81400842148,
      61848.93013528527,
      52988.924226641175,
      49174.47723838244,
      8215.561034426188,
      45343.363572342205,
      25044.461146330304,
      52952.25753552189
    ],
    "proportions": [
      0.10917120262914655,
      0.16380682068265512,
      0.10515119059845361,
      0.08796143776117075,
      0.055197139309288844,
      0.05350190530430851,
      0.005195071950746183,
      0.06521515867310261,
      0.07424351349584996,
      0.06360795412864839,
      0.059029088401585064,
      0.00986196713833563,
      0.05443021597894762,
      0.03006339454937586,
      0.06356393939838534
    ],
    "entropy_bits": 3.650833173668387,
    "gini": 0.30712927481952834
  }
}