{
  "num_docs": 1816827,
  "num_topics": 19,
  "vocab_size": 23846,
  "engine": "lda_multicore",
  "coherence": {
    "c_v": 0.5826076753954507,
    "c_npmi": -0.006011675441550551,
    "u_mass": -3.1623298500841335
  },
  "perplexity": 3564.836431106369,
  "topic_diversity": {
    "unique_word_ratio": 0.887719298245614,
    "avg_pairwise_jaccard": 0.007547604643793391
  },
  "topic_size_proxy": {
    "counts_estimated": [
      149521.1385437613,
      180953.36653285584,
      57788.89949142094,
      57982.23286022516,
      93776.68387187918,
      135468.91374337673,
      131576.6908070482,
      129371.13484683918,
      84172.23766530654,
      128462.24579119639,
      65864.45652859932,
      100497.79621611309,
      92851.12814651188,
      64656.678529230456,
      25767.78250539402,
      45772.23062005548,
      95605.57309631446,
      65044.45637815385,
      111693.3538257181
    ],
    "proportions": [
      0.08229795051689637,
      0.09959856746561771,
      0.0318075961505531,
      0.031914008796778755,
      0.05161563752183294,
      0.07456346352370188,
      0.0724211445597452,
      0.07120718419906748,
      0.046329252958760815,
      0.07070692244842045,
      0.036252464614737294,
      0.055315005895505226,
      0.05110620226720093,
      0.03558769135929312,
      0.014182848727696153,
      0.025193499777389633,
      0.05262227669245033,
      0.03580112821867676,
      0.061477154305675824
    ],
    "entropy_bits": 4.124868061628858,
    "gini": 0.22955718434069353
  }
}