{
  "num_docs": 1816827,
  "num_topics": 5,
  "vocab_size": 23846,
  "engine": "lda_multicore",
  "coherence": {
    "c_v": 0.6029454738945509,
    "c_npmi": 0.03530421691581104,
    "u_mass": -2.879033692245046
  },
  "perplexity": 3289.738798965992,
  "topic_diversity": {
    "unique_word_ratio": 0.96,
    "avg_pairwise_jaccard": 0.010344827586206896
  },
  "topic_size_proxy": {
    "counts_estimated": [
      676523.4574551233,
      278874.49560956104,
      238136.7103576199,
      390998.9606254862,
      232293.37595220972
    ],
    "proportions": [
      0.3723653696555166,
      0.15349534964504655,
      0.1310728596380502,
      0.21520979192046694,
      0.1278566291409197
    ],
    "entropy_bits": 2.1863033300847436,
    "gini": 0.22926176532464418
  }
}