{
  "num_docs": 833164,
  "num_topics": 12,
  "vocab_size": 19108,
  "engine": "lda_multicore",
  "coherence": {
    "c_v": 0.550929881313414,
    "c_npmi": 0.025167386535400082,
    "u_mass": -3.0898082354517924
  },
  "perplexity": 3765.438107337365,
  "topic_diversity": {
    "unique_word_ratio": 0.9222222222222223,
    "avg_pairwise_jaccard": 0.008471413643827436
  },
  "topic_size_proxy": {
    "counts_estimated": [
      153426.78943304435,
      102948.97126480468,
      99076.74594417261,
      60050.04804980216,
      45584.4809194409,
      52033.374968493576,
      38761.142126327104,
      88842.293310502,
      25437.798132152293,
      59337.8252576859,
      39744.47624648762,
      67920.0543470868
    ],
    "proportions": [
      0.18414956651156839,
      0.12356387369690085,
      0.11891625891681905,
      0.07207470323946086,
      0.05471249468224852,
      0.062452740359033254,
      0.046522823989427184,
      0.10663241968028145,
      0.030531561771934813,
      0.07121986218521913,
      0.047703064758544085,
      0.08152063020856255
    ],
    "entropy_bits": 3.4199244142662026,
    "gini": 0.26660983285034606
  }
}