{
  "num_docs": 1978347,
  "num_topics": 11,
  "vocab_size": 24185,
  "engine": "lda_multicore",
  "coherence": {
    "c_v": 0.6465659627241789,
    "c_npmi": 0.02630924045749301,
    "u_mass": -2.5264784536601512
  },
  "perplexity": 2949.3181056336225,
  "topic_diversity": {
    "unique_word_ratio": 0.6909090909090909,
    "avg_pairwise_jaccard": 0.07905386966856232
  },
  "topic_size_proxy": {
    "counts_estimated": [
      369657.84006173507,
      185167.80897685612,
      164855.58333221008,
      229343.37197558905,
      179880.0303081361,
      89183.34835990996,
      141491.13495107027,
      265116.7113364021,
      146913.35808688737,
      74174.45694216047,
      132563.35566904352
    ],
    "proportions": [
      0.1868518718211391,
      0.09359723495264284,
      0.08332996351611223,
      0.11592676713215075,
      0.09092440826009598,
      0.04507972987545156,
      0.07151987742851496,
      0.13400920634064808,
      0.07426066210168761,
      0.037493148038317076,
      0.06700713053323988
    ],
    "entropy_bits": 3.3254859425305408,
    "gini": 0.2381979810505987
  }
}