{
  "num_docs": 1978350,
  "num_topics": 4,
  "vocab_size": 24098,
  "engine": "lda_multicore",
  "coherence": {
    "c_v": 0.6503481791492842,
    "c_npmi": 0.016102379644110355,
    "u_mass": -2.377014219346705
  },
  "perplexity": 2434.8990973386817,
  "topic_diversity": {
    "unique_word_ratio": 0.7333333333333333,
    "avg_pairwise_jaccard": 0.15248316012933702
  },
  "topic_size_proxy": {
    "counts_estimated": [
      592057.7777777778,
      556296.6666666667,
      491325.55555555556,
      338670.0
    ],
    "proportions": [
      0.2992684700774776,
      0.2811922393240158,
      0.24835117929363135,
      0.17118811130487527
    ],
    "entropy_bits": 1.9705366656461756,
    "gini": 0.10427053408704778
  }
}