{
  "num_docs": 832253,
  "num_topics": 18,
  "vocab_size": 19105,
  "engine": "lda_multicore",
  "coherence": {
    "c_v": 0.5582939492636377,
    "c_npmi": -0.02927531958583959,
    "u_mass": -3.382874171750304
  },
  "perplexity": 3938.0514596247176,
  "topic_diversity": {
    "unique_word_ratio": 0.9296296296296296,
    "avg_pairwise_jaccard": 0.004539746933256062
  },
  "topic_size_proxy": {
    "counts_estimated": [
      102947.87398718603,
      82558.96604394767,
      73206.73508164592,
      69842.28749297421,
      29882.250148526018,
      79967.85251132469,
      12092.233522957116,
      5067.782513847965,
      49821.15767121879,
      32612.252699835917,
      55676.71869905891,
      34691.14353154159,
      40728.92695189893,
      34674.47684929916,
      60400.056446563336,
      4764.448897035754,
      43602.26297049372,
      19715.57398064422
    ],
    "proportions": [
      0.1236978106263192,
      0.09919936130473266,
      0.08796211618539786,
      0.08391953828099653,
      0.035905247741403176,
      0.09608598888958608,
      0.014529516292470098,
      0.006089233098406332,
      0.05986299559294925,
      0.03918550332631533,
      0.06689879003026593,
      0.04168341061136648,
      0.04893815576741559,
      0.04166338463099461,
      0.07257415286765363,
      0.005724760255638315,
      0.052390634783525826,
      0.023689399714563027
    ],
    "entropy_bits": 3.8932884329226245,
    "gini": 0.3344136237189491
  }
}