{
  "num_docs": 1978351,
  "num_topics": 14,
  "vocab_size": 23896,
  "engine": "lda_multicore",
  "coherence": {
    "c_v": 0.6595955958600258,
    "c_npmi": 0.040876538444971425,
    "u_mass": -2.587106291730611
  },
  "perplexity": 2213.4307078157553,
  "topic_diversity": {
    "unique_word_ratio": 0.719047619047619,
    "avg_pairwise_jaccard": 0.04599945126659791
  },
  "topic_size_proxy": {
    "counts_estimated": [
      309482.378656737,
      284552.3660553267,
      139823.40401007573,
      151837.8545274822,
      103384.49670235859,
      108695.61049808623,
      107688.94332257802,
      126938.95305290885,
      176864.5338444214,
      127945.62022841706,
      99816.71712117,
      74024.48186170855,
      73808.92619719576,
      93486.71392153394
    ],
    "proportions": [
      0.15643451473309694,
      0.14383310446696607,
      0.07067674240318111,
      0.0767497044394459,
      0.052257914142818246,
      0.0549425306723055,
      0.0544336891292688,
      0.06416401996051706,
      0.08939997697295447,
      0.06467286150355377,
      0.05045450333190118,
      0.03741726410617154,
      0.037308306866271845,
      0.04725486727154785
    ],
    "entropy_bits": 3.657589361866721,
    "gini": 0.24390146350112993
  }
}