{
  "num_docs": 1978351,
  "num_topics": 13,
  "vocab_size": 23896,
  "engine": "lda_multicore",
  "coherence": {
    "c_v": 0.6634202948331376,
    "c_npmi": 0.03724438963472212,
    "u_mass": -2.5484648811201187
  },
  "perplexity": 2560.0842816985037,
  "topic_diversity": {
    "unique_word_ratio": 0.7333333333333333,
    "avg_pairwise_jaccard": 0.04854448773546917
  },
  "topic_size_proxy": {
    "counts_estimated": [
      185521.2048867884,
      198234.54464635233,
      166201.19512107453,
      270305.69218737277,
      124183.39610449786,
      153855.6333251896,
      219018.99959674588,
      147521.1856788626,
      132532.28921351407,
      60866.69743304606,
      103580.05235676195,
      114282.27998865498,
      102247.82946113906
    ],
    "proportions": [
      0.0937756772619158,
      0.10020190787496876,
      0.084009963409463,
      0.13663181719895648,
      0.06277116452262407,
      0.07776963406654816,
      0.1107078569964308,
      0.07456775146516598,
      0.06699129184533688,
      0.030766379390232603,
      0.052356761948088054,
      0.05776643274558204,
      0.05168336127468738
    ],
    "entropy_bits": 3.610490847298496,
    "gini": 0.1973814404173036
  }
}