{
  "num_docs": 1821451,
  "num_topics": 17,
  "vocab_size": 24035,
  "engine": "lda_multicore",
  "coherence": {
    "c_v": 0.564649278921245,
    "c_npmi": -0.024624072606266326,
    "u_mass": -3.2097990722671286
  },
  "perplexity": 4548.369549908203,
  "topic_diversity": {
    "unique_word_ratio": 0.8941176470588236,
    "avg_pairwise_jaccard": 0.00802504910009981
  },
  "topic_size_proxy": {
    "counts_estimated": [
      207303.44714558913,
      192007.88319257245,
      149775.6377843049,
      155246.75189912796,
      72921.15114575994,
      102423.38956509008,
      120013.39922223137,
      69456.70479928993,
      20322.233379389436,
      19471.12180100713,
      136078.96359798816,
      112886.72864293099,
      109312.28223606954,
      103572.27908473407,
      75540.04147245326,
      93894.49599372904,
      81224.48903773245
    ],
    "proportions": [
      0.11381225580352651,
      0.1054147946843327,
      0.08222874937854761,
      0.08523246131744855,
      0.04003464882983948,
      0.05623175675057418,
      0.06588889803910804,
      0.038132623276327465,
      0.01115716721415478,
      0.010689896023009751,
      0.07470909928292782,
      0.061976264331530743,
      0.0600138473316436,
      0.05686251185715898,
      0.041472453265255706,
      0.0515492846053663,
      0.044593288009247826
    ],
    "entropy_bits": 3.916199276410235,
    "gini": 0.25880250184933107
  }
}