{
  "num_docs": 840351,
  "num_topics": 5,
  "vocab_size": 18814,
  "engine": "lda_multicore",
  "coherence": {
    "c_v": 0.6471872849143516,
    "c_npmi": 0.014962355466478136,
    "u_mass": -2.1519271281199193
  },
  "perplexity": 2350.264346778411,
  "topic_diversity": {
    "unique_word_ratio": 0.7466666666666667,
    "avg_pairwise_jaccard": 0.10795166519304451
  },
  "topic_size_proxy": {
    "counts_estimated": [
      362741.542765911,
      162752.41589417108,
      107304.57213462645,
      103254.56731520596,
      104297.90189008547
    ],
    "proportions": [
      0.43165479991802364,
      0.19367194885728833,
      0.1276901820008859,
      0.1228707615213238,
      0.12411230770247847
    ],
    "entropy_bits": 2.1062818527894276,
    "gini": 0.27485108717928386
  }
}