{
  "num_docs": 1821549,
  "num_topics": 9,
  "vocab_size": 24071,
  "engine": "lda_multicore",
  "coherence": {
    "c_v": 0.5675795298483428,
    "c_npmi": 0.001050647631032537,
    "u_mass": -3.1008814540148837
  },
  "perplexity": 4370.8379364098,
  "topic_diversity": {
    "unique_word_ratio": 0.9333333333333333,
    "avg_pairwise_jaccard": 0.008689107827038862
  },
  "topic_size_proxy": {
    "counts_estimated": [
      393928.9129178221,
      228611.12505596582,
      339234.4651371178,
      164098.89889861742,
      225817.7915522443,
      91117.7833357936,
      101687.78398054403,
      161327.78761847367,
      115724.4515034214
    ],
    "proportions": [
      0.21626039865950467,
      0.1255036922179781,
      0.18623405965862996,
      0.0900875567435284,
      0.1239701987441701,
      0.05002214232820177,
      0.05582489627264709,
      0.08856626289958364,
      0.0635307924757563
    ],
    "entropy_bits": 3.002245727539435,
    "gini": 0.2701178335138202
  }
}