{
  "num_docs": 830137,
  "num_topics": 12,
  "vocab_size": 18764,
  "engine": "lda_multicore",
  "coherence": {
    "c_v": 0.6073002956989978,
    "c_npmi": 0.02838266296539992,
    "u_mass": -2.8342068593569283
  },
  "perplexity": 3301.920815950472,
  "topic_diversity": {
    "unique_word_ratio": 0.9166666666666666,
    "avg_pairwise_jaccard": 0.008956560680698613
  },
  "topic_size_proxy": {
    "counts_estimated": [
      188050.07550965503,
      47917.797018697056,
      11232.2267324122,
      72681.1402955069,
      56331.13373032285,
      81345.58821907504,
      47434.463491285904,
      84753.36736521297,
      66980.02689516987,
      82597.81094411496,
      48617.79729977527,
      42195.57249877196
    ],
    "proportions": [
      0.22652896511016257,
      0.05772275783237834,
      0.013530569932929384,
      0.08755318736004648,
      0.06785763522204509,
      0.09799055844887657,
      0.05714052438487371,
      0.10209563887070805,
      0.08068550961488269,
      0.09949901154160694,
      0.05856599248048849,
      0.05082964920100171
    ],
    "entropy_bits": 3.360732145012409,
    "gini": 0.2835011771823382
  }
}