{
  "num_docs": 1978351,
  "num_topics": 18,
  "vocab_size": 24190,
  "engine": "lda_multicore",
  "coherence": {
    "c_v": 0.6172418100158055,
    "c_npmi": 0.009862812713597423,
    "u_mass": -2.8321425597805274
  },
  "perplexity": 3045.53039101613,
  "topic_diversity": {
    "unique_word_ratio": 0.7222222222222222,
    "avg_pairwise_jaccard": 0.04302907920216913
  },
  "topic_size_proxy": {
    "counts_estimated": [
      272361.24878195353,
      210093.4395295743,
      235135.67440993196,
      211173.44007548378,
      66311.14462950327,
      26961.12473919063,
      57107.806644145094,
      59042.25206639652,
      123181.17337568064,
      69690.03522632497,
      56156.695052274204,
      36325.57391709702,
      135708.95748589592,
      41347.79867791061,
      68898.92371532955,
      125672.28574597799,
      80958.92981131864,
      102224.49611601137
    ],
    "proportions": [
      0.13767084242480407,
      0.10619624097522345,
      0.11885437640233304,
      0.10674215044523636,
      0.03351839215058565,
      0.013628079516319717,
      0.02886636731507457,
      0.029844174297885724,
      0.06226456952061623,
      0.035226324967776175,
      0.02838560753489861,
      0.01836154146412695,
      0.0685970070457143,
      0.020900132826738332,
      0.03482644066463916,
      0.06352375576729205,
      0.040922429746449766,
      0.051671566934285866
    ],
    "entropy_bits": 3.878512535094366,
    "gini": 0.35451543826115234
  }
}