{
  "num_docs": 840351,
  "num_topics": 8,
  "vocab_size": 18814,
  "engine": "lda_multicore",
  "coherence": {
    "c_v": 0.6180841752655655,
    "c_npmi": 0.009395893109158879,
    "u_mass": -2.2892532248810444
  },
  "perplexity": 2158.6479010516837,
  "topic_diversity": {
    "unique_word_ratio": 0.7333333333333333,
    "avg_pairwise_jaccard": 0.07546576986232158
  },
  "topic_size_proxy": {
    "counts_estimated": [
      141767.94647864977,
      231110.27501636223,
      74217.86609547609,
      93503.44460046409,
      127502.3739473632,
      10548.901441859542,
      113796.80208246564,
      47903.39033735943
    ],
    "proportions": [
      0.1687008719911677,
      0.2750163622300232,
      0.08831769831353338,
      0.11126713075900914,
      0.15172514097961828,
      0.012552970653761989,
      0.1354157989726503,
      0.057004026100236006
    ],
    "entropy_bits": 2.7252660834357685,
    "gini": 0.32626237083754783
  }
}