{
  "num_docs": 840345,
  "num_topics": 19,
  "vocab_size": 19165,
  "engine": "lda_multicore",
  "coherence": {
    "c_v": 0.5957998455052039,
    "c_npmi": -0.0022531381974963396,
    "u_mass": -2.8471055799487814
  },
  "perplexity": 2749.7928331979338,
  "topic_diversity": {
    "unique_word_ratio": 0.6947368421052632,
    "avg_pairwise_jaccard": 0.045335831966200994
  },
  "topic_size_proxy": {
    "counts_estimated": [
      109400.07232484034,
      70073.37965913449,
      81692.27622932395,
      36678.91313747009,
      27397.795890573972,
      41852.249890917745,
      4861.114324813899,
      38306.69199137919,
      60411.15104917296,
      44141.14029300155,
      50291.14435879468,
      38922.24795388134,
      56844.48202456665,
      26770.017697769432,
      50545.58897145351,
      61135.59597255094,
      5677.781531382634,
      21797.79218838836,
      13545.564510584285
    ],
    "proportions": [
      0.1301847126178419,
      0.08338644206740622,
      0.09721278311803361,
      0.04364744615303249,
      0.03260303314778332,
      0.04980365194166413,
      0.005784665018312597,
      0.0455844825534503,
      0.07188851132472135,
      0.05252740278457246,
      0.05984583041345481,
      0.04631698642091206,
      0.0676442199627137,
      0.031855984979704086,
      0.06014861630812762,
      0.0727505916885933,
      0.006756488741389113,
      0.025939099046687206,
      0.016119051711599743
    ],
    "entropy_bits": 3.994874237853015,
    "gini": 0.31784794455629095
  }
}