{
  "num_docs": 840351,
  "num_topics": 4,
  "vocab_size": 18814,
  "engine": "lda_multicore",
  "coherence": {
    "c_v": 0.6433516246868664,
    "c_npmi": 0.01978670325449774,
    "u_mass": -2.1665206334597293
  },
  "perplexity": 2284.7572338348964,
  "topic_diversity": {
    "unique_word_ratio": 0.8333333333333334,
    "avg_pairwise_jaccard": 0.08032995101960619
  },
  "topic_size_proxy": {
    "counts_estimated": [
      335188.17664465203,
      127196.81802820253,
      202841.35248805062,
      175124.6528390948
    ],
    "proportions": [
      0.3988668742521304,
      0.1513615358679915,
      0.24137693950272043,
      0.20839465037715765
    ],
    "entropy_bits": 1.9076969663346308,
    "gini": 0.19387457606949487
  }
}