{
  "num_docs": 1978351,
  "num_topics": 9,
  "vocab_size": 23896,
  "engine": "lda_multicore",
  "coherence": {
    "c_v": 0.6680127017463648,
    "c_npmi": 0.041852541200271605,
    "u_mass": -2.3691539865384907
  },
  "perplexity": 2167.7881204557298,
  "topic_diversity": {
    "unique_word_ratio": 0.7407407407407407,
    "avg_pairwise_jaccard": 0.061939438807254894
  },
  "topic_size_proxy": {
    "counts_estimated": [
      515903.5941078845,
      283353.47656043334,
      138710.07011398388,
      163912.305075217,
      237407.8977806983,
      202651.21354551913,
      111495.61191340708,
      138704.51455562015,
      186212.31634723663
    ],
    "proportions": [
      0.26077455118322507,
      0.14322710002443112,
      0.07011398387545177,
      0.08285299477960029,
      0.12000292050333752,
      0.10243440802239802,
      0.05635785152048705,
      0.0701111756991657,
      0.09412501439190347
    ],
    "entropy_bits": 3.0011318527658934,
    "gini": 0.25697196847229287
  }
}