{
  "num_docs": 1821546,
  "num_topics": 12,
  "vocab_size": 24105,
  "engine": "lda_multicore",
  "coherence": {
    "c_v": 0.5283344615525708,
    "c_npmi": -0.00792177392414426,
    "u_mass": -3.1587626682919443
  },
  "perplexity": 4435.001254340112,
  "topic_diversity": {
    "unique_word_ratio": 0.9111111111111111,
    "avg_pairwise_jaccard": 0.008919241677862368
  },
  "topic_size_proxy": {
    "counts_estimated": [
      272225.62197669747,
      171153.3750935561,
      226136.72184244028,
      216831.16401639392,
      169213.3746202096,
      160440.03914624394,
      169944.4859097067,
      118018.91768467681,
      140484.47872167165,
      106815.58161780809,
      27345.56222768089,
      42936.67714291466
    ],
    "proportions": [
      0.14944756924980068,
      0.09396050118611118,
      0.12414549061206263,
      0.11903688625837278,
      0.0928954715501061,
      0.08807904886631682,
      0.09329684010708854,
      0.06479052282219433,
      0.07712376120156814,
      0.05864006817165642,
      0.015012281999840183,
      0.023571557974882137
    ],
    "entropy_bits": 3.4152683479851516,
    "gini": 0.25049306927592835
  }
}