{
  "num_docs": 1816827,
  "num_topics": 20,
  "vocab_size": 23846,
  "engine": "lda_multicore",
  "coherence": {
    "c_v": 0.5901911741835821,
    "c_npmi": -0.013867882013689836,
    "u_mass": -3.2570168567063122
  },
  "perplexity": 3580.254331903061,
  "topic_diversity": {
    "unique_word_ratio": 0.9033333333333333,
    "avg_pairwise_jaccard": 0.006028001037075448
  },
  "topic_size_proxy": {
    "counts_estimated": [
      249725.60137272315,
      133161.13554219078,
      107324.46413526883,
      108135.57539519457,
      118910.02181642718,
      118880.02181092308,
      54638.89891349019,
      66443.345523697,
      78333.34770515625,
      76842.23632047087,
      43107.78568676521,
      55450.010173415925,
      124394.46726710309,
      78768.90334062322,
      129638.91267374618,
      29058.89422032555,
      60121.122141536165,
      89325.57194412236,
      13710.002515374794,
      80856.68150144575
    ],
    "proportions": [
      0.13745150274226614,
      0.07329323900524969,
      0.059072473127749,
      0.05951891698835088,
      0.0654492815311679,
      0.06543276922399495,
      0.03007380389739375,
      0.03657109098648193,
      0.04311546872935962,
      0.04229474590617096,
      0.023726962273659082,
      0.03052024775799563,
      0.0684679759091554,
      0.043355202966833505,
      0.07135457182975934,
      0.01599430998126159,
      0.03309127514151659,
      0.049165700390913586,
      0.007546124378036431,
      0.0445043372326841
    ],
    "entropy_bits": 4.122722382294021,
    "gini": 0.27974692137206275
  }
}