{
  "num_docs": 840351,
  "num_topics": 10,
  "vocab_size": 19146,
  "engine": "lda_multicore",
  "coherence": {
    "c_v": 0.6323744917456999,
    "c_npmi": 0.0009182296956896303,
    "u_mass": -2.4554077212275147
  },
  "perplexity": 2539.983742244836,
  "topic_diversity": {
    "unique_word_ratio": 0.6733333333333333,
    "avg_pairwise_jaccard": 0.09692126667638912
  },
  "topic_size_proxy": {
    "counts_estimated": [
      174474.65206560757,
      82165.65333095337,
      13003.348807044684,
      48414.50205668273,
      110021.2420340731,
      106801.23820233633,
      46620.05547688463,
      92728.99923444596,
      79900.0950794312,
      86221.21371254041
    ],
    "proportions": [
      0.20762116313969708,
      0.09777539781704712,
      0.015473711350429385,
      0.05761223828695715,
      0.13092296199334932,
      0.12709122521700614,
      0.05547688463140358,
      0.11034555707608602,
      0.09507943118938537,
      0.1026014292986388
    ],
    "entropy_bits": 3.1335257729868093,
    "gini": 0.26554689514289687
  }
}