{
  "num_docs": 1816827,
  "num_topics": 5,
  "vocab_size": 23846,
  "engine": "lda_multicore",
  "coherence": {
    "c_v": 0.6014493490041118,
    "c_npmi": 0.03509949817506807,
    "u_mass": -2.868349682821579
  },
  "perplexity": 3430.339774242821,
  "topic_diversity": {
    "unique_word_ratio": 0.9733333333333334,
    "avg_pairwise_jaccard": 0.006896551724137931
  },
  "topic_size_proxy": {
    "counts_estimated": [
      681353.4583412837,
      272532.27222373075,
      241107.822013841,
      388978.96025487664,
      232854.48716626794
    ],
    "proportions": [
      0.3750238511103609,
      0.15000452559529925,
      0.13270818961510425,
      0.21409796323748856,
      0.12816547044174703
    ],
    "entropy_bits": 2.1838097605129847,
    "gini": 0.230042613983845
  }
}