{
  "num_docs": 840351,
  "num_topics": 10,
  "vocab_size": 18814,
  "engine": "lda_multicore",
  "coherence": {
    "c_v": 0.5950686622764996,
    "c_npmi": 0.015045700690131145,
    "u_mass": -2.4342711562335544
  },
  "perplexity": 2296.6739237065053,
  "topic_diversity": {
    "unique_word_ratio": 0.7466666666666667,
    "avg_pairwise_jaccard": 0.05823488133832962
  },
  "topic_size_proxy": {
    "counts_estimated": [
      81954.54196862418,
      167040.19877432022,
      75688.97895718053,
      83124.54336090121,
      50232.28199758037,
      78173.42635806509,
      83152.321171734,
      12394.459193589972,
      130010.15470934729,
      78580.09350865711
    ],
    "proportions": [
      0.09752417973992318,
      0.1987743202237163,
      0.09006829165096553,
      0.09891645676735222,
      0.05977535815103495,
      0.09302473175859265,
      0.09894951177750012,
      0.014749145527987676,
      0.1547093472957696,
      0.09350865710715774
    ],
    "entropy_bits": 3.151560051173183,
    "gini": 0.23868612945664172
  }
}