{
  "num_docs": 1816827,
  "num_topics": 8,
  "vocab_size": 23846,
  "engine": "lda_multicore",
  "coherence": {
    "c_v": 0.5762946180905325,
    "c_npmi": 0.0051746099538677315,
    "u_mass": -2.9387079770745124
  },
  "perplexity": 3894.7120699321476,
  "topic_diversity": {
    "unique_word_ratio": 0.925,
    "avg_pairwise_jaccard": 0.01117171006333568
  },
  "topic_size_proxy": {
    "counts_estimated": [
      437746.74698008253,
      269595.60501827364,
      222272.26300252456,
      269405.60498341435,
      192346.70195652495,
      35535.56207526677,
      176306.69901366485,
      213617.8169702485
    ],
    "proportions": [
      0.24094024746444354,
      0.14838815419314752,
      0.12234090697822333,
      0.14828357624771887,
      0.1058695747897433,
      0.019559133629820983,
      0.09704099455460803,
      0.1175774121422945
    ],
    "entropy_bits": 2.8259662547693245,
    "gini": 0.24230113678061382
  }
}