{
  "num_docs": 832253,
  "num_topics": 18,
  "vocab_size": 19105,
  "engine": "lda_multicore",
  "coherence": {
    "c_v": 0.560173982415432,
    "c_npmi": -0.027503213172119834,
    "u_mass": -3.391017785247014
  },
  "perplexity": 3754.7183544737936,
  "topic_diversity": {
    "unique_word_ratio": 0.9074074074074074,
    "avg_pairwise_jaccard": 0.006618228389695597
  },
  "topic_size_proxy": {
    "counts_estimated": [
      112917.88330460717,
      75264.51478251118,
      63777.837381028985,
      70473.39919388753,
      28341.137597176068,
      79890.07466086002,
      11948.900055672224,
      4955.560186748942,
      57170.053427980565,
      32486.69702694295,
      57071.16444667548,
      34020.03179324644,
      41086.70506403641,
      32768.919512914756,
      60703.39006337555,
      4254.448420417421,
      43606.7074190917,
      21515.575662826574
    ],
    "proportions": [
      0.1356773520847713,
      0.09043465722864463,
      0.07663275155635244,
      0.0846778554044113,
      0.03405351208968435,
      0.09599253431451736,
      0.014357292861272021,
      0.005954391497235747,
      0.0686931178715854,
      0.03903464094084726,
      0.06857429705471231,
      0.040877031135059215,
      0.04936804681273172,
      0.03937374754181091,
      0.07293862571042165,
      0.00511196525625912,
      0.05239597504495832,
      0.02585220559472489
    ],
    "entropy_bits": 3.8860281577429987,
    "gini": 0.33664051273630097
  }
}