{
  "num_docs": 840349,
  "num_topics": 9,
  "vocab_size": 19147,
  "engine": "lda_multicore",
  "coherence": {
    "c_v": 0.6527229551674094,
    "c_npmi": 0.006031629874825573,
    "u_mass": -2.446723457632112
  },
  "perplexity": 2547.062538728691,
  "topic_diversity": {
    "unique_word_ratio": 0.725925925925926,
    "avg_pairwise_jaccard": 0.07787829986105849
  },
  "topic_size_proxy": {
    "counts_estimated": [
      191676.69201019683,
      140887.7964059901,
      94615.5680656447,
      55877.785165949594,
      94818.9014258628,
      51042.22897103584,
      105146.68056918158,
      6362.223063436615,
      99921.12432270194
    ],
    "proportions": [
      0.22809177140711398,
      0.16765391094175172,
      0.112590802232935,
      0.06649354633128568,
      0.1128327652271411,
      0.060739322556504306,
      0.12512263424979572,
      0.007570929534558398,
      0.1189043175189141
    ],
    "entropy_bits": 2.9275510869180574,
    "gini": 0.29475529417088087
  }
}