{
  "num_docs": 1978351,
  "num_topics": 10,
  "vocab_size": 23896,
  "engine": "lda_multicore",
  "coherence": {
    "c_v": 0.6614024367157569,
    "c_npmi": 0.025515337284481472,
    "u_mass": -2.4724503989554294
  },
  "perplexity": 2172.1091294594407,
  "topic_diversity": {
    "unique_word_ratio": 0.7533333333333333,
    "avg_pairwise_jaccard": 0.05582866686314962
  },
  "topic_size_proxy": {
    "counts_estimated": [
      350973.51074043184,
      310407.9346801347,
      284732.36614631163,
      187574.53925802367,
      233049.0066885143,
      110600.0559051735,
      168634.52968438907,
      164445.63867813526,
      53191.13799771415,
      114742.28022117197
    ],
    "proportions": [
      0.17740709850801595,
      0.1569023569023569,
      0.14392408937863485,
      0.09481357921724895,
      0.11779962538928344,
      0.05590517350317183,
      0.08523994462276364,
      0.08312257970306344,
      0.026886603033392027,
      0.05799894974206901
    ],
    "entropy_bits": 3.162316748105072,
    "gini": 0.26048952129018854
  }
}