{
  "num_docs": 830137,
  "num_topics": 16,
  "vocab_size": 18764,
  "engine": "lda_multicore",
  "coherence": {
    "c_v": 0.5723209181884756,
    "c_npmi": 0.006647526947443123,
    "u_mass": -3.005721584532022
  },
  "perplexity": 3410.9426321892693,
  "topic_diversity": {
    "unique_word_ratio": 0.8916666666666667,
    "avg_pairwise_jaccard": 0.008949096880131364
  },
  "topic_size_proxy": {
    "counts_estimated": [
      134547.83180413398,
      68258.9162975842,
      54351.13293527304,
      73311.1405484773,
      10475.559761913366,
      21894.453235946425,
      31567.79045351301,
      25681.121423112392,
      70423.36161114034,
      69051.13883791558,
      29692.234144846298,
      50732.24259325439,
      35798.90326358578,
      64093.35906939018,
      46948.90774076022,
      43308.9062791535
    ],
    "proportions": [
      0.1620790686406388,
      0.08222608593230299,
      0.06547248578881924,
      0.08831209854334561,
      0.012619073432353172,
      0.02637450593811193,
      0.03802720569437697,
      0.03093600384407922,
      0.08483342100296738,
      0.08318041339913242,
      0.03576787222451992,
      0.061113096504859306,
      0.043124090678509426,
      0.07720817054219987,
      0.056555614001978255,
      0.05217079383180548
    ],
    "entropy_bits": 3.7971865176146045,
    "gini": 0.28693426316684134
  }
}