{
  "num_docs": 830137,
  "num_topics": 18,
  "vocab_size": 18764,
  "engine": "lda_multicore",
  "coherence": {
    "c_v": 0.5518975774936241,
    "c_npmi": 0.004667495198306145,
    "u_mass": -3.0939069940434525
  },
  "perplexity": 3402.6579332375936,
  "topic_diversity": {
    "unique_word_ratio": 0.8666666666666667,
    "avg_pairwise_jaccard": 0.00893639703646465
  },
  "topic_size_proxy": {
    "counts_estimated": [
      106030.04257531892,
      86576.70143068812,
      60351.13534451489,
      33315.568933094015,
      70043.36145855502,
      43920.01763565036,
      50334.4646557528,
      78843.36499210974,
      43881.12873114601,
      37603.34843258741,
      34943.34736449018,
      7505.55856933865,
      18075.562813619712,
      33964.45808253795,
      13537.783213741244,
      22116.675547399827,
      61312.246841550856,
      27782.233377904307
    ],
    "proportions": [
      0.12772595677017037,
      0.10429206435888068,
      0.07270021134404911,
      0.04013261537926152,
      0.08437566505113618,
      0.0529069510642826,
      0.060633925069901486,
      0.09497632919880664,
      0.05286010469494314,
      0.04529776221586005,
      0.04209347055304147,
      0.009041349282514394,
      0.021774192468977667,
      0.04091428051338268,
      0.01630789040091123,
      0.026642199477194525,
      0.0738579859005813,
      0.03346704625610509
    ],
    "entropy_bits": 3.940465706912111,
    "gini": 0.31412163726722386
  }
}