{
  "num_docs": 840351,
  "num_topics": 18,
  "vocab_size": 19155,
  "engine": "lda_multicore",
  "coherence": {
    "c_v": 0.6008815764586958,
    "c_npmi": 0.010187412801725042,
    "u_mass": -2.630655494635162
  },
  "perplexity": 2694.403493713195,
  "topic_diversity": {
    "unique_word_ratio": 0.7185185185185186,
    "avg_pairwise_jaccard": 0.04687797115112869
  },
  "topic_size_proxy": {
    "counts_estimated": [
      103296.7895876718,
      57003.40116618075,
      55537.84386664286,
      77988.98169413538,
      55651.17733484064,
      38144.489835584376,
      53476.73030285,
      17727.798873485255,
      19715.579016679556,
      44908.94232958489,
      68720.0817754507,
      36934.48839570813,
      15006.684524305349,
      34310.04082822633,
      31135.59260625533,
      63806.742595347176,
      61260.07289819718,
      5725.562368854247
    ],
    "proportions": [
      0.12292100513674856,
      0.06783284742468414,
      0.06608886508928156,
      0.09280524649121066,
      0.06622372953068496,
      0.04539113993507995,
      0.06363618333630827,
      0.021095707476382192,
      0.023461124002565063,
      0.05344069600629366,
      0.08177545070506335,
      0.043951263693037944,
      0.017857638682295073,
      0.04082822633426547,
      0.03705069977456483,
      0.0759286805101049,
      0.07289819717974652,
      0.006813298691682698
    ],
    "entropy_bits": 3.966035691314975,
    "gini": 0.28662976258422607
  }
}