{
  "num_docs": 1978351,
  "num_topics": 10,
  "vocab_size": 24091,
  "engine": "lda_multicore",
  "coherence": {
    "c_v": 0.6574434742778793,
    "c_npmi": 0.03235702402591224,
    "u_mass": -2.5272249200559576
  },
  "perplexity": 2876.4443862892745,
  "topic_diversity": {
    "unique_word_ratio": 0.7333333333333333,
    "avg_pairwise_jaccard": 0.06042430961971191
  },
  "topic_size_proxy": {
    "counts_estimated": [
      431523.5514561798,
      189800.09593853465,
      144310.07294462557,
      83763.37567333048,
      239595.6766643359,
      241636.78880717096,
      208786.7722024246,
      146018.9626973095,
      139285.6259604665,
      153630.07765562212
    ],
    "proportions": [
      0.21812284647981064,
      0.09593853463745042,
      0.0729446255718149,
      0.042339997135660196,
      0.12110878032479369,
      0.12214050429229747,
      0.10553575791273875,
      0.07380842059741144,
      0.0704049109386891,
      0.07765562210933355
    ],
    "entropy_bits": 3.1873487124089244,
    "gini": 0.22984804958116048
  }
}