{
  "num_docs": 832977,
  "num_topics": 5,
  "vocab_size": 19107,
  "engine": "lda_multicore",
  "coherence": {
    "c_v": 0.5727174473159587,
    "c_npmi": 0.02695871133097073,
    "u_mass": -2.841530954732968
  },
  "perplexity": 3475.525919042869,
  "topic_diversity": {
    "unique_word_ratio": 0.96,
    "avg_pairwise_jaccard": 0.010591133004926107
  },
  "topic_size_proxy": {
    "counts_estimated": [
      318346.7940598576,
      127448.93989027305,
      98116.70593013811,
      165682.28852348807,
      123382.2715962432
    ],
    "proportions": [
      0.38217957285718285,
      0.15300415244391266,
      0.11779041429731926,
      0.19890379749199324,
      0.14812206290959198
    ],
    "entropy_bits": 2.17971316906342,
    "gini": 0.23182402068085128
  }
}