{
  "num_docs": 1821554,
  "num_topics": 16,
  "vocab_size": 24040,
  "engine": "lda_multicore",
  "coherence": {
    "c_v": 0.5721086977102399,
    "c_npmi": -0.024009378465380267,
    "u_mass": -3.247235636209714
  },
  "perplexity": 3856.483144217888,
  "topic_diversity": {
    "unique_word_ratio": 0.8833333333333333,
    "avg_pairwise_jaccard": 0.009256978653530376
  },
  "topic_size_proxy": {
    "counts_estimated": [
      258246.76118184847,
      176004.50885995958,
      100555.59235768252,
      165547.83836627836,
      30507.78894325844,
      142300.0520800928,
      124166.71211017703,
      70471.13690269233,
      161938.94815657943,
      59732.24408349895,
      41210.0150823656,
      128116.71355582964,
      117688.9319616103,
      16320.005972924208,
      102762.25983196271,
      125984.49055323967
    ],
    "proportions": [
      0.14177277268851127,
      0.09662327268912126,
      0.0552031904394174,
      0.0908827508634267,
      0.01674822099331584,
      0.0781201392218363,
      0.06816526554259551,
      0.03868737182795148,
      0.08890153580765622,
      0.032791915081023644,
      0.022623548400083446,
      0.0703337444598566,
      0.0646090821142883,
      0.008959386311316715,
      0.0564146107290603,
      0.06916319283053901
    ],
    "entropy_bits": 3.784205209148566,
    "gini": 0.29249364705824943
  }
}