{
  "num_docs": 840351,
  "num_topics": 12,
  "vocab_size": 18814,
  "engine": "lda_multicore",
  "coherence": {
    "c_v": 0.6390731153120103,
    "c_npmi": 0.03523964983783711,
    "u_mass": -2.432714277049907
  },
  "perplexity": 2247.491482953957,
  "topic_diversity": {
    "unique_word_ratio": 0.6888888888888889,
    "avg_pairwise_jaccard": 0.0667478434719814
  },
  "topic_size_proxy": {
    "counts_estimated": [
      128256.81928958172,
      149030.17734277385,
      92523.44343428333,
      54670.06505622657,
      61361.18412962853,
      57060.067900279646,
      64191.18749727296,
      43664.496404276,
      66856.74622478729,
      52707.840498998434,
      11677.791674104044,
      58351.180547787626
    ],
    "proportions": [
      0.15262291505523495,
      0.1773427738442316,
      0.11010095000099165,
      0.06505622657226157,
      0.07301851741668486,
      0.06790027964538586,
      0.07638616185055169,
      0.05195983155166829,
      0.07955812062434305,
      0.06272122065541474,
      0.013896326266172166,
      0.0694366765170597
    ],
    "entropy_bits": 3.4016918220624843,
    "gini": 0.26142381150711014
  }
}