{
  "num_docs": 1978351,
  "num_topics": 12,
  "vocab_size": 23896,
  "engine": "lda_multicore",
  "coherence": {
    "c_v": 0.6424555020217764,
    "c_npmi": 0.029670220857809352,
    "u_mass": -2.572930760042999
  },
  "perplexity": 2302.8176127475713,
  "topic_diversity": {
    "unique_word_ratio": 0.7166666666666667,
    "avg_pairwise_jaccard": 0.05258375085961293
  },
  "topic_size_proxy": {
    "counts_estimated": [
      291554.5918169743,
      242695.67823129825,
      282183.47596903145,
      222959.0015883045,
      191651.20798533008,
      101136.71778839269,
      83607.82003914598,
      146001.18491054556,
      89017.82277374805,
      135435.62401440032,
      87070.04401142367,
      105037.83087140518
    ],
    "proportions": [
      0.14737252985793434,
      0.12267574269242326,
      0.14263569809858384,
      0.11269941561851486,
      0.09687421897597043,
      0.051121726017472474,
      0.0422613681996501,
      0.073799434433296,
      0.044995970267029485,
      0.06845884477243944,
      0.044011423661131754,
      0.05309362740555401
    ],
    "entropy_bits": 3.4394502193364356,
    "gini": 0.252680872294439
  }
}