{
  "num_docs": 1821551,
  "num_topics": 11,
  "vocab_size": 24135,
  "engine": "lda_multicore",
  "coherence": {
    "c_v": 0.565296054250565,
    "c_npmi": 0.0019946163747635837,
    "u_mass": -3.0748071010524045
  },
  "perplexity": 3890.036534398871,
  "topic_diversity": {
    "unique_word_ratio": 0.8848484848484849,
    "avg_pairwise_jaccard": 0.015275911827635963
  },
  "topic_size_proxy": {
    "counts_estimated": [
      383319.0993244459,
      215665.67395228115,
      87428.93688586338,
      189216.77054340165,
      235255.6847068583,
      149436.74870485757,
      91307.82790419635,
      104691.16858475229,
      168208.98123271082,
      109692.28244138844,
      87327.82571924398
    ],
    "proportions": [
      0.21043555701951022,
      0.11839672562134201,
      0.04799697449363942,
      0.10387673501505126,
      0.12915130276717934,
      0.08203819091799108,
      0.050126418587344714,
      0.057473641190805135,
      0.09234382195871037,
      0.06021916621680559,
      0.047941466211620744
    ],
    "entropy_bits": 3.2894924772412444,
    "gini": 0.26669627847745386
  }
}