{
  "num_docs": 1816827,
  "num_topics": 8,
  "vocab_size": 23846,
  "engine": "lda_multicore",
  "coherence": {
    "c_v": 0.5949242559098036,
    "c_npmi": 0.005130382222911317,
    "u_mass": -2.921507455862749
  },
  "perplexity": 3159.168520747187,
  "topic_diversity": {
    "unique_word_ratio": 0.9083333333333333,
    "avg_pairwise_jaccard": 0.013722730471498943
  },
  "topic_size_proxy": {
    "counts_estimated": [
      432951.190544686,
      272005.60546043655,
      230997.8201589585,
      263797.82617677713,
      184005.58931506952,
      34657.78413644303,
      204770.03756916823,
      193641.1466384612
    ],
    "proportions": [
      0.2383007245845014,
      0.1497146428693742,
      0.12714354209782136,
      0.14519699794024257,
      0.1012785418287319,
      0.01907599575327922,
      0.11270750466014001,
      0.10658205026590929
    ],
    "entropy_bits": 2.828540514643561,
    "gini": 0.23837931093530607
  }
}