{
  "num_docs": 1978343,
  "num_topics": 12,
  "vocab_size": 24155,
  "engine": "lda_multicore",
  "coherence": {
    "c_v": 0.6257152506768091,
    "c_npmi": 0.018028557345025873,
    "u_mass": -2.6490314169343514
  },
  "perplexity": 2498.511040763035,
  "topic_diversity": {
    "unique_word_ratio": 0.6777777777777778,
    "avg_pairwise_jaccard": 0.06620471815374364
  },
  "topic_size_proxy": {
    "counts_estimated": [
      331782.3526611506,
      309226.7882379635,
      192064.51995385587,
      148812.28072718572,
      210518.97165359548,
      118224.49092393856,
      132556.71878081985,
      66920.02630934541,
      122218.93693878375,
      74052.25133557389,
      125700.04941848056,
      146265.61305930666
    ],
    "proportions": [
      0.16770719367731007,
      0.15630595313247678,
      0.09708352897038373,
      0.07522066736010172,
      0.10641176563093228,
      0.05975934957888423,
      0.06700391124330808,
      0.033826301257843264,
      0.061778436266503714,
      0.03743145214736469,
      0.06353804644517182,
      0.07393339428971955
    ],
    "entropy_bits": 3.4273823845581766,
    "gini": 0.2573025039295902
  }
}