{
  "num_docs": 1978351,
  "num_topics": 8,
  "vocab_size": 23896,
  "engine": "lda_multicore",
  "coherence": {
    "c_v": 0.6493470819609284,
    "c_npmi": 0.02503821821578601,
    "u_mass": -2.480503796922034
  },
  "perplexity": 2260.968362200945,
  "topic_diversity": {
    "unique_word_ratio": 0.7416666666666667,
    "avg_pairwise_jaccard": 0.075973891651767
  },
  "topic_size_proxy": {
    "counts_estimated": [
      531758.0465663024,
      443415.7796895842,
      97786.71609506238,
      208443.43869554595,
      225887.89195766393,
      225023.44707626727,
      82605.59731032875,
      163430.0826092451
    ],
    "proportions": [
      0.26878852466842457,
      0.22413402863778178,
      0.049428395716969525,
      0.10536221261825932,
      0.11417988615653336,
      0.11374293392642017,
      0.04175477319764226,
      0.08260924507796902
    ],
    "entropy_bits": 2.752249542689976,
    "gini": 0.32073213368042397
  }
}