{
  "num_docs": 830137,
  "num_topics": 16,
  "vocab_size": 18764,
  "engine": "lda_multicore",
  "coherence": {
    "c_v": 0.5705618027881185,
    "c_npmi": 0.0047968760007193415,
    "u_mass": -2.9809122316923076
  },
  "perplexity": 3415.1904318730176,
  "topic_diversity": {
    "unique_word_ratio": 0.8833333333333333,
    "avg_pairwise_jaccard": 0.009585385878489328
  },
  "topic_size_proxy": {
    "counts_estimated": [
      137054.49947732835,
      67107.80472425558,
      51976.687537393445,
      72687.8069648505,
      10150.004075634133,
      22832.23139027978,
      36242.23677493532,
      27084.455319940625,
      72331.1401549678,
      68938.91657063161,
      27446.67768760967,
      48384.4638727492,
      34721.12505303678,
      64892.24827906516,
      46405.57418925666,
      41881.12792806539
    ],
    "proportions": [
      0.1650986517614904,
      0.08083943339985518,
      0.0626121803237218,
      0.08756121816621895,
      0.012226902397597184,
      0.02750417267304045,
      0.04365813928897919,
      0.03262648854338576,
      0.08713157003599141,
      0.0830452281618957,
      0.03306282901209038,
      0.058284914264451766,
      0.041825777013958884,
      0.07817052881520178,
      0.05590110329892133,
      0.05045086284319985
    ],
    "entropy_bits": 3.7944328085571732,
    "gini": 0.287983789148507
  }
}