{
  "num_docs": 1821609,
  "num_topics": 20,
  "vocab_size": 24098,
  "engine": "lda_multicore",
  "coherence": {
    "c_v": 0.5280936836267973,
    "c_npmi": -0.04214911826847963,
    "u_mass": -3.3337160428448778
  },
  "perplexity": 4132.007017132587,
  "topic_diversity": {
    "unique_word_ratio": 0.9066666666666666,
    "avg_pairwise_jaccard": 0.005833549390718174
  },
  "topic_size_proxy": {
    "counts_estimated": [
      173226.6772328247,
      149570.0091231927,
      127758.89668168798,
      145148.89774241086,
      56988.892364991145,
      161554.454298642,
      60945.559272999206,
      124170.00757389073,
      114046.67362307313,
      118277.78499226569,
      117158.8960351289,
      79686.67152724575,
      33272.22425169935,
      60036.6703286716,
      55078.89224848852,
      77938.89364286028,
      88312.22760892691,
      29532.224023573788,
      34022.22429744646,
      14882.223129980335
    ],
    "proportions": [
      0.09509542236167297,
      0.08210873415930242,
      0.07013519184506005,
      0.07968169774216688,
      0.03128492029024404,
      0.08868777783741846,
      0.033456992841493,
      0.06816501651775476,
      0.0626076581873899,
      0.06493039120484456,
      0.06431616007339057,
      0.04374521180299711,
      0.018265294172184785,
      0.03295804441494943,
      0.030236396640820576,
      0.04278574251821345,
      0.04848034216394788,
      0.016212164094256118,
      0.01867701811829348,
      0.008169823013599701
    ],
    "entropy_bits": 4.118496827916586,
    "gini": 0.2923747505257867
  }
}