{
  "num_docs": 832296,
  "num_topics": 6,
  "vocab_size": 19100,
  "engine": "lda_multicore",
  "coherence": {
    "c_v": 0.5640223235462879,
    "c_npmi": 0.024210847394474818,
    "u_mass": -2.9341907015791215
  },
  "perplexity": 3721.8725838053224,
  "topic_diversity": {
    "unique_word_ratio": 0.9222222222222223,
    "avg_pairwise_jaccard": 0.016602809706257986
  },
  "topic_size_proxy": {
    "counts_estimated": [
      219932.33966566363,
      195382.3265560044,
      69315.5925699471,
      116437.83995535773,
      118280.06316132356,
      112947.83809170352
    ],
    "proportions": [
      0.2642477431895187,
      0.23475100992435916,
      0.08328238099179512,
      0.13989955491238423,
      0.14211297802863834,
      0.13570633295330453
    ],
    "entropy_bits": 2.4848519294833538,
    "gini": 0.20069571083633933
  }
}