{
  "num_docs": 830137,
  "num_topics": 19,
  "vocab_size": 18764,
  "engine": "lda_multicore",
  "coherence": {
    "c_v": 0.5418763902668915,
    "c_npmi": 0.0001201523857748421,
    "u_mass": -3.0428959591377787
  },
  "perplexity": 3663.873186981651,
  "topic_diversity": {
    "unique_word_ratio": 0.8666666666666667,
    "avg_pairwise_jaccard": 0.008571876690448984
  },
  "topic_size_proxy": {
    "counts_estimated": [
      139943.3895262226,
      16328.895445595974,
      69964.47253798906,
      59990.024088403115,
      23147.78707254361,
      42071.12800435805,
      22374.453428685774,
      42064.46133501445,
      48818.9084916406,
      54394.466286006456,
      71743.36214117354,
      63115.58089899521,
      31330.01258025787,
      31766.679422263805,
      36484.45909441953,
      6468.89148640853,
      35235.569704051406,
      13391.116488182,
      21503.341967788438
    ],
    "proportions": [
      0.1685786677695641,
      0.01967012125178853,
      0.08428063384476185,
      0.07226520934303991,
      0.027884297498537727,
      0.050679740819115464,
      0.026952723982530326,
      0.05067171001294299,
      0.05880825513335824,
      0.06552468602894036,
      0.08642352062511796,
      0.0760303189702365,
      0.0377407736075586,
      0.038266791411855884,
      0.04394992524657922,
      0.007792558922694122,
      0.04244548755693507,
      0.016131212665116725,
      0.025903365309326583
    ],
    "entropy_bits": 3.9630434800404353,
    "gini": 0.3406134000200206
  }
}