{
  "num_docs": 1816827,
  "num_topics": 4,
  "vocab_size": 23846,
  "engine": "lda_multicore",
  "coherence": {
    "c_v": 0.574922890799046,
    "c_npmi": 0.017133131982140618,
    "u_mass": -2.921546561258099
  },
  "perplexity": 3414.3601922564008,
  "topic_diversity": {
    "unique_word_ratio": 1.0,
    "avg_pairwise_jaccard": 0.0
  },
  "topic_size_proxy": {
    "counts_estimated": [
      662505.6771055027,
      495312.3130971951,
      234111.15406349534,
      424897.85573380697
    ],
    "proportions": [
      0.3646498412372243,
      0.272624918661598,
      0.12885715264221376,
      0.23386808745896384
    ],
    "entropy_bits": 1.91305576123537,
    "gini": 0.1865337242469165
  }
}