{
  "num_docs": 832253,
  "num_topics": 18,
  "vocab_size": 19105,
  "engine": "lda_multicore",
  "coherence": {
    "c_v": 0.5564408636137,
    "c_npmi": -0.028873209609525607,
    "u_mass": -3.3920885517062
  },
  "perplexity": 3788.2564636649086,
  "topic_diversity": {
    "unique_word_ratio": 0.9333333333333333,
    "avg_pairwise_jaccard": 0.004298271032550952
  },
  "topic_size_proxy": {
    "counts_estimated": [
      110715.65902430753,
      76416.73808153778,
      66136.72847440746,
      71002.28857704728,
      29337.805195273333,
      80428.96405336523,
      11295.566111769002,
      4666.671027880169,
      55782.27435326096,
      33057.808671783525,
      56018.94124110346,
      34518.92114836982,
      41877.81691447704,
      32573.363774603586,
      60823.39017552104,
      4376.670756861902,
      43644.48523217454,
      19578.907186256303
    ],
    "proportions": [
      0.13303125254496836,
      0.09181912000501986,
      0.07946709531165098,
      0.08531334651487864,
      0.035251065715922125,
      0.0966400410132078,
      0.013572274430694756,
      0.00560727450412335,
      0.06702562123928778,
      0.03972086453492331,
      0.06730999016056832,
      0.041476475480857165,
      0.05031861334771644,
      0.039138776038780985,
      0.07308281276909911,
      0.005258822445652828,
      0.052441367267134574,
      0.023525186675513704
    ],
    "entropy_bits": 3.883440018540527,
    "gini": 0.338153883490033
  }
}