{
  "num_docs": 840351,
  "num_topics": 13,
  "vocab_size": 19168,
  "engine": "lda_multicore",
  "coherence": {
    "c_v": 0.6354671401605807,
    "c_npmi": 0.031033365287510148,
    "u_mass": -2.530481223352122
  },
  "perplexity": 2641.0154656704344,
  "topic_diversity": {
    "unique_word_ratio": 0.7128205128205128,
    "avg_pairwise_jaccard": 0.057890625927761195
  },
  "topic_size_proxy": {
    "counts_estimated": [
      175404.6531722893,
      70140.08346522282,
      102671.23328771742,
      47800.056881061464,
      3888.8935165903094,
      39934.491965649235,
      35827.82041212986,
      48693.39127744392,
      42170.050181472005,
      56513.40058309038,
      75253.42288332242,
      59604.515372563015,
      82448.98700144781
    ],
    "proportions": [
      0.20872784487944837,
      0.0834652228238234,
      0.12217660630821814,
      0.05688106146248587,
      0.004627701420704336,
      0.04752120478900987,
      0.04263435208874609,
      0.057944110588841954,
      0.05018147200571191,
      0.06724975704567542,
      0.08954998909184664,
      0.07092811857493239,
      0.09811255892055559
    ],
    "entropy_bits": 3.44319418936273,
    "gini": 0.30906698928356574
  }
}