{
  "num_docs": 840351,
  "num_topics": 13,
  "vocab_size": 19168,
  "engine": "lda_multicore",
  "coherence": {
    "c_v": 0.624641062623074,
    "c_npmi": 0.029080250734580534,
    "u_mass": -2.520766413933579
  },
  "perplexity": 2573.306773777691,
  "topic_diversity": {
    "unique_word_ratio": 0.6871794871794872,
    "avg_pairwise_jaccard": 0.06856631677586583
  },
  "topic_size_proxy": {
    "counts_estimated": [
      172582.42759167808,
      67867.85853910077,
      102317.89953392436,
      46677.83332341683,
      53507.84145098273,
      39504.49145395768,
      39236.7133575296,
      47803.3902183614,
      43675.60752860911,
      55887.84428313599,
      74084.53260347871,
      14251.128069653518,
      82953.43204617123
    ],
    "proportions": [
      0.20536945584842292,
      0.08076132299372614,
      0.12175614657913698,
      0.055545639052511184,
      0.06367320494767391,
      0.047009513231920555,
      0.04669086293409492,
      0.05688502806370361,
      0.05197305355572743,
      0.06650535821714496,
      0.08815903426482351,
      0.016958542406272516,
      0.09871283790484121
    ],
    "entropy_bits": 3.4858964863412116,
    "gini": 0.2894176673435317
  }
}