{
  "num_docs": 1978351,
  "num_topics": 10,
  "vocab_size": 24091,
  "engine": "lda_multicore",
  "coherence": {
    "c_v": 0.6557863481817466,
    "c_npmi": 0.029943221932141488,
    "u_mass": -2.5344986105007585
  },
  "perplexity": 2430.9157783924875,
  "topic_diversity": {
    "unique_word_ratio": 0.7,
    "avg_pairwise_jaccard": 0.07012719932260163
  },
  "topic_size_proxy": {
    "counts_estimated": [
      445876.8920447174,
      190450.09626709126,
      138667.84787041953,
      81437.81894227232,
      242316.78915089174,
      230214.5608113383,
      208615.66100482165,
      148561.18620455317,
      143598.9614740679,
      148611.18622982677
    ],
    "proportions": [
      0.2253780507325127,
      0.0962670912629211,
      0.07009264173567759,
      0.04116449454230938,
      0.12248422506971295,
      0.11636689384812819,
      0.10544926608312762,
      0.07509344206591911,
      0.07258517900719734,
      0.07511871565249378
    ],
    "entropy_bits": 3.1778692705056626,
    "gini": 0.23557875109167856
  }
}