{
  "num_docs": 832402,
  "num_topics": 14,
  "vocab_size": 19100,
  "engine": "lda_multicore",
  "coherence": {
    "c_v": 0.6071677328423262,
    "c_npmi": 0.013642669338662958,
    "u_mass": -2.8638542883146743
  },
  "perplexity": 3891.6152086543284,
  "topic_diversity": {
    "unique_word_ratio": 0.8714285714285714,
    "avg_pairwise_jaccard": 0.010691279164185568
  },
  "topic_size_proxy": {
    "counts_estimated": [
      173941.296856083,
      78547.86165590574,
      59691.17485293549,
      78914.52871412154,
      39594.48672581728,
      51206.721348281615,
      46097.82700380826,
      43327.8240458326,
      48737.829822961954,
      43222.268377558365,
      60200.0642852471,
      3761.1151274559143,
      68837.85128697303,
      36321.149897018135
    ],
    "proportions": [
      0.20896309338046162,
      0.09436289395737366,
      0.0717095524193064,
      0.0948033867219463,
      0.047566544441048055,
      0.061516816812407484,
      0.05537928429269543,
      0.052051561680333064,
      0.058550832197618405,
      0.05192475315719852,
      0.07232090298347085,
      0.004518387903267789,
      0.08269784465555469,
      0.0436341453973178
    ],
    "entropy_bits": 3.562890107997472,
    "gini": 0.28646607910144045
  }
}