{
  "num_docs": 1978347,
  "num_topics": 11,
  "vocab_size": 24185,
  "engine": "lda_multicore",
  "coherence": {
    "c_v": 0.6468699026788656,
    "c_npmi": 0.024774387705997828,
    "u_mass": -2.4878760297726896
  },
  "perplexity": 2472.5443648665637,
  "topic_diversity": {
    "unique_word_ratio": 0.7090909090909091,
    "avg_pairwise_jaccard": 0.07628904828305129
  },
  "topic_size_proxy": {
    "counts_estimated": [
      378620.06379400985,
      185215.586762684,
      158950.02678162238,
      227750.03837379362,
      179751.14139753062,
      85314.45881914865,
      149454.46962615248,
      262975.59986453335,
      146588.913587777,
      78010.01314397207,
      125716.68784877608
    ],
    "proportions": [
      0.19138202943872326,
      0.09362138530939415,
      0.0803448670944088,
      0.11512138081630453,
      0.09085925846048779,
      0.04312411261479844,
      0.07554512409913552,
      0.132926933376467,
      0.07409666433026006,
      0.03943191621286461,
      0.06354632824715588
    ],
    "entropy_bits": 3.3210180139862,
    "gini": 0.24146374240055157
  }
}