{
  "num_docs": 840351,
  "num_topics": 11,
  "vocab_size": 18814,
  "engine": "lda_multicore",
  "coherence": {
    "c_v": 0.618565702129654,
    "c_npmi": 0.016265667508092933,
    "u_mass": -2.4309513380640597
  },
  "perplexity": 2346.6392914880084,
  "topic_diversity": {
    "unique_word_ratio": 0.6727272727272727,
    "avg_pairwise_jaccard": 0.06955550196929507
  },
  "topic_size_proxy": {
    "counts_estimated": [
      125839.03863469585,
      140383.5003867436,
      80770.0961147141,
      15506.685119295531,
      90177.88508756272,
      52136.728708276314,
      86838.99222546161,
      87260.10383768668,
      55048.9543959858,
      89698.99562880545,
      16690.019860772296
    ],
    "proportions": [
      0.1497458069719627,
      0.1670534102853969,
      0.09611471410721721,
      0.01845262886495706,
      0.10730978494410397,
      0.06204160964677415,
      0.10333657272432781,
      0.1038376866781698,
      0.06550709691067874,
      0.10673991656915437,
      0.01986077229725709
    ],
    "entropy_bits": 3.2590314532607327,
    "gini": 0.2706431242874389
  }
}