{
  "num_docs": 830137,
  "num_topics": 13,
  "vocab_size": 18764,
  "engine": "lda_multicore",
  "coherence": {
    "c_v": 0.591320928224744,
    "c_npmi": 0.016809580171071665,
    "u_mass": -2.9208069371024825
  },
  "perplexity": 3377.1962099352368,
  "topic_diversity": {
    "unique_word_ratio": 0.8974358974358975,
    "avg_pairwise_jaccard": 0.009789061513199443
  },
  "topic_size_proxy": {
    "counts_estimated": [
      108775.5992333257,
      112302.2673160912,
      121320.04871487025,
      75684.47483479962,
      43130.017318433514,
      38655.57107731926,
      9733.337241659005,
      48678.90843542496,
      30971.123547260624,
      86260.03463686703,
      65170.02616838191,
      43941.12875523843,
      45514.46272032851
    ],
    "proportions": [
      0.13103331044553573,
      0.1352816069107764,
      0.1461446107267478,
      0.09117106554074764,
      0.051955300532843994,
      0.04656529112341609,
      0.011724977011817333,
      0.0586396082037362,
      0.037308448541940216,
      0.10391060106568799,
      0.07850514573905501,
      0.05293238195049544,
      0.05482765220720015
    ],
    "entropy_bits": 3.496698125559739,
    "gini": 0.29081175903586665
  }
}