{
  "num_docs": 1816827,
  "num_topics": 13,
  "vocab_size": 23846,
  "engine": "lda_multicore",
  "coherence": {
    "c_v": 0.591395642899614,
    "c_npmi": 0.011406096566659581,
    "u_mass": -3.0032682515602636
  },
  "perplexity": 3465.0227393691775,
  "topic_diversity": {
    "unique_word_ratio": 0.8974358974358975,
    "avg_pairwise_jaccard": 0.010392544875303495
  },
  "topic_size_proxy": {
    "counts_estimated": [
      279805.60689150315,
      154137.80605744815,
      153881.13934369085,
      99482.24047423348,
      162117.8075215394,
      169724.4755838018,
      104257.79690596058,
      146614.47134380825,
      140201.13683382014,
      28485.560781802706,
      119417.79968736699,
      86107.79357597863,
      172593.36499904597
    ],
    "proportions": [
      0.15400784273434023,
      0.0848390111207331,
      0.08469773915936457,
      0.05475603371935439,
      0.0892312848287368,
      0.09341807204747717,
      0.05738454839451449,
      0.08069809142191758,
      0.07716812708850107,
      0.015678741444178617,
      0.06572876761924333,
      0.047394602554882016,
      0.09499713786675669
    ],
    "entropy_bits": 3.5774142351596554,
    "gini": 0.20983473015220666
  }
}