{
  "num_docs": 833027,
  "num_topics": 16,
  "vocab_size": 19103,
  "engine": "lda_multicore",
  "coherence": {
    "c_v": 0.5749273565936843,
    "c_npmi": 0.006856151840158297,
    "u_mass": -3.058823803880368
  },
  "perplexity": 3725.6982906651165,
  "topic_diversity": {
    "unique_word_ratio": 0.8666666666666667,
    "avg_pairwise_jaccard": 0.009893267651888341
  },
  "topic_size_proxy": {
    "counts_estimated": [
      116486.71327848648,
      83532.25564741158,
      71965.58435237501,
      50974.46484172842,
      43455.57294417679,
      71605.58420832199,
      64481.13691305067,
      29654.456310588965,
      39282.23794089558,
      40367.79393083321,
      61790.02472509883,
      24855.56550143786,
      49564.46427752079,
      3296.6679858187813,
      40671.12738554455,
      41043.34975671047
    ],
    "proportions": [
      0.13983545944907727,
      0.10027556807571854,
      0.08639045835534144,
      0.06119185193484535,
      0.05216586370450993,
      0.08595829932081672,
      0.0774058186746056,
      0.03559843355688227,
      0.04715602008205686,
      0.048459166306534136,
      0.07417529650911535,
      0.029837646920733495,
      0.05949922904962359,
      0.003957456343934568,
      0.04882330030784662,
      0.04927013140835828
    ],
    "entropy_bits": 3.8145052096892265,
    "gini": 0.26464255512695334
  }
}