{
  "num_docs": 840351,
  "num_topics": 13,
  "vocab_size": 18814,
  "engine": "lda_multicore",
  "coherence": {
    "c_v": 0.6082628183476553,
    "c_npmi": 0.029401707245822657,
    "u_mass": -2.472196654666818
  },
  "perplexity": 2338.713844817558,
  "topic_diversity": {
    "unique_word_ratio": 0.6871794871794872,
    "avg_pairwise_jaccard": 0.06352339585819
  },
  "topic_size_proxy": {
    "counts_estimated": [
      92114.5540588247,
      45272.27609527776,
      111461.24374764482,
      93834.55610559092,
      34697.81906745205,
      42532.27283473156,
      48605.61339521231,
      90421.21871045794,
      72908.97564903513,
      76702.31349636064,
      18908.911390095396,
      51163.39421669542,
      61727.851232621324
    ],
    "proportions": [
      0.10961438025161473,
      0.05387305553902804,
      0.13263653371941583,
      0.11166114647997195,
      0.04128967427592999,
      0.05061250933804035,
      0.05783965675677462,
      0.10759934683299945,
      0.08676014623536489,
      0.09127413842116049,
      0.022501206507870394,
      0.06088336209119215,
      0.07345484355063696
    ],
    "entropy_bits": 3.574899873696529,
    "gini": 0.23116945066132905
  }
}