{
  "num_docs": 1816827,
  "num_topics": 17,
  "vocab_size": 23846,
  "engine": "lda_multicore",
  "coherence": {
    "c_v": 0.5781328959389148,
    "c_npmi": 0.0029643376942723705,
    "u_mass": -3.143072671241762
  },
  "perplexity": 4012.303024713146,
  "topic_diversity": {
    "unique_word_ratio": 0.8823529411764706,
    "avg_pairwise_jaccard": 0.009019124891335844
  },
  "topic_size_proxy": {
    "counts_estimated": [
      192620.03534000675,
      173366.69847426284,
      161084.47399862032,
      163454.4744334444,
      98143.35133969854,
      196652.25830202113,
      90414.46103278978,
      48944.45342428557,
      57020.01046146395,
      125110.02295394168,
      65208.90085276894,
      22894.44864488999,
      118615.577317961,
      98094.46244183999,
      110398.90914378184,
      27215.560548795704,
      67588.90128942773
    ],
    "proportions": [
      0.1060200202550968,
      0.09542278845165932,
      0.08866252758166866,
      0.08996699984833141,
      0.05401909556589512,
      0.10823939665252726,
      0.049765035984598305,
      0.026939523369195622,
      0.031384391833379814,
      0.0688618250135768,
      0.035891640124661804,
      0.012601336640687303,
      0.0652872162941001,
      0.05399218662087254,
      0.060764678829509824,
      0.014979720440523894,
      0.03720161649371554
    ],
    "entropy_bits": 3.891447729968422,
    "gini": 0.28824473383312027
  }
}