{
  "num_docs": 832963,
  "num_topics": 9,
  "vocab_size": 19097,
  "engine": "lda_multicore",
  "coherence": {
    "c_v": 0.5094647445568998,
    "c_npmi": -0.016416026626338058,
    "u_mass": -3.209535230057062
  },
  "perplexity": 3639.7798678207264,
  "topic_diversity": {
    "unique_word_ratio": 0.9259259259259259,
    "avg_pairwise_jaccard": 0.010604816639299398
  },
  "topic_size_proxy": {
    "counts_estimated": [
      239945.77960451724,
      127190.11876355605,
      8991.119506553587,
      72587.84555655453,
      95365.64460306324,
      88701.19393569937,
      37077.81239912174,
      70614.51038062284,
      92488.97525031147
    ],
    "proportions": [
      0.2880629507007121,
      0.1526960006189423,
      0.010794140323824211,
      0.08714414152435886,
      0.11448965272534703,
      0.10648875632615058,
      0.044513156525706116,
      0.08477508650519032,
      0.11103611474976856
    ],
    "entropy_bits": 2.8643552950121323,
    "gini": 0.33709886210066287
  }
}