{
  "num_docs": 1821549,
  "num_topics": 9,
  "vocab_size": 24071,
  "engine": "lda_multicore",
  "coherence": {
    "c_v": 0.5659908884618653,
    "c_npmi": 0.0008894355211445555,
    "u_mass": -3.0888485378803563
  },
  "perplexity": 3603.3420525606316,
  "topic_diversity": {
    "unique_word_ratio": 0.9185185185185185,
    "avg_pairwise_jaccard": 0.010741652983032294
  },
  "topic_size_proxy": {
    "counts_estimated": [
      388133.3570087484,
      230787.7918554051,
      332098.9091463065,
      165806.6767805665,
      220657.79123749386,
      82337.78280022985,
      107777.78435202276,
      165953.34345617954,
      127995.56336304758
    ],
    "proportions": [
      0.21307873519117432,
      0.12669864596308147,
      0.18231675850954682,
      0.09102509829851763,
      0.12113744468992811,
      0.04520206856923961,
      0.05916820483666526,
      0.09110561585561494,
      0.07026742808623188
    ],
    "entropy_bits": 3.011582700749149,
    "gini": 0.2630949132558874
  }
}