{
  "num_docs": 832977,
  "num_topics": 5,
  "vocab_size": 19107,
  "engine": "lda_multicore",
  "coherence": {
    "c_v": 0.5814449545075767,
    "c_npmi": 0.029619231514545374,
    "u_mass": -2.823065452679356
  },
  "perplexity": 3713.295642041883,
  "topic_diversity": {
    "unique_word_ratio": 0.9866666666666667,
    "avg_pairwise_jaccard": 0.0034482758620689655
  },
  "topic_size_proxy": {
    "counts_estimated": [
      321370.1286030421,
      128907.82936296736,
      98732.26173202132,
      164637.84366108695,
      119328.93664088231
    ],
    "proportions": [
      0.385809126306059,
      0.15475556871674412,
      0.11852939724868912,
      0.19764992750230434,
      0.1432559802262035
    ],
    "entropy_bits": 2.1752806362046018,
    "gini": 0.2355813621563362
  }
}