{
  "num_docs": 830137,
  "num_topics": 10,
  "vocab_size": 18764,
  "engine": "lda_multicore",
  "coherence": {
    "c_v": 0.569434955688427,
    "c_npmi": 0.00753309606156202,
    "u_mass": -2.8322449649617303
  },
  "perplexity": 3336.6076208821396,
  "topic_diversity": {
    "unique_word_ratio": 0.92,
    "avg_pairwise_jaccard": 0.009250136836343735
  },
  "topic_size_proxy": {
    "counts_estimated": [
      203333.41497986275,
      86826.7015310732,
      11386.671238872315,
      67293.36035431917,
      109257.82164917959,
      92745.59279663456,
      13195.560854103007,
      50698.90924653638,
      90250.03623901286,
      105148.93111040619
    ],
    "proportions": [
      0.24493958826056753,
      0.10459321959034858,
      0.013716616942591783,
      0.08106295750498914,
      0.13161420542534497,
      0.1117232370038133,
      0.015895642350724045,
      0.061072942473996916,
      0.10871703855991584,
      0.12666455188770792
    ],
    "entropy_bits": 3.021741104416348,
    "gini": 0.3315099387918722
  }
}