{
  "num_docs": 1978351,
  "num_topics": 6,
  "vocab_size": 24086,
  "engine": "lda_multicore",
  "coherence": {
    "c_v": 0.639604339005014,
    "c_npmi": 0.026733823748877523,
    "u_mass": -2.4857244292001304
  },
  "perplexity": 2486.532562682622,
  "topic_diversity": {
    "unique_word_ratio": 0.7333333333333333,
    "avg_pairwise_jaccard": 0.08612395267567681
  },
  "topic_size_proxy": {
    "counts_estimated": [
      738739.2623005142,
      422006.8799791072,
      177621.2008935617,
      149076.7420207075,
      166248.9729230026,
      324657.94188310683
    ],
    "proportions": [
      0.37341162528818905,
      0.21331244050176495,
      0.08978245058311782,
      0.07535404082526685,
      0.08403411372552323,
      0.16410532907613806
    ],
    "entropy_bits": 2.3275547470977616,
    "gini": 0.3254076301893926
  }
}