{
  "num_docs": 1821451,
  "num_topics": 10,
  "vocab_size": 24041,
  "engine": "lda_multicore",
  "coherence": {
    "c_v": 0.5725693653556527,
    "c_npmi": -0.009037614659894753,
    "u_mass": -3.2241425405588897
  },
  "perplexity": 3838.078611200222,
  "topic_diversity": {
    "unique_word_ratio": 0.9,
    "avg_pairwise_jaccard": 0.013306574226114453
  },
  "topic_size_proxy": {
    "counts_estimated": [
      334604.6281466841,
      207789.00296772106,
      193215.6616334361,
      262505.6996745572,
      114765.61856335458,
      201406.77724157492,
      53135.58472767422,
      154258.97357904722,
      131882.2946272963,
      167886.75883865418
    ],
    "proportions": [
      0.18370223966864008,
      0.1140788321880309,
      0.10607788056523954,
      0.14411900165008953,
      0.06300779903678694,
      0.11057490826905304,
      0.0291721186722422,
      0.084690158329292,
      0.07240507410152473,
      0.09217198751910109
    ],
    "entropy_bits": 3.1967292718907983,
    "gini": 0.2258478440558651
  }
}