{
  "num_docs": 1816827,
  "num_topics": 13,
  "vocab_size": 23846,
  "engine": "lda_multicore",
  "coherence": {
    "c_v": 0.59220676991849,
    "c_npmi": 0.014780310639218456,
    "u_mass": -2.993660662767627
  },
  "perplexity": 4024.5724271106,
  "topic_diversity": {
    "unique_word_ratio": 0.9179487179487179,
    "avg_pairwise_jaccard": 0.008052292535051155
  },
  "topic_size_proxy": {
    "counts_estimated": [
      280284.4958682538,
      154331.13942625237,
      153343.36146724693,
      97974.46241982358,
      166925.58618140055,
      165481.14147194376,
      101667.79643077307,
      135250.0248143283,
      145182.2488588161,
      38868.896020167034,
      120494.46655156979,
      84191.12655766099,
      172832.25393176381
    ],
    "proportions": [
      0.15427142808217503,
      0.08494542376695875,
      0.08440174076411619,
      0.05392613739218075,
      0.09187753494493452,
      0.09108249793290377,
      0.05595898587525013,
      0.07444298483803262,
      0.07990978164614249,
      0.02139383442681501,
      0.0663213759766724,
      0.04633964959661046,
      0.09512862475720793
    ],
    "entropy_bits": 3.5872138884818656,
    "gini": 0.2070143716347354
  }
}