{
  "num_docs": 840351,
  "num_topics": 11,
  "vocab_size": 18814,
  "engine": "lda_multicore",
  "coherence": {
    "c_v": 0.6201241161067124,
    "c_npmi": 0.018426596589284482,
    "u_mass": -2.4049913786233703
  },
  "perplexity": 2250.944525746743,
  "topic_diversity": {
    "unique_word_ratio": 0.696969696969697,
    "avg_pairwise_jaccard": 0.07180349552163645
  },
  "topic_size_proxy": {
    "counts_estimated": [
      128549.04185954265,
      20318.91306796771,
      97471.22709981952,
      65715.63375577636,
      103044.56706531008,
      39540.04705182365,
      106940.12725650026,
      90311.2185795601,
      61718.962333154836,
      111449.0215108784,
      15292.240419666408
    ],
    "proportions": [
      0.15297065376199073,
      0.0241790788229772,
      0.1159887084085335,
      0.0782002208074678,
      0.12262086564460577,
      0.04705182364490987,
      0.1272565002677456,
      0.10746844899281385,
      0.07344426594738966,
      0.1326219895149508,
      0.018197444186615366
    ],
    "entropy_bits": 3.2636615856080535,
    "gini": 0.2698897104561411
  }
}