{
  "num_docs": 1978347,
  "num_topics": 7,
  "vocab_size": 24137,
  "engine": "lda_multicore",
  "coherence": {
    "c_v": 0.6551856489759842,
    "c_npmi": 0.015144278235065306,
    "u_mass": -2.4578296134629203
  },
  "perplexity": 2295.2587650064643,
  "topic_diversity": {
    "unique_word_ratio": 0.780952380952381,
    "avg_pairwise_jaccard": 0.06130869677667708
  },
  "topic_size_proxy": {
    "counts_estimated": [
      486625.63754751446,
      556443.4270889497,
      244572.26343040654,
      291503.382448981,
      80575.5691318003,
      161444.4716463579,
      157182.2487059902
    ],
    "proportions": [
      0.24597587660178646,
      0.28126684908610555,
      0.123624552937582,
      0.14734694290181702,
      0.040728734206789956,
      0.08160574037130892,
      0.0794513038946101
    ],
    "entropy_bits": 2.565744968153708,
    "gini": 0.32011562645223063
  }
}