{
  "num_docs": 840344,
  "num_topics": 20,
  "vocab_size": 19169,
  "engine": "lda_multicore",
  "coherence": {
    "c_v": 0.5995719766380468,
    "c_npmi": -0.008731317732131807,
    "u_mass": -2.79371759765378
  },
  "perplexity": 2900.076292956884,
  "topic_diversity": {
    "unique_word_ratio": 0.6866666666666666,
    "avg_pairwise_jaccard": 0.04430243717547434
  },
  "topic_size_proxy": {
    "counts_estimated": [
      84484.5114681962,
      45164.48027459675,
      67460.05351780819,
      47130.037389479694,
      32493.359111156944,
      43420.03444623824,
      5234.448597068129,
      43585.59013313341,
      58876.71337508875,
      70363.38915443291,
      33928.91580557682,
      12564.454412151646,
      61322.27087076843,
      34716.69420831961,
      7500.005949949028,
      64496.71783358389,
      27204.466026452148,
      29158.912021409236,
      45123.369130871106,
      26115.57627371881
    ],
    "proportions": [
      0.10053562763367882,
      0.053745228471431636,
      0.08027671229616465,
      0.05608421954518589,
      0.03866673542163321,
      0.05166935736583855,
      0.006228935527674534,
      0.051866366789235605,
      0.0700626331301095,
      0.08373164936553709,
      0.04037503189833784,
      0.014951560803851334,
      0.07297281931062567,
      0.041312479423092935,
      0.008924923543154979,
      0.07675037583844697,
      0.03237301156008985,
      0.034698780524891275,
      0.053696306668306194,
      0.031077244882713274
    ],
    "entropy_bits": 4.12156526853352,
    "gini": 0.28140819426980246
  }
}