{
  "num_docs": 840351,
  "num_topics": 15,
  "vocab_size": 18814,
  "engine": "lda_multicore",
  "coherence": {
    "c_v": 0.5832447849646669,
    "c_npmi": -0.005441415093418295,
    "u_mass": -2.707044172684607
  },
  "perplexity": 2288.90716320465,
  "topic_diversity": {
    "unique_word_ratio": 0.72,
    "avg_pairwise_jaccard": 0.04887088463443143
  },
  "topic_size_proxy": {
    "counts_estimated": [
      162512.4156085758,
      53858.95297990916,
      100766.78657702147,
      21687.8035858075,
      74858.97796949683,
      39321.15790246127,
      45396.72068780865,
      59384.51511076734,
      42081.16118680708,
      76032.3126990738,
      43230.05144285119,
      3098.8925765058207,
      30273.36935800559,
      77533.42559647765,
      10314.456718430813
    ],
    "proportions": [
      0.19338635356961056,
      0.06409102027594323,
      0.11991035481247891,
      0.025808029723065125,
      0.08908060794774664,
      0.0467913501649445,
      0.05402114198449059,
      0.07066632289456112,
      0.05007569597323866,
      0.09047685157639343,
      0.05144285119295531,
      0.003687616932098398,
      0.03602467225957438,
      0.0922631443247853,
      0.012273986368113814
    ],
    "entropy_bits": 3.578440747626109,
    "gini": 0.36059878049049227
  }
}