{
  "num_docs": 1978351,
  "num_topics": 11,
  "vocab_size": 23896,
  "engine": "lda_multicore",
  "coherence": {
    "c_v": 0.6407519843362274,
    "c_npmi": 0.027775443842019895,
    "u_mass": -2.5635463750800382
  },
  "perplexity": 2190.945993994946,
  "topic_diversity": {
    "unique_word_ratio": 0.7272727272727273,
    "avg_pairwise_jaccard": 0.05374372753683099
  },
  "topic_size_proxy": {
    "counts_estimated": [
      282230.1426592868,
      95156.71476567173,
      227139.00370117635,
      170803.41966959,
      226006.7809066478,
      139664.515040873,
      242405.67808471146,
      167335.64013894857,
      177992.31219225898,
      161043.4147361859,
      88573.3781046495
    ],
    "proportions": [
      0.14265928677938688,
      0.048099005063141846,
      0.11481228745615736,
      0.08633625664484715,
      0.11423998112905537,
      0.07059642856139937,
      0.12252915589029019,
      0.08458339300707943,
      0.0899700367590276,
      0.08140285254547142,
      0.044771316164143524
    ],
    "entropy_bits": 3.382839184580813,
    "gini": 0.18015798799785462
  }
}