{
  "num_docs": 830137,
  "num_topics": 7,
  "vocab_size": 18764,
  "engine": "lda_multicore",
  "coherence": {
    "c_v": 0.5779426965166944,
    "c_npmi": 0.014669743593407966,
    "u_mass": -2.8101775366203046
  },
  "perplexity": 3471.865225820736,
  "topic_diversity": {
    "unique_word_ratio": 0.9428571428571428,
    "avg_pairwise_jaccard": 0.00996950504339667
  },
  "topic_size_proxy": {
    "counts_estimated": [
      149678.94899099614,
      216094.53121507436,
      113107.82319510978,
      111216.71132464132,
      19778.89683091004,
      127121.16215536131,
      93138.92628790707
    ],
    "proportions": [
      0.18030632171677224,
      0.26031188974238517,
      0.1362519959899508,
      0.13397392397235797,
      0.023826063446045702,
      0.1531327505644988,
      0.11219705456798948
    ],
    "entropy_bits": 2.628489963004857,
    "gini": 0.247095668508207
  }
}