{
  "num_docs": 1978351,
  "num_topics": 4,
  "vocab_size": 23896,
  "engine": "lda_multicore",
  "coherence": {
    "c_v": 0.6955602004892876,
    "c_npmi": 0.03740881518689415,
    "u_mass": -2.2307585654448183
  },
  "perplexity": 2596.608166883568,
  "topic_diversity": {
    "unique_word_ratio": 0.8333333333333334,
    "avg_pairwise_jaccard": 0.0823733737526841
  },
  "topic_size_proxy": {
    "counts_estimated": [
      1022649.4058089935,
      324196.8305389171,
      274693.47218304814,
      356811.29146904126
    ],
    "proportions": [
      0.516920104576485,
      0.16387225044439388,
      0.13884971482969813,
      0.18035793014942306
    ],
    "entropy_bits": 1.7608785094263784,
    "gini": 0.28767421223634737
  }
}