{
  "num_docs": 1978351,
  "num_topics": 14,
  "vocab_size": 23896,
  "engine": "lda_multicore",
  "coherence": {
    "c_v": 0.667574396198708,
    "c_npmi": 0.04462746387531756,
    "u_mass": -2.5957932805655446
  },
  "perplexity": 2209.5094080989475,
  "topic_diversity": {
    "unique_word_ratio": 0.7333333333333333,
    "avg_pairwise_jaccard": 0.04321159872505079
  },
  "topic_size_proxy": {
    "counts_estimated": [
      324939.0531363117,
      290683.4802655412,
      139943.40407073236,
      178318.97902404642,
      103930.05253367705,
      107998.94347927425,
      114980.05811913969,
      71198.92487791454,
      135346.73508058063,
      155406.74522034355,
      98741.16102195151,
      98685.6054383142,
      74541.14878953561,
      83636.70894263739
    ],
    "proportions": [
      0.16424742279621346,
      0.1469322078162779,
      0.07073739901096032,
      0.09013515752464878,
      0.052533677054110745,
      0.05459038536603174,
      0.058119139687113,
      0.03598902564707402,
      0.06841391395186225,
      0.07855367688562018,
      0.049910840402917135,
      0.04988275864005639,
      0.03767842450077646,
      0.042275970716337694
    ],
    "entropy_bits": 3.637120350509561,
    "gini": 0.2611344390326876
  }
}