{
  "num_docs": 1816827,
  "num_topics": 18,
  "vocab_size": 23846,
  "engine": "lda_multicore",
  "coherence": {
    "c_v": 0.5915750915229753,
    "c_npmi": -0.0257938418688574,
    "u_mass": -3.2740871898925974
  },
  "perplexity": 3546.7726654089247,
  "topic_diversity": {
    "unique_word_ratio": 0.8851851851851852,
    "avg_pairwise_jaccard": 0.00846954362843477
  },
  "topic_size_proxy": {
    "counts_estimated": [
      195320.03583537598,
      217231.1509665204,
      51981.120648089716,
      77397.79197795424,
      75673.34721712583,
      102910.0188809059,
      41535.56317608725,
      93090.01707922973,
      109091.13112606597,
      24936.67124179889,
      74717.79148625443,
      106443.35286250019,
      97232.2400614258,
      104151.13021972378,
      86895.57149829007,
      115793.35457794544,
      106912.24183741616,
      135514.4693072904
    ],
    "proportions": [
      0.10750612790066195,
      0.11956622780623602,
      0.028610935795257177,
      0.042600529372336625,
      0.04165137749335838,
      0.05664271770559656,
      0.02286159506441023,
      0.05123768915765217,
      0.06004486455015583,
      0.01372539666231231,
      0.04112542993155343,
      0.05858750055041024,
      0.053517610681383415,
      0.05732583796901068,
      0.04782820350990494,
      0.06373383628597848,
      0.058845581795854064,
      0.07458853776792748
    ],
    "entropy_bits": 4.025737219131836,
    "gini": 0.23721145592613802
  }
}