{
  "num_docs": 1978351,
  "num_topics": 5,
  "vocab_size": 24113,
  "engine": "lda_multicore",
  "coherence": {
    "c_v": 0.6208013285225846,
    "c_npmi": 0.01068822751600551,
    "u_mass": -2.381418423801803
  },
  "perplexity": 2295.413673886254,
  "topic_diversity": {
    "unique_word_ratio": 0.7466666666666667,
    "avg_pairwise_jaccard": 0.0930748179024041
  },
  "topic_size_proxy": {
    "counts_estimated": [
      700633.6874836775,
      489056.9138709868,
      373926.8556760263,
      208598.99432973046,
      206134.548639579
    ],
    "proportions": [
      0.35415034414200386,
      0.24720432009839852,
      0.1890093596515615,
      0.10544084155426942,
      0.10419513455376675
    ],
    "entropy_bits": 2.1652201732392733,
    "gini": 0.2566695590882414
  }
}