{
  "num_docs": 832977,
  "num_topics": 5,
  "vocab_size": 19107,
  "engine": "lda_multicore",
  "coherence": {
    "c_v": 0.5814449545075768,
    "c_npmi": 0.029619231514545367,
    "u_mass": -2.8273205675282065
  },
  "perplexity": 3623.832523914085,
  "topic_diversity": {
    "unique_word_ratio": 0.9733333333333334,
    "avg_pairwise_jaccard": 0.006896551724137931
  },
  "topic_size_proxy": {
    "counts_estimated": [
      320214.57258506643,
      127832.27337700536,
      98786.70619825285,
      166090.0664644468,
      120053.38137522861
    ],
    "proportions": [
      0.38442186589193506,
      0.15346434940821335,
      0.11859475855666224,
      0.19939334034966966,
      0.14412568579351961
    ],
    "entropy_bits": 2.176589298946054,
    "gini": 0.2347687476906783
  }
}