{
  "num_docs": 840347,
  "num_topics": 16,
  "vocab_size": 19153,
  "engine": "lda_multicore",
  "coherence": {
    "c_v": 0.6086782021468466,
    "c_npmi": 0.0015248474188766011,
    "u_mass": -2.6409242217300255
  },
  "perplexity": 2650.562547744758,
  "topic_diversity": {
    "unique_word_ratio": 0.6583333333333333,
    "avg_pairwise_jaccard": 0.06597848511641616
  },
  "topic_size_proxy": {
    "counts_estimated": [
      116378.93505193623,
      81946.69917177038,
      56580.02244311871,
      45387.79578137065,
      36321.125518304616,
      67577.80458329366,
      36290.014394852915,
      22638.89786886893,
      37890.015029511625,
      78045.58651323793,
      6980.002768698632,
      25572.23236574324,
      44983.35117649859,
      37362.23704238462,
      74915.58527168681,
      71476.69501872243
    ],
    "proportions": [
      0.13848914204719745,
      0.09751531114143369,
      0.06732935613873639,
      0.054010778620463516,
      0.043221580511746474,
      0.0804165476681581,
      0.043184558753530285,
      0.02693994013052814,
      0.0450885348903627,
      0.0928730471022541,
      0.008306095896931424,
      0.030430563048054242,
      0.053529495763653095,
      0.04446048720633812,
      0.08914839378457567,
      0.08505616729603656
    ],
    "entropy_bits": 3.8063710259983132,
    "gini": 0.28191209447952703
  }
}