{
  "num_docs": 1978347,
  "num_topics": 11,
  "vocab_size": 24185,
  "engine": "lda_multicore",
  "coherence": {
    "c_v": 0.6474340421011383,
    "c_npmi": 0.02601425768025453,
    "u_mass": -2.502842520566222
  },
  "perplexity": 2559.606190226553,
  "topic_diversity": {
    "unique_word_ratio": 0.696969696969697,
    "avg_pairwise_jaccard": 0.07771038556645753
  },
  "topic_size_proxy": {
    "counts_estimated": [
      377596.7302882542,
      185804.47575079527,
      160092.2491962986,
      228284.48290828706,
      177710.02994251094,
      87924.4592589098,
      147783.35823347443,
      262784.4887212218,
      146803.35806835338,
      72685.5678024074,
      130877.79982948725
    ],
    "proportions": [
      0.19086476249528228,
      0.09391905249725921,
      0.08092222911162632,
      0.11539152783019715,
      0.08982753275462341,
      0.044443396056864544,
      0.07470042324904298,
      0.13283033194946176,
      0.07420506011753923,
      0.036740555525601626,
      0.06615512841250157
    ],
    "entropy_bits": 3.3206929447493008,
    "gini": 0.2411696492612543
  }
}