{
  "num_docs": 1978351,
  "num_topics": 16,
  "vocab_size": 23896,
  "engine": "lda_multicore",
  "coherence": {
    "c_v": 0.637215127688282,
    "c_npmi": 0.02046521591087105,
    "u_mass": -2.6307087301742396
  },
  "perplexity": 2228.746865447122,
  "topic_diversity": {
    "unique_word_ratio": 0.725,
    "avg_pairwise_jaccard": 0.04054092459264873
  },
  "topic_size_proxy": {
    "counts_estimated": [
      222165.66785396362,
      179043.42383467706,
      219046.77738856454,
      147675.63020137433,
      142214.5163298259,
      146013.40713894577,
      63873.36561949773,
      122353.39517948459,
      62332.253729398515,
      109612.27762810199,
      176270.0890995021,
      37306.685524132066,
      104895.60857729365,
      52173.35970547847,
      111574.50084217207,
      81800.04134758764
    ],
    "proportions": [
      0.11229840804486342,
      0.09050134371235288,
      0.11072189787786117,
      0.07464581876591884,
      0.07188538147670757,
      0.07380561242112535,
      0.03228616439625614,
      0.061846151253991115,
      0.03150717629449906,
      0.05540587975950778,
      0.08909950211034447,
      0.018857465396247716,
      0.0530217380926305,
      0.026372145137783166,
      0.056397727623749304,
      0.04134758763616145
    ],
    "entropy_bits": 3.8519454524833168,
    "gini": 0.2531444202941284
  }
}