{
  "num_docs": 840348,
  "num_topics": 3,
  "vocab_size": 19154,
  "engine": "lda_multicore",
  "coherence": {
    "c_v": 0.6242590284627091,
    "c_npmi": 0.000645962258985806,
    "u_mass": -2.1929548602865485
  },
  "perplexity": 2657.716209920321,
  "topic_diversity": {
    "unique_word_ratio": 0.7333333333333333,
    "avg_pairwise_jaccard": 0.18703703703703703
  },
  "topic_size_proxy": {
    "counts_estimated": [
      425386.77915624884,
      189678.93904772232,
      225282.2817960289
    ],
    "proportions": [
      0.5062031196078872,
      0.22571475037451427,
      0.26808213001759856
    ],
    "entropy_bits": 1.4910604634791558,
    "gini": 0.18699224615558188
  }
}