{
  "num_docs": 1821546,
  "num_topics": 12,
  "vocab_size": 24105,
  "engine": "lda_multicore",
  "coherence": {
    "c_v": 0.5356694379743492,
    "c_npmi": -0.008114184665806956,
    "u_mass": -3.164212761053207
  },
  "perplexity": 3732.2872302063383,
  "topic_diversity": {
    "unique_word_ratio": 0.9222222222222223,
    "avg_pairwise_jaccard": 0.007948947604120018
  },
  "topic_size_proxy": {
    "counts_estimated": [
      290661.1820304003,
      171864.48637817337,
      231487.83425918527,
      227782.27779949995,
      162161.1506772942,
      165341.15145319208,
      168115.59657458166,
      95992.2456436567,
      148816.70297689814,
      93627.80062230426,
      26632.228720299187,
      39063.34286451493
    ],
    "proportions": [
      0.1595684007048959,
      0.0943508900561245,
      0.12708316685891283,
      0.12504887485657784,
      0.08902391192827093,
      0.09076968215636172,
      0.09229280873202304,
      0.052698227573531875,
      0.0816980207894273,
      0.0514001845807376,
      0.014620673164608076,
      0.021445158598528354
    ],
    "entropy_bits": 3.386362865476418,
    "gini": 0.27520844630719593
  }
}