{
  "num_docs": 1816827,
  "num_topics": 9,
  "vocab_size": 23846,
  "engine": "lda_multicore",
  "coherence": {
    "c_v": 0.6031445578936847,
    "c_npmi": 0.02198859161837283,
    "u_mass": -2.901585763853922
  },
  "perplexity": 3372.633548538643,
  "topic_diversity": {
    "unique_word_ratio": 0.9185185185185185,
    "avg_pairwise_jaccard": 0.011631089217296116
  },
  "topic_size_proxy": {
    "counts_estimated": [
      454584.52784708876,
      210128.9274412529,
      258660.04745637084,
      163830.03005790318,
      158417.8068427001,
      224546.70786426152,
      164507.8079600329,
      90743.34998201994,
      91407.79454837006
    ],
    "proportions": [
      0.2502079327569926,
      0.11565709197477406,
      0.14236911244514242,
      0.09017370947145938,
      0.08719476694407341,
      0.12359278448870556,
      0.09054676530018149,
      0.04994605979656837,
      0.05031177682210251
    ],
    "entropy_bits": 2.9998239501512796,
    "gini": 0.26122198140075464
  }
}