{
  "num_docs": 1978351,
  "num_topics": 19,
  "vocab_size": 23896,
  "engine": "lda_multicore",
  "coherence": {
    "c_v": 0.5882463443951187,
    "c_npmi": -0.014473369765942773,
    "u_mass": -2.89046123009067
  },
  "perplexity": 2638.2023909647764,
  "topic_diversity": {
    "unique_word_ratio": 0.7157894736842105,
    "avg_pairwise_jaccard": 0.042935206667814044
  },
  "topic_size_proxy": {
    "counts_estimated": [
      228139.00420664807,
      110513.3891946993,
      161581.19278579514,
      151841.18786250046,
      36887.79642350668,
      157903.41314900466,
      66734.47817681963,
      138863.40352482288,
      24132.234420378376,
      121801.17267812965,
      126033.39703962056,
      158603.41350283485,
      77784.48376228227,
      93902.26968714109,
      79228.92893685254,
      19091.120761128102,
      120847.83886291327,
      23112.23390479721,
      81350.04112012536
    ],
    "proportions": [
      0.11531775918765076,
      0.055861365953109074,
      0.08167468400996342,
      0.07675138934521754,
      0.018645728904277695,
      0.07981567130858208,
      0.033732375183584525,
      0.07019148954094742,
      0.012198156151450564,
      0.061567018531155315,
      0.06370628722588689,
      0.08016950152062746,
      0.03931783781658678,
      0.047464918857746216,
      0.04004796365096615,
      0.009650016989466532,
      0.061085135480464924,
      0.01168257498532728,
      0.04112012535698941
    ],
    "entropy_bits": 4.027023856563801,
    "gini": 0.2966151868833929
  }
}