{
  "num_docs": 1978351,
  "num_topics": 6,
  "vocab_size": 24086,
  "engine": "lda_multicore",
  "coherence": {
    "c_v": 0.6410892018163806,
    "c_npmi": 0.025294469432136552,
    "u_mass": -2.488179240903535
  },
  "perplexity": 2389.971590108583,
  "topic_diversity": {
    "unique_word_ratio": 0.7444444444444445,
    "avg_pairwise_jaccard": 0.08347845003017416
  },
  "topic_size_proxy": {
    "counts_estimated": [
      742185.9307093734,
      424192.43663939927,
      175033.4218077354,
      146982.2965175806,
      165816.75048230428,
      324140.16384360706
    ],
    "proportions": [
      0.37515381785606977,
      0.21441717705270666,
      0.08847440206906429,
      0.07429535836541676,
      0.08381563761046663,
      0.16384360704627596
    ],
    "entropy_bits": 2.3224971345695686,
    "gini": 0.3285776867928661
  }
}