{
  "num_docs": 1816827,
  "num_topics": 19,
  "vocab_size": 23846,
  "engine": "lda_multicore",
  "coherence": {
    "c_v": 0.5872473704191055,
    "c_npmi": -0.002594155502410125,
    "u_mass": -3.113273866334543
  },
  "perplexity": 3598.902025904088,
  "topic_diversity": {
    "unique_word_ratio": 0.8771929824561403,
    "avg_pairwise_jaccard": 0.00815256532134935
  },
  "topic_size_proxy": {
    "counts_estimated": [
      150348.91647341152,
      179032.25506927833,
      59684.45539475423,
      58324.45514523492,
      94564.4617941906,
      139442.24780569784,
      130423.35726211271,
      130762.24621317757,
      84554.45995765511,
      127124.46776797641,
      66252.23437752272,
      98365.57360269187,
      94223.35062049581,
      64715.5674289237,
      25623.338034448345,
      43856.6747130528,
      92671.12811348726,
      65424.456447872486,
      111433.3537780159
    ],
    "proportions": [
      0.0827535678814832,
      0.09854116823961681,
      0.03285092933711037,
      0.03210237141193681,
      0.05204923847685585,
      0.07675042687371876,
      0.07178633808398527,
      0.07197286599834632,
      0.0465396319834828,
      0.06997059586189351,
      0.03646590147412093,
      0.05414140895236138,
      0.051861487428630136,
      0.03562010440670669,
      0.014103345026493078,
      0.024139158386050404,
      0.05100712842416325,
      0.03601028410953408,
      0.061334047643510296
    ],
    "entropy_bits": 4.124594680234976,
    "gini": 0.22985749589220153
  }
}