{
  "num_docs": 840349,
  "num_topics": 9,
  "vocab_size": 19147,
  "engine": "lda_multicore",
  "coherence": {
    "c_v": 0.6535061941803373,
    "c_npmi": 0.007958476552904816,
    "u_mass": -2.4591786141915053
  },
  "perplexity": 2672.4670142782006,
  "topic_diversity": {
    "unique_word_ratio": 0.725925925925926,
    "avg_pairwise_jaccard": 0.07499707614650143
  },
  "topic_size_proxy": {
    "counts_estimated": [
      192673.35880864298,
      137165.57369161485,
      95552.23485615762,
      56220.00743342051,
      94662.23473848164,
      53232.22926059811,
      104176.68044092797,
      6256.667493924481,
      100410.01327623182
    ],
    "proportions": [
      0.22927778673937016,
      0.16322453372541032,
      0.11370541864886806,
      0.06690078459475826,
      0.11264633472340853,
      0.06334538300229799,
      0.1239683517692387,
      0.007445320329915882,
      0.11948608646673206
    ],
    "entropy_bits": 2.9309681358914426,
    "gini": 0.2906538230887642
  }
}