{
  "num_docs": 840351,
  "num_topics": 7,
  "vocab_size": 18814,
  "engine": "lda_multicore",
  "coherence": {
    "c_v": 0.6296048987708932,
    "c_npmi": 0.02163743093630811,
    "u_mass": -2.1894186699320834
  },
  "perplexity": 2291.109349562618,
  "topic_diversity": {
    "unique_word_ratio": 0.7333333333333333,
    "avg_pairwise_jaccard": 0.10291486473752483
  },
  "topic_size_proxy": {
    "counts_estimated": [
      249644.74151643165,
      110516.79817933004,
      76284.53522143551,
      66388.96789036314,
      120213.47638483964,
      116217.91607465142,
      101084.56473294857
    ],
    "proportions": [
      0.29707198720110006,
      0.13151266337438766,
      0.09077699106853625,
      0.0790014742534526,
      0.14305150631681243,
      0.1382968736571402,
      0.12028850412857076
    ],
    "entropy_bits": 2.6722078523671655,
    "gini": 0.22193398253373267
  }
}