{
  "num_docs": 833064,
  "num_topics": 8,
  "vocab_size": 19121,
  "engine": "lda_multicore",
  "coherence": {
    "c_v": 0.5557335550735126,
    "c_npmi": 0.004137865308799046,
    "u_mass": -3.0434088133807826
  },
  "perplexity": 3514.3707928061467,
  "topic_diversity": {
    "unique_word_ratio": 0.8916666666666667,
    "avg_pairwise_jaccard": 0.017603018218781765
  },
  "topic_size_proxy": {
    "counts_estimated": [
      255897.98256235023,
      134057.88505875904,
      87297.84763863492,
      84365.62306987465,
      90858.96159955826,
      92002.29584785471,
      9988.89688258996,
      78594.50734037829
    ],
    "proportions": [
      0.3071768586355313,
      0.16092147189022576,
      0.10479128570990334,
      0.10127147862574142,
      0.10906600405197951,
      0.11043844872405327,
      0.011990551605386812,
      0.09434390075717866
    ],
    "entropy_bits": 2.7203580226175896,
    "gini": 0.3038709541891573
  }
}