{
  "num_docs": 840351,
  "num_topics": 14,
  "vocab_size": 18814,
  "engine": "lda_multicore",
  "coherence": {
    "c_v": 0.6351466006179197,
    "c_npmi": -0.0018327779608085654,
    "u_mass": -2.752527921186278
  },
  "perplexity": 2263.3459393273533,
  "topic_diversity": {
    "unique_word_ratio": 0.7333333333333333,
    "avg_pairwise_jaccard": 0.048899803409087235
  },
  "topic_size_proxy": {
    "counts_estimated": [
      134289.04869002994,
      134373.4932349616,
      41573.38280478372,
      11297.791221911504,
      61938.96259495051,
      64121.18741397433,
      27153.36564526685,
      53760.06397334444,
      45963.388028797526,
      64895.63277999246,
      79130.0941631463,
      9880.011757006008,
      54310.064627833635,
      57664.51306400111
    ],
    "proportions": [
      0.1598011410589503,
      0.15990162828979987,
      0.049471450387735275,
      0.013444133727349053,
      0.07370606162776092,
      0.076302863224979,
      0.03231193351976359,
      0.06397334443981674,
      0.05469546419150751,
      0.07722443690790214,
      0.09416314630808592,
      0.011757006009400843,
      0.06462783364074492,
      0.0686195566662039
    ],
    "entropy_bits": 3.5497017924792575,
    "gini": 0.3162832757703944
  }
}