{
  "num_docs": 840350,
  "num_topics": 4,
  "vocab_size": 19171,
  "engine": "lda_multicore",
  "coherence": {
    "c_v": 0.6535402576040815,
    "c_npmi": 0.011773917407871207,
    "u_mass": -2.140690531369758
  },
  "perplexity": 2757.927091901535,
  "topic_diversity": {
    "unique_word_ratio": 0.7333333333333333,
    "avg_pairwise_jaccard": 0.13971176804760013
  },
  "topic_size_proxy": {
    "counts_estimated": [
      245878.8888888889,
      299028.8888888889,
      109616.66666666667,
      185825.55555555556
    ],
    "proportions": [
      0.2925910500254524,
      0.3558385064424215,
      0.1304416810455961,
      0.2211287624865301
    ],
    "entropy_bits": 1.9139391289303758,
    "gini": 0.1869131909323496
  }
}