{
  "num_docs": 830137,
  "num_topics": 4,
  "vocab_size": 18764,
  "engine": "lda_multicore",
  "coherence": {
    "c_v": 0.515797941046909,
    "c_npmi": -0.010305818893926254,
    "u_mass": -2.954694354120017
  },
  "perplexity": 3537.394014618386,
  "topic_diversity": {
    "unique_word_ratio": 1.0,
    "avg_pairwise_jaccard": 0.0
  },
  "topic_size_proxy": {
    "counts_estimated": [
      402850.1617605133,
      147686.72596881638,
      201073.41407238165,
      78526.69819828864
    ],
    "proportions": [
      0.48528153998739154,
      0.17790644913889678,
      0.2422171449680976,
      0.09459486590561392
    ],
    "entropy_bits": 1.7666377888582645,
    "gini": 0.3090926795186335
  }
}