{
  "num_docs": 830137,
  "num_topics": 18,
  "vocab_size": 18764,
  "engine": "lda_multicore",
  "coherence": {
    "c_v": 0.5586777225787674,
    "c_npmi": -0.00024374343560183535,
    "u_mass": -3.127130839470584
  },
  "perplexity": 3597.8790142745884,
  "topic_diversity": {
    "unique_word_ratio": 0.8592592592592593,
    "avg_pairwise_jaccard": 0.00982001996200779
  },
  "topic_size_proxy": {
    "counts_estimated": [
      82373.36640954703,
      91741.14794886518,
      58985.57924063374,
      32908.90210313429,
      69828.91692800248,
      45180.01814159114,
      53250.021382021434,
      78341.14256822504,
      45498.907158526774,
      36728.90363701827,
      34872.236224825094,
      7560.003035644733,
      17964.451657893012,
      34613.34723198188,
      16743.340056456567,
      36196.68120108737,
      61303.35794909272,
      26046.67712545324
    ],
    "proportions": [
      0.09922864106713353,
      0.11051326220716,
      0.07105523454638661,
      0.039642736202740385,
      0.08411734078592145,
      0.05442477343088086,
      0.06414606430266502,
      0.09437134180047997,
      0.05480891365946437,
      0.04424438813957006,
      0.042007808620535034,
      0.009106934199589627,
      0.021640345699436372,
      0.041695945647503826,
      0.02016936970217755,
      0.04360326211346726,
      0.073847278159018,
      0.03137635971587008
    ],
    "entropy_bits": 3.980399419088948,
    "gini": 0.28351638366254434
  }
}