{
  "num_docs": 840351,
  "num_topics": 18,
  "vocab_size": 18814,
  "engine": "lda_multicore",
  "coherence": {
    "c_v": 0.599427773485062,
    "c_npmi": 0.012139477156316322,
    "u_mass": -2.6143166477017155
  },
  "perplexity": 2480.0277799963865,
  "topic_diversity": {
    "unique_word_ratio": 0.7111111111111111,
    "avg_pairwise_jaccard": 0.037885188459901104
  },
  "topic_size_proxy": {
    "counts_estimated": [
      27596.699506158147,
      68812.30410741556,
      71751.19649352452,
      80724.54050494834,
      72936.7534598679,
      12244.459015092918,
      52966.72969596001,
      27103.365585767835,
      19792.245774578052,
      62932.29711033101,
      49916.7260665199,
      45168.94263897979,
      28600.03403343845,
      56897.845485016165,
      38076.71197715237,
      29553.368501219727,
      64713.410340929375,
      30563.3697030999
    ],
    "proportions": [
      0.03283949148172388,
      0.08188519333875434,
      0.0853824134124009,
      0.09606050389057469,
      0.08679320124551276,
      0.01457064847318908,
      0.06302929334999305,
      0.03225243450149739,
      0.023552355830573236,
      0.07488810879064939,
      0.05939985323575493,
      0.0537500909012779,
      0.0340334384482656,
      0.06770723838612218,
      0.0453104857103191,
      0.035167886396541115,
      0.07700759604133198,
      0.03636976656551833
    ],
    "entropy_bits": 4.027214680382642,
    "gini": 0.2469130660578669
  }
}