{
  "num_docs": 1978351,
  "num_topics": 20,
  "vocab_size": 23896,
  "engine": "lda_multicore",
  "coherence": {
    "c_v": 0.6114969310385121,
    "c_npmi": 0.008604884366716366,
    "u_mass": -2.864982074543426
  },
  "perplexity": 2404.0929761059256,
  "topic_diversity": {
    "unique_word_ratio": 0.71,
    "avg_pairwise_jaccard": 0.036028466391442804
  },
  "topic_size_proxy": {
    "counts_estimated": [
      242384.56696292927,
      35431.129020536195,
      139123.40365624553,
      32528.90533132268,
      146174.51833149398,
      90966.71264774518,
      130955.62174988698,
      179296.7572960632,
      66293.36684273933,
      69936.70201767466,
      101715.60696989355,
      35596.684659775405,
      111052.27835598128,
      41477.798743621934,
      103032.274302098,
      48154.46878515486,
      57166.695562800654,
      109131.16627380281,
      171077.86425275833,
      66854.47823747624
    ],
    "proportions": [
      0.12251848482040309,
      0.017909425082068952,
      0.07032291219113572,
      0.016442433790223615,
      0.07388704953342151,
      0.045981078508184434,
      0.06619433141534893,
      0.09062939655099789,
      0.03350940598647021,
      0.035351007994877885,
      0.05141433798648144,
      0.017993108735393976,
      0.056133759052858306,
      0.020965844151832478,
      0.052079875766281106,
      0.024340710412436854,
      0.028896133983706964,
      0.05516269169313373,
      0.08647498055337922,
      0.03379303179136374
    ],
    "entropy_bits": 4.107607401350909,
    "gini": 0.3064607430996089
  }
}