{
  "num_docs": 1978350,
  "num_topics": 17,
  "vocab_size": 24085,
  "engine": "lda_multicore",
  "coherence": {
    "c_v": 0.6570985924821143,
    "c_npmi": 0.011817002929159442,
    "u_mass": -2.6769482749535043
  },
  "perplexity": 2640.86650287521,
  "topic_diversity": {
    "unique_word_ratio": 0.6941176470588235,
    "avg_pairwise_jaccard": 0.047218434523311495
  },
  "topic_size_proxy": {
    "counts_estimated": [
      311073.3333333334,
      156193.33333333334,
      55196.66666666667,
      77016.66666666667,
      26737.777777777777,
      137480.0,
      95387.77777777778,
      99395.55555555556,
      99783.33333333334,
      119225.55555555556,
      112911.11111111111,
      166321.11111111112,
      107461.11111111111,
      123405.55555555556,
      112903.33333333334,
      66173.33333333334,
      111684.44444444445
    ],
    "proportions": [
      0.15723877642142864,
      0.07895131464772832,
      0.02790035467266493,
      0.03892974785385127,
      0.013515190829619519,
      0.06949225364571486,
      0.04821582519664254,
      0.05024164356941671,
      0.050437654274184715,
      0.06026514800493116,
      0.057073374838178835,
      0.08407062001724219,
      0.054318553901539716,
      0.062378019842573636,
      0.05706944339137834,
      0.033448749378690995,
      0.056453329514213585
    ],
    "entropy_bits": 3.9236452606364103,
    "gini": 0.24371177473272365
  }
}