{
  "num_docs": 830137,
  "num_topics": 8,
  "vocab_size": 18764,
  "engine": "lda_multicore",
  "coherence": {
    "c_v": 0.6277095083436454,
    "c_npmi": 0.025900587185809502,
    "u_mass": -2.697683332854429
  },
  "perplexity": 3449.4386972092707,
  "topic_diversity": {
    "unique_word_ratio": 0.925,
    "avg_pairwise_jaccard": 0.01117171006333568
  },
  "topic_size_proxy": {
    "counts_estimated": [
      234134.53845886153,
      127856.71800627206,
      120334.49276357441,
      83000.03332784562,
      10902.2265999039,
      91792.25908049947,
      63953.35901317454,
      98163.3727498685
    ],
    "proportions": [
      0.2820432512451096,
      0.15401881617886212,
      0.14495738988091653,
      0.09998353684734643,
      0.013133045027391743,
      0.110574831721149,
      0.07703952361257785,
      0.11824960548664679
    ],
    "entropy_bits": 2.74924770046415,
    "gini": 0.30123302990270684
  }
}