{
  "num_docs": 840351,
  "num_topics": 17,
  "vocab_size": 18814,
  "engine": "lda_multicore",
  "coherence": {
    "c_v": 0.6010537336652423,
    "c_npmi": 0.025186621626285436,
    "u_mass": -2.5296772251832484
  },
  "perplexity": 2321.0594322460856,
  "topic_diversity": {
    "unique_word_ratio": 0.6980392156862745,
    "avg_pairwise_jaccard": 0.04913749761619945
  },
  "topic_size_proxy": {
    "counts_estimated": [
      109270.13002915452,
      44415.60840919458,
      80176.76207532575,
      66621.19038892524,
      40542.270466670634,
      56858.956549850256,
      44895.60898038516,
      29590.035211519007,
      9577.789175145277,
      46806.722365680966,
      71357.86269213224,
      17435.576303524325,
      59526.73750223121,
      34256.70743142738,
      36363.37660498601,
      63920.07606354495,
      28735.589750302453
    ],
    "proportions": [
      0.13002915451895045,
      0.052853639026067184,
      0.09540865909045833,
      0.07927781413828894,
      0.048244448411045665,
      0.06766096137191513,
      0.05342482960142269,
      0.03521151900993633,
      0.011397367498991822,
      0.05569901429959739,
      0.08491435446870682,
      0.020747968769626413,
      0.07083556454651832,
      0.04076476071478154,
      0.043271652684397366,
      0.0760635449515083,
      0.0341947468977873
    ],
    "entropy_bits": 3.9176408326473147,
    "gini": 0.26610512037662487
  }
}