{
  "num_docs": 840351,
  "num_topics": 4,
  "vocab_size": 18814,
  "engine": "lda_multicore",
  "coherence": {
    "c_v": 0.6421051620984067,
    "c_npmi": 0.02159363784279091,
    "u_mass": -2.1842656916693968
  },
  "perplexity": 2254.2021129736027,
  "topic_diversity": {
    "unique_word_ratio": 0.8333333333333334,
    "avg_pairwise_jaccard": 0.08032995101960619
  },
  "topic_size_proxy": {
    "counts_estimated": [
      341259.29498026613,
      127872.37438765593,
      202826.90802641757,
      168392.42260566034
    ],
    "proportions": [
      0.4060913772700528,
      0.15216543371478813,
      0.24135975089744355,
      0.2003834381177155
    ],
    "entropy_bits": 1.9009831142397215,
    "gini": 0.20068853586138036
  }
}