{
  "num_docs": 1816827,
  "num_topics": 20,
  "vocab_size": 23846,
  "engine": "lda_multicore",
  "coherence": {
    "c_v": 0.5782048453464521,
    "c_npmi": -0.0025222686735260186,
    "u_mass": -3.1588383662166475
  },
  "perplexity": 3617.1504002642964,
  "topic_diversity": {
    "unique_word_ratio": 0.8966666666666666,
    "avg_pairwise_jaccard": 0.006277187220925878
  },
  "topic_size_proxy": {
    "counts_estimated": [
      255045.60234878398,
      130708.91287005915,
      92407.79473184014,
      158218.91791732106,
      107496.68638908867,
      118242.24391613217,
      59868.89987303871,
      70198.90176828463,
      82044.45949714522,
      74426.68032173313,
      39266.67387092513,
      67437.79015059225,
      92735.57256975533,
      77656.6809143415,
      126016.68978695455,
      27398.89391576522,
      59321.1219947601,
      95582.23975870016,
      23051.115340300305,
      59701.12206447873
    ],
    "proportions": [
      0.14037968521426858,
      0.07194351078559441,
      0.05086218706120073,
      0.08708529646318611,
      0.05916726600226035,
      0.06508172980483676,
      0.03295244944787737,
      0.038638187217761855,
      0.045158102283346296,
      0.04096519939528261,
      0.021612775388589626,
      0.03711844339091847,
      0.051042599306238466,
      0.04274302446756983,
      0.06936086363035916,
      0.015080628984358564,
      0.03265094695023802,
      0.05260943378687137,
      0.012687567578146021,
      0.03286010284109534
    ],
    "entropy_bits": 4.1224048647861355,
    "gini": 0.2837677904820615
  }
}