{
  "num_docs": 1816827,
  "num_topics": 10,
  "vocab_size": 23846,
  "engine": "lda_multicore",
  "coherence": {
    "c_v": 0.5818992442758693,
    "c_npmi": 0.010332594821479807,
    "u_mass": -3.0113881739754094
  },
  "perplexity": 3314.8036874281156,
  "topic_diversity": {
    "unique_word_ratio": 0.92,
    "avg_pairwise_jaccard": 0.009195402298850576
  },
  "topic_size_proxy": {
    "counts_estimated": [
      408527.85273040173,
      170072.2534253864,
      76740.01407949392,
      295690.0542502679,
      211594.48326569406,
      43233.34126535645,
      168823.36430736378,
      159071.14029590055,
      133903.35790058857,
      149171.13847954676
    ],
    "proportions": [
      0.2248578718449262,
      0.09360949249729689,
      0.04223848174839647,
      0.1627508035989491,
      0.11646374875851914,
      0.023796069337012525,
      0.09292209126535646,
      0.08755436830028426,
      0.07370176571604703,
      0.082105306933212
    ],
    "entropy_bits": 3.1122521375823697,
    "gini": 0.2906832670394778
  }
}