{
  "num_docs": 830137,
  "num_topics": 6,
  "vocab_size": 18764,
  "engine": "lda_multicore",
  "coherence": {
    "c_v": 0.5100803267951567,
    "c_npmi": 0.007383380326683582,
    "u_mass": -2.901464120254193
  },
  "perplexity": 3157.6815330998384,
  "topic_diversity": {
    "unique_word_ratio": 0.9444444444444444,
    "avg_pairwise_jaccard": 0.011658456486042693
  },
  "topic_size_proxy": {
    "counts_estimated": [
      242804.541940216,
      84888.92297519953,
      116093.37994948623,
      108218.93234313493,
      155363.39571797414,
      122767.82707398916
    ],
    "proportions": [
      0.29248731467241673,
      0.10225893192954841,
      0.13984845868752535,
      0.13036273813013385,
      0.18715392244650478,
      0.14788863413387088
    ],
    "entropy_bits": 2.4955031989201597,
    "gini": 0.18825927368496664
  }
}