{
  "num_docs": 840345,
  "num_topics": 6,
  "vocab_size": 19150,
  "engine": "lda_multicore",
  "coherence": {
    "c_v": 0.6452019932714483,
    "c_npmi": 0.025211321315439322,
    "u_mass": -2.279151567634019
  },
  "perplexity": 2575.8363273729137,
  "topic_diversity": {
    "unique_word_ratio": 0.7,
    "avg_pairwise_jaccard": 0.12247671036276735
  },
  "topic_size_proxy": {
    "counts_estimated": [
      299713.53147518873,
      110553.40642064762,
      125777.86093004192,
      106776.73725720934,
      71784.49190146898,
      125738.9720154434
    ],
    "proportions": [
      0.3566553397416403,
      0.1315571657124724,
      0.14967407544525393,
      0.12706297682167364,
      0.08542264415385227,
      0.14962779812510743
    ],
    "entropy_bits": 2.4170143380210614,
    "gini": 0.24034456770371934
  }
}