{
  "num_docs": 1821613,
  "num_topics": 8,
  "vocab_size": 24073,
  "engine": "lda_multicore",
  "coherence": {
    "c_v": 0.5746601905095641,
    "c_npmi": -0.009817897853778361,
    "u_mass": -3.1251433910159188
  },
  "perplexity": 4434.632446731597,
  "topic_diversity": {
    "unique_word_ratio": 0.8833333333333333,
    "avg_pairwise_jaccard": 0.01750527797325827
  },
  "topic_size_proxy": {
    "counts_estimated": [
      343445.70219725993,
      386044.6092746901,
      239197.87990857914,
      226828.98573851856,
      252352.3299696057,
      54097.800876024965,
      173078.96278876282,
      146566.72924655877
    ],
    "proportions": [
      0.18853933420394997,
      0.21192460158919052,
      0.13131103033881464,
      0.12452095244078658,
      0.13853235015868118,
      0.029697746379733218,
      0.09501412363041042,
      0.08045986125843346
    ],
    "entropy_bits": 2.847932556251382,
    "gini": 0.24416626358457805
  }
}