{
  "num_docs": 830137,
  "num_topics": 14,
  "vocab_size": 18764,
  "engine": "lda_multicore",
  "coherence": {
    "c_v": 0.5931458535163807,
    "c_npmi": 0.007177868748769419,
    "u_mass": -2.9487905883134213
  },
  "perplexity": 3331.3531101818726,
  "topic_diversity": {
    "unique_word_ratio": 0.8666666666666667,
    "avg_pairwise_jaccard": 0.011909272993016836
  },
  "topic_size_proxy": {
    "counts_estimated": [
      163262.28777858533,
      46540.018687685966,
      87271.14615398001,
      64450.02587927289,
      60840.02442971238,
      45434.46268820529,
      22673.3424375906,
      37068.90377354198,
      8212.225519760468,
      42400.017025309084,
      70852.2506722454,
      71933.3622174662,
      54503.35521861862,
      54695.57751802581
    ],
    "proportions": [
      0.19666908929319538,
      0.0560630578900663,
      0.10512860666851376,
      0.07763781867242743,
      0.0732891371300308,
      0.05473128253313042,
      0.0273127717925964,
      0.04465395925436642,
      0.00989261473679702,
      0.051075927256957684,
      0.08535006953339677,
      0.08665239860103356,
      0.06565585586309082,
      0.06588741077439725
    ],
    "entropy_bits": 3.5805752141245626,
    "gini": 0.2906011268750738
  }
}