{
  "num_docs": 1821447,
  "num_topics": 7,
  "vocab_size": 24087,
  "engine": "lda_multicore",
  "coherence": {
    "c_v": 0.572128271804459,
    "c_npmi": 0.0019366627036786408,
    "u_mass": -3.084228737712469
  },
  "perplexity": 3809.2284616114607,
  "topic_diversity": {
    "unique_word_ratio": 0.9523809523809523,
    "avg_pairwise_jaccard": 0.008210180623973728
  },
  "topic_size_proxy": {
    "counts_estimated": [
      533081.2086674694,
      338294.5063539238,
      155304.47286589048,
      183343.36688602832,
      308862.278745466,
      238484.48808822292,
      64076.67839299897
    ],
    "proportions": [
      0.2926690750087538,
      0.18572843807913372,
      0.0852643381146366,
      0.10065808496543042,
      0.16956973150767826,
      0.13093133540982688,
      0.03517899691454046
    ],
    "entropy_bits": 2.594193203032818,
    "gini": 0.2978028802153948
  }
}