{
  "num_docs": 830137,
  "num_topics": 14,
  "vocab_size": 18764,
  "engine": "lda_multicore",
  "coherence": {
    "c_v": 0.56926976495496,
    "c_npmi": -0.003027130823484701,
    "u_mass": -2.951334199960644
  },
  "perplexity": 3506.409518014349,
  "topic_diversity": {
    "unique_word_ratio": 0.8857142857142857,
    "avg_pairwise_jaccard": 0.010396554731530101
  },
  "topic_size_proxy": {
    "counts_estimated": [
      154090.06187334616,
      37785.5707279792,
      93718.92652080047,
      57424.46750267359,
      62643.35848715674,
      46354.46305762237,
      21732.230948585442,
      35097.7918709503,
      8728.892393889628,
      47366.68568629262,
      72565.58469355114,
      80992.25474386413,
      58422.24568109937,
      53214.46581218889
    ],
    "proportions": [
      0.18562003846756153,
      0.045517270917907755,
      0.11289573470499502,
      0.06917468743433143,
      0.07546147019968599,
      0.055839533784932324,
      0.02617908965458164,
      0.04227951756270386,
      0.010515002215164035,
      0.057058877855453514,
      0.08741398671972352,
      0.09756492572173524,
      0.07037663142481224,
      0.06410323333641181
    ],
    "entropy_bits": 3.5833017199666575,
    "gini": 0.29744490341139074
  }
}