{
  "num_docs": 1978350,
  "num_topics": 15,
  "vocab_size": 24099,
  "engine": "lda_multicore",
  "coherence": {
    "c_v": 0.6301659662505663,
    "c_npmi": 0.004396897332274216,
    "u_mass": -2.6596264879470297
  },
  "perplexity": 2527.789478456991,
  "topic_diversity": {
    "unique_word_ratio": 0.7022222222222222,
    "avg_pairwise_jaccard": 0.047394796409574724
  },
  "topic_size_proxy": {
    "counts_estimated": [
      228971.11111111112,
      176007.77777777778,
      173033.33333333334,
      81244.44444444445,
      202171.11111111112,
      106465.55555555556,
      108525.55555555556,
      203785.55555555556,
      108156.66666666667,
      162305.55555555556,
      99126.66666666667,
      18808.88888888889,
      93267.77777777778,
      176436.6666666667,
      40043.333333333336
    ],
    "proportions": [
      0.11573842399530472,
      0.08896695618964175,
      0.08746345860607745,
      0.041066770007553995,
      0.10219178159128117,
      0.05381532871107517,
      0.0548566004779516,
      0.10300783762001442,
      0.05467013757255625,
      0.08204087019766752,
      0.050105727837170703,
      0.009507361634133944,
      0.047144225125876495,
      0.08918374739892672,
      0.02024077303476803
    ],
    "entropy_bits": 3.7359900955378844,
    "gini": 0.25670048646973836
  }
}