{
  "num_docs": 1816827,
  "num_topics": 11,
  "vocab_size": 23846,
  "engine": "lda_multicore",
  "coherence": {
    "c_v": 0.5312598414943105,
    "c_npmi": -0.0058174841647441085,
    "u_mass": -3.135987260416532
  },
  "perplexity": 3955.091787131448,
  "topic_diversity": {
    "unique_word_ratio": 0.9151515151515152,
    "avg_pairwise_jaccard": 0.009449171518137034
  },
  "topic_size_proxy": {
    "counts_estimated": [
      303971.1668807151,
      331154.5052013768,
      139681.13673841572,
      64626.678523726354,
      152520.02798285655,
      148831.13841716695,
      166291.14162055452,
      103698.9079145323,
      116297.79911494034,
      141858.91491575056,
      147895.58268996494
    ],
    "proportions": [
      0.1673088119456146,
      0.18227079694510087,
      0.07688191376417002,
      0.035571179052120185,
      0.08394856966725867,
      0.08191816745191861,
      0.09152833022657332,
      0.05707693022755183,
      0.06401148767325691,
      0.07808058495153945,
      0.08140322809489563
    ],
    "entropy_bits": 3.3179027985393224,
    "gini": 0.2318085524188474
  }
}