{
  "num_docs": 830137,
  "num_topics": 13,
  "vocab_size": 18764,
  "engine": "lda_multicore",
  "coherence": {
    "c_v": 0.5843305474584316,
    "c_npmi": 0.012450929535509315,
    "u_mass": -2.9025381948916933
  },
  "perplexity": 3367.4460990819694,
  "topic_diversity": {
    "unique_word_ratio": 0.8717948717948718,
    "avg_pairwise_jaccard": 0.012031072375899962
  },
  "topic_size_proxy": {
    "counts_estimated": [
      109486.71062997659,
      113836.71237667694,
      128731.1628018412,
      73698.91848196348,
      34852.23621679429,
      39003.348994743836,
      9763.337253705213,
      47334.46345113187,
      27687.78889553661,
      87998.92422398989,
      66703.36011741038,
      46671.129851443475,
      44368.906704786226
    ],
    "proportions": [
      0.13188992977060005,
      0.1371300307981417,
      0.15507219025515212,
      0.08877922376904474,
      0.041983716202017615,
      0.046984231512080345,
      0.011761115639593481,
      0.05702006229228655,
      0.03335327650199499,
      0.10600530300900923,
      0.08035223115872488,
      0.056220997078125036,
      0.05344769201322942
    ],
    "entropy_bits": 3.4744719427794104,
    "gini": 0.30926655162022026
  }
}