{
  "num_docs": 1978351,
  "num_topics": 12,
  "vocab_size": 23896,
  "engine": "lda_multicore",
  "coherence": {
    "c_v": 0.6421728628035103,
    "c_npmi": 0.028065403020530302,
    "u_mass": -2.549474119382177
  },
  "perplexity": 2216.7854369060674,
  "topic_diversity": {
    "unique_word_ratio": 0.7222222222222222,
    "avg_pairwise_jaccard": 0.04987872918907401
  },
  "topic_size_proxy": {
    "counts_estimated": [
      288376.8124329197,
      242896.78944406533,
      280589.0307186404,
      223651.2241604255,
      197873.43335270975,
      104551.16395874228,
      85155.59859928167,
      146937.85205067074,
      90768.93476999633,
      133338.95628792793,
      89997.82326911035,
      94213.38095551006
    ],
    "proportions": [
      0.14576625302229973,
      0.12277739867397916,
      0.14182975150448046,
      0.11304931438375976,
      0.10001937641637391,
      0.052847631162893885,
      0.043043726112950466,
      0.07427289295512815,
      0.045881107432400176,
      0.0673990390420749,
      0.04549133256389303,
      0.04762217672976639
    ],
    "entropy_bits": 3.4402358671898337,
    "gini": 0.25089936525855344
  }
}