{
  "num_docs": 830137,
  "num_topics": 16,
  "vocab_size": 18764,
  "engine": "lda_multicore",
  "coherence": {
    "c_v": 0.5611607343438869,
    "c_npmi": 0.0006491942971500447,
    "u_mass": -3.0107664009802115
  },
  "perplexity": 3562.814094822521,
  "topic_diversity": {
    "unique_word_ratio": 0.8875,
    "avg_pairwise_jaccard": 0.008969622331691296
  },
  "topic_size_proxy": {
    "counts_estimated": [
      137000.05501102228,
      67320.02703169358,
      54262.244010691684,
      72815.58479393621,
      10255.559673574498,
      23620.00948438209,
      36978.90373740334,
      25036.67671989753,
      73063.36267120675,
      71183.36191631097,
      24532.232072898307,
      49943.35338759481,
      34117.7914774408,
      64485.58144910543,
      46222.2407823076,
      39300.01578053413
    ],
    "proportions": [
      0.16503306684441518,
      0.08109508072967905,
      0.06536540837318622,
      0.08771514195119144,
      0.012354056828661412,
      0.028453146269088226,
      0.044545543371037964,
      0.03015969258073972,
      0.08801362024726853,
      0.08574893290662983,
      0.029552028247022247,
      0.06016278444111612,
      0.04109898905534966,
      0.07768064963868064,
      0.05568025612917819,
      0.047341602386755596
    ],
    "entropy_bits": 3.7872833855528656,
    "gini": 0.2942981778100794
  }
}