{
  "num_docs": 830137,
  "num_topics": 10,
  "vocab_size": 18764,
  "engine": "lda_multicore",
  "coherence": {
    "c_v": 0.5580483146706705,
    "c_npmi": 0.004578598889046109,
    "u_mass": -2.8457317277980496
  },
  "perplexity": 3489.320011192197,
  "topic_diversity": {
    "unique_word_ratio": 0.92,
    "avg_pairwise_jaccard": 0.009250136836343735
  },
  "topic_size_proxy": {
    "counts_estimated": [
      194890.07825619075,
      91953.37025630318,
      11411.11569313219,
      66486.69336374332,
      112857.8230947247,
      93586.70424548569,
      15060.006047197048,
      50743.35370882706,
      87156.7016635815,
      105991.15367081459
    ],
    "proportions": [
      0.2347685722431246,
      0.11076890953698386,
      0.013746063231890865,
      0.08009122995811935,
      0.13595084075848288,
      0.11273645704924087,
      0.01814159114362695,
      0.06112648118181343,
      0.1049907444958862,
      0.1276791104008309
    ],
    "entropy_bits": 3.0374942773576157,
    "gini": 0.32503443208146443
  }
}