{
  "num_docs": 832097,
  "num_topics": 20,
  "vocab_size": 19119,
  "engine": "lda_multicore",
  "coherence": {
    "c_v": 0.5394051258734296,
    "c_npmi": -0.03103320059527932,
    "u_mass": -3.285677933855794
  },
  "perplexity": 3875.6316601853864,
  "topic_diversity": {
    "unique_word_ratio": 0.89,
    "avg_pairwise_jaccard": 0.007116930256676173
  },
  "topic_size_proxy": {
    "counts_estimated": [
      103178.93022178246,
      79506.69851659864,
      39072.237874338854,
      41831.127868423406,
      62073.35819956816,
      83164.47775966201,
      41521.127744239115,
      19766.674585084267,
      28533.344763629226,
      48061.130364127035,
      36203.34783618891,
      23310.00933785738,
      33250.013319766535,
      68197.80509743125,
      1822.2229521943898,
      40228.9050043598,
      2428.889861888376,
      26467.78838062351,
      29563.345176241543,
      23915.56513599515
    ],
    "proportions": [
      0.12399868070883857,
      0.09554979589711131,
      0.04695634988990328,
      0.05027193688767463,
      0.07459870447744452,
      0.09994565268191329,
      0.04989938401921784,
      0.023755252795148,
      0.03429088767731313,
      0.05775904776020948,
      0.04350856671300209,
      0.028013572141057326,
      0.0399592996006073,
      0.08195896043061235,
      0.0021899165027567573,
      0.04834641274317754,
      0.002918998460381873,
      0.0318085372025419,
      0.03552872462734698,
      0.028741318783741737
    ],
    "entropy_bits": 4.035447237564229,
    "gini": 0.33461717188307444
  }
}