{
  "num_docs": 830137,
  "num_topics": 11,
  "vocab_size": 18764,
  "engine": "lda_multicore",
  "coherence": {
    "c_v": 0.6037898883139804,
    "c_npmi": 0.01845268089297633,
    "u_mass": -2.81948017448817
  },
  "perplexity": 3245.2624625021326,
  "topic_diversity": {
    "unique_word_ratio": 0.8666666666666667,
    "avg_pairwise_jaccard": 0.017335920784196646
  },
  "topic_size_proxy": {
    "counts_estimated": [
      161122.28691928906,
      91303.36999530198,
      73077.80712145122,
      93880.03769660418,
      94630.03799775941,
      49383.353162732245,
      53324.46585635832,
      83980.03372135512,
      45827.79617947781,
      71400.02866997804,
      12207.782679692635
    ],
    "proportions": [
      0.19409120051183004,
      0.1099859059351673,
      0.08803102032730889,
      0.1130898125208299,
      0.11399327821523364,
      0.059488196722628006,
      0.06423574163825768,
      0.10116406535470064,
      0.0552051000973066,
      0.08600993410723536,
      0.014705744569501944
    ],
    "entropy_bits": 3.286305279809509,
    "gini": 0.25446169080349795
  }
}