{
  "num_docs": 832936,
  "num_topics": 7,
  "vocab_size": 19108,
  "engine": "lda_multicore",
  "coherence": {
    "c_v": 0.5660735282551227,
    "c_npmi": -0.031808524144606075,
    "u_mass": -3.4095929898259683
  },
  "perplexity": 3499.2892449592923,
  "topic_diversity": {
    "unique_word_ratio": 0.9714285714285714,
    "avg_pairwise_jaccard": 0.0049261083743842365
  },
  "topic_size_proxy": {
    "counts_estimated": [
      256244.58117341343,
      195477.88208238065,
      11465.561673438788,
      112477.83779457393,
      111095.61483481448,
      71815.59387547655,
      74358.92856590211
    ],
    "proportions": [
      0.30764018024603745,
      0.23468535647682492,
      0.013765237273258435,
      0.1350377913724151,
      0.13337833259075665,
      0.0862198222618263,
      0.08927327977888111
    ],
    "entropy_bits": 2.492830273302121,
    "gini": 0.349805831126248
  }
}