{
  "num_docs": 1978343,
  "num_topics": 12,
  "vocab_size": 24155,
  "engine": "lda_multicore",
  "coherence": {
    "c_v": 0.6241801673677666,
    "c_npmi": 0.014855123043465722,
    "u_mass": -2.654418163481683
  },
  "perplexity": 2942.3764300035014,
  "topic_diversity": {
    "unique_word_ratio": 0.6722222222222223,
    "avg_pairwise_jaccard": 0.06565389605119738
  },
  "topic_size_proxy": {
    "counts_estimated": [
      328905.6848635333,
      307107.89851604146,
      179411.1816459123,
      154492.28296025627,
      245703.42993067147,
      87972.25680816935,
      123241.15956288879,
      61920.02434361429,
      134468.941754825,
      80404.4760551483,
      131722.27400831672,
      142993.3895506226
    ],
    "proportions": [
      0.16625311427974487,
      0.1552349104862208,
      0.09068760151597186,
      0.07809175808252476,
      0.12419657760594169,
      0.044467646312176076,
      0.06229514273454543,
      0.03129893266416102,
      0.06797048932102523,
      0.040642333536271676,
      0.06658212150689578,
      0.07227937195452085
    ],
    "entropy_bits": 3.413885541251842,
    "gini": 0.27122764963706986
  }
}