{
  "num_docs": 840351,
  "num_topics": 17,
  "vocab_size": 18814,
  "engine": "lda_multicore",
  "coherence": {
    "c_v": 0.605252288372342,
    "c_npmi": 0.026455863956316397,
    "u_mass": -2.5150439703568384
  },
  "perplexity": 2403.4993149274937,
  "topic_diversity": {
    "unique_word_ratio": 0.6941176470588235,
    "avg_pairwise_jaccard": 0.05241222041424881
  },
  "topic_size_proxy": {
    "counts_estimated": [
      106007.9039249519,
      43890.05222823823,
      77821.20371670533,
      66034.52302413677,
      43977.83011046984,
      55556.73277800916,
      45423.387386208124,
      31112.259245155787,
      9681.122631443248,
      49267.836405465976,
      71296.7515083001,
      17681.13215128617,
      61773.4068423871,
      34166.707324329145,
      36337.82101901985,
      60872.294658971456,
      29450.03504492176
    ],
    "proportions": [
      0.12614717412718246,
      0.052228238234069135,
      0.09260559422991742,
      0.07857969232396554,
      0.05233269206613646,
      0.06611134249618214,
      0.054052874794232555,
      0.037022933566040604,
      0.011520332136741966,
      0.058627688198700276,
      0.08484163344638146,
      0.02104017505933374,
      0.07350905376727951,
      0.040657662481902376,
      0.04324124207506132,
      0.07243674923808201,
      0.03504492175879098
    ],
    "entropy_bits": 3.9285548422193246,
    "gini": 0.2561870618023691
  }
}