{
  "num_docs": 1816827,
  "num_topics": 19,
  "vocab_size": 23846,
  "engine": "lda_multicore",
  "coherence": {
    "c_v": 0.5870272188930847,
    "c_npmi": -0.0011485696821484823,
    "u_mass": -3.1399831046082203
  },
  "perplexity": 4071.535751490967,
  "topic_diversity": {
    "unique_word_ratio": 0.8947368421052632,
    "avg_pairwise_jaccard": 0.007361955335337066
  },
  "topic_size_proxy": {
    "counts_estimated": [
      149625.58300736817,
      178724.47723503254,
      60138.899922575634,
      59498.89980515478,
      89282.23860283865,
      143995.5819744316,
      136821.1362136913,
      128510.02357773995,
      85227.79341452496,
      114942.2433106809,
      73620.01350706727,
      97236.68450668566,
      97757.79571340507,
      63096.67824301714,
      22835.559745196755,
      39377.785002421806,
      101438.90749988993,
      63415.56719041259,
      111281.13152786545
    ],
    "proportions": [
      0.08235543780853552,
      0.09837176419936104,
      0.03310106021243389,
      0.032748797659411036,
      0.04914184928055266,
      0.07925662816241259,
      0.07530774048034913,
      0.0707332198265107,
      0.04691024154447559,
      0.06326537601581267,
      0.04052120180241006,
      0.053520056949112736,
      0.05380688184037614,
      0.03472905138629992,
      0.012568923593273742,
      0.02167393208182276,
      0.05583300308718987,
      0.034904571095879015,
      0.0612502629737809
    ],
    "entropy_bits": 4.119833143131618,
    "gini": 0.23311940078285712
  }
}