{
  "num_docs": 840351,
  "num_topics": 18,
  "vocab_size": 19155,
  "engine": "lda_multicore",
  "coherence": {
    "c_v": 0.6017157033800863,
    "c_npmi": 0.009183601128914313,
    "u_mass": -2.618791607521233
  },
  "perplexity": 2670.5525706533163,
  "topic_diversity": {
    "unique_word_ratio": 0.7111111111111111,
    "avg_pairwise_jaccard": 0.04910276911629177
  },
  "topic_size_proxy": {
    "counts_estimated": [
      106796.79375260307,
      50081.17070665,
      59162.29262410504,
      76812.31362725848,
      55504.51049364352,
      38276.71221514845,
      53104.50763769064,
      17478.909688423475,
      20547.802229229885,
      44670.05315642292,
      68674.52616568493,
      36953.377307074436,
      14872.239919874655,
      34123.37393943,
      31128.92593165546,
      63865.631554312684,
      62582.29669383788,
      5715.562356954443
    ],
    "proportions": [
      0.1270859364153825,
      0.05959553889583044,
      0.07040188281337803,
      0.09140503626134615,
      0.06604919907710412,
      0.045548481783383915,
      0.0631932462003266,
      0.020799534585457122,
      0.0244514521065958,
      0.05315642291902184,
      0.08172124048842085,
      0.043973741099938526,
      0.0176976524331793,
      0.040606096666071685,
      0.03704276657212934,
      0.07599875713161845,
      0.07447161566278601,
      0.006801398888029459
    ],
    "entropy_bits": 3.9624293214470403,
    "gini": 0.2902572928534334
  }
}