{
  "num_docs": 1978351,
  "num_topics": 19,
  "vocab_size": 23896,
  "engine": "lda_multicore",
  "coherence": {
    "c_v": 0.6017930320070173,
    "c_npmi": -0.020516891761878875,
    "u_mass": -2.982298739518346
  },
  "perplexity": 2342.976630059937,
  "topic_diversity": {
    "unique_word_ratio": 0.7192982456140351,
    "avg_pairwise_jaccard": 0.03803863229150586
  },
  "topic_size_proxy": {
    "counts_estimated": [
      228095.67085141098,
      106485.6093809937,
      163343.41589877085,
      147775.6302519215,
      36468.9073228813,
      164012.3051257642,
      66736.70040016512,
      139485.62606156085,
      25087.79045894025,
      116026.72531486677,
      122516.7285953783,
      163862.30504994342,
      83013.37529422667,
      104812.27520183768,
      77444.48359042188,
      7914.448444972381,
      120926.72779167825,
      23444.456294948373,
      80897.81866931758
    ],
    "proportions": [
      0.11529585541261939,
      0.053825438145705035,
      0.08256543752790625,
      0.0746963659390682,
      0.018433992412307674,
      0.08290354195274964,
      0.033733498454098954,
      0.07050600528498778,
      0.012681162472655383,
      0.058648200099409444,
      0.06192871163680171,
      0.08282772119302562,
      0.041960893337040124,
      0.05297961544833939,
      0.039145977427879015,
      0.004000527937141782,
      0.06112501158372718,
      0.011850503927234537,
      0.040891539807302944
    ],
    "entropy_bits": 4.009997862454407,
    "gini": 0.3035010124953499
  }
}