{
  "num_docs": 1821586,
  "num_topics": 14,
  "vocab_size": 24101,
  "engine": "lda_multicore",
  "coherence": {
    "c_v": 0.5719578110063439,
    "c_npmi": 0.00953828175839433,
    "u_mass": -3.137031915742526
  },
  "perplexity": 4519.034303650527,
  "topic_diversity": {
    "unique_word_ratio": 0.8952380952380953,
    "avg_pairwise_jaccard": 0.009259760491287584
  },
  "topic_size_proxy": {
    "counts_estimated": [
      179767.82163890186,
      227814.50002836355,
      162081.15065690633,
      203024.49397990882,
      65122.23811124252,
      92558.911472118,
      162382.26184148484,
      100136.69109878024,
      95285.57880405776,
      104643.35886501808,
      120755.58501842411,
      59560.01453190657,
      130131.14286149977,
      118322.25109138741
    ],
    "proportions": [
      0.09868752924039925,
      0.1250638180291041,
      0.08897803927835764,
      0.1114547948765026,
      0.035750295682576906,
      0.05081226550495997,
      0.08914334093558299,
      0.05497225555026239,
      0.05230912995821102,
      0.057446290685709105,
      0.06629145427030299,
      0.032696789793019154,
      0.07143837450523874,
      0.06495562168977333
    ],
    "entropy_bits": 3.7079154181401304,
    "gini": 0.20968419366731705
  }
}