{
  "num_docs": 1816827,
  "num_topics": 14,
  "vocab_size": 23846,
  "engine": "lda_multicore",
  "coherence": {
    "c_v": 0.5924849928944182,
    "c_npmi": -0.0007826534034506933,
    "u_mass": -3.1223140090682944
  },
  "perplexity": 3988.5079924280403,
  "topic_diversity": {
    "unique_word_ratio": 0.9285714285714286,
    "avg_pairwise_jaccard": 0.0057381042602717485
  },
  "topic_size_proxy": {
    "counts_estimated": [
      261960.0480618221,
      72897.79115233888,
      211142.26096050258,
      158937.80693810454,
      93573.35050124026,
      147463.36038844287,
      103938.90795856512,
      115277.79892780086,
      190547.81273759378,
      139656.69228948644,
      62964.45599653609,
      113905.57645381692,
      40882.2297228868,
      103678.90791086291
    ],
    "proportions": [
      0.14418546623416653,
      0.04012368329639469,
      0.11621484101706027,
      0.08748098026840448,
      0.0515037207732163,
      0.08116532855821873,
      0.05720902868493539,
      0.06345006922937674,
      0.10487944792629884,
      0.07686845929165871,
      0.03465627492135249,
      0.06269478406794753,
      0.0225019937081994,
      0.05706592202276986
    ],
    "entropy_bits": 3.6636131383015775,
    "gini": 0.24956447697747539
  }
}