{
  "num_docs": 1978351,
  "num_topics": 8,
  "vocab_size": 24123,
  "engine": "lda_multicore",
  "coherence": {
    "c_v": 0.6471919793632777,
    "c_npmi": 0.0183821883506343,
    "u_mass": -2.510122566280301
  },
  "perplexity": 2542.601628659901,
  "topic_diversity": {
    "unique_word_ratio": 0.7083333333333334,
    "avg_pairwise_jaccard": 0.08256073428487222
  },
  "topic_size_proxy": {
    "counts_estimated": [
      388604.64087300585,
      331141.2784935819,
      274357.9164578788,
      310395.71245173446,
      155317.85628652383,
      169843.4191843371,
      217760.11007152425,
      130930.0661814138
    ],
    "proportions": [
      0.1964285613993704,
      0.16738247080198707,
      0.13868010098201924,
      0.15689617891452753,
      0.07850874606504298,
      0.08585100378261346,
      0.11007152425000633,
      0.06618141380443299
    ],
    "entropy_bits": 2.9093125017938104,
    "gini": 0.19973034487212982
  }
}