{
  "num_docs": 1821554,
  "num_topics": 4,
  "vocab_size": 24048,
  "engine": "lda_multicore",
  "coherence": {
    "c_v": 0.536603812670589,
    "c_npmi": -0.006599275197892643,
    "u_mass": -2.9768985668884835
  },
  "perplexity": 3428.229394359671,
  "topic_diversity": {
    "unique_word_ratio": 1.0,
    "avg_pairwise_jaccard": 0.0
  },
  "topic_size_proxy": {
    "counts_estimated": [
      687352.4737848893,
      489510.1791547873,
      219037.85794297664,
      425653.48911734676
    ],
    "proportions": [
      0.37734400066365825,
      0.26873218095910817,
      0.12024779827717248,
      0.23367602010006114
    ],
    "entropy_bits": 1.8975988863271893,
    "gini": 0.20158619200462602
  }
}