{
  "num_docs": 840349,
  "num_topics": 11,
  "vocab_size": 19160,
  "engine": "lda_multicore",
  "coherence": {
    "c_v": 0.5828445215704936,
    "c_npmi": 0.008784703986996002,
    "u_mass": -2.633376652893389
  },
  "perplexity": 2590.913250596454,
  "topic_diversity": {
    "unique_word_ratio": 0.6909090909090909,
    "avg_pairwise_jaccard": 0.07276566345531864
  },
  "topic_size_proxy": {
    "counts_estimated": [
      87028.90039586733,
      29740.003932229207,
      107020.01415020745,
      109202.23666096356,
      87507.789348075,
      47492.22850165408,
      52974.4514487369,
      97035.56838561762,
      90002.23412233543,
      66408.89766948648,
      65936.67538482694
    ],
    "proportions": [
      0.10356280592452341,
      0.035390062857490405,
      0.12735186708166185,
      0.1299486721123766,
      0.10413267505295419,
      0.05651488667405337,
      0.06303863210253942,
      0.11547055852463395,
      0.10710101888897997,
      0.07902537834814641,
      0.07846344243264042
    ],
    "entropy_bits": 3.378335572032622,
    "gini": 0.18105803577975202
  }
}