{
  "num_docs": 840347,
  "num_topics": 16,
  "vocab_size": 19153,
  "engine": "lda_multicore",
  "coherence": {
    "c_v": 0.6049205819056183,
    "c_npmi": 0.0019134241851118724,
    "u_mass": -2.6311519273569237
  },
  "perplexity": 2755.5312081693983,
  "topic_diversity": {
    "unique_word_ratio": 0.675,
    "avg_pairwise_jaccard": 0.06228320211078831
  },
  "topic_size_proxy": {
    "counts_estimated": [
      114664.48992743735,
      83707.8109814468,
      56318.91122843482,
      44351.12870349803,
      33673.34669025482,
      68413.3604702821,
      36537.792270914644,
      24113.34289816901,
      38506.681940786344,
      77701.14193216556,
      6957.780537661705,
      24494.4541604523,
      46881.12970705212,
      37172.2369670189,
      74480.02954336305,
      72373.36204106241
    ],
    "proportions": [
      0.13644897872835549,
      0.09961100709759993,
      0.06701863781085055,
      0.052777160748474175,
      0.04007076444641894,
      0.08141084631739282,
      0.043479410613609194,
      0.028694507028845236,
      0.045822359026433536,
      0.09246316335057489,
      0.008279651783919864,
      0.029148023566993517,
      0.05578782301484044,
      0.04423439004008927,
      0.08863008916954906,
      0.08612318725605306
    ],
    "entropy_bits": 3.8062805849305885,
    "gini": 0.2830589426056972
  }
}