{
  "num_docs": 1978351,
  "num_topics": 16,
  "vocab_size": 23896,
  "engine": "lda_multicore",
  "coherence": {
    "c_v": 0.6319561829269581,
    "c_npmi": 0.021782388544303973,
    "u_mass": -2.625685790500762
  },
  "perplexity": 2301.5476648318413,
  "topic_diversity": {
    "unique_word_ratio": 0.7166666666666667,
    "avg_pairwise_jaccard": 0.0399947019774606
  },
  "topic_size_proxy": {
    "counts_estimated": [
      222919.00156808563,
      177932.3121619307,
      210274.55073223196,
      144720.07315186897,
      143485.62808344778,
      141470.07150908586,
      65565.58869709045,
      122407.83965144916,
      63446.698737163126,
      130341.17699485824,
      170887.86415671872,
      40917.79846055776,
      99772.27265426014,
      60270.03046478126,
      107721.16556108766,
      76218.92741538263
    ],
    "proportions": [
      0.11267919674925513,
      0.08993970845513799,
      0.10628778752214948,
      0.0731518689817272,
      0.07252789221096144,
      0.0715090858543736,
      0.03314153489299444,
      0.06187367138159465,
      0.032070496457485616,
      0.06588374711810908,
      0.08637894092439548,
      0.020682779982196163,
      0.05043203792161257,
      0.030464781257108196,
      0.05444997655172801,
      0.03852649373917097
    ],
    "entropy_bits": 3.864150537377043,
    "gini": 0.24308672631233086
  }
}