{
  "num_docs": 840351,
  "num_topics": 18,
  "vocab_size": 19155,
  "engine": "lda_multicore",
  "coherence": {
    "c_v": 0.6037754013183586,
    "c_npmi": 0.011430320839798756,
    "u_mass": -2.5876485863789362
  },
  "perplexity": 2798.8502279218637,
  "topic_diversity": {
    "unique_word_ratio": 0.7074074074074074,
    "avg_pairwise_jaccard": 0.047630385290966776
  },
  "topic_size_proxy": {
    "counts_estimated": [
      105554.57005216081,
      53960.06421134051,
      59665.62655639515,
      78233.42642946391,
      53747.84173657801,
      40956.71540429583,
      60101.182630253265,
      16774.464405703973,
      17786.687832450763,
      43908.941139604525,
      69227.86015747406,
      36706.71034687928,
      14672.239681878582,
      34001.15157176573,
      30558.92525336665,
      66408.96791416274,
      52462.28465123659,
      5623.340024989588
    ],
    "proportions": [
      0.12560771636156892,
      0.06421134051288153,
      0.07100083959725775,
      0.09309613058051208,
      0.06395880023535166,
      0.048737629162452153,
      0.07151914215637664,
      0.019961259528106675,
      0.021165784097895716,
      0.0522507156409697,
      0.08237969629056675,
      0.04368021260982527,
      0.0174596563601145,
      0.04046065462142097,
      0.03636447776389467,
      0.07902527386075907,
      0.06242901436570741,
      0.00669165625433847
    ],
    "entropy_bits": 3.9559136657888105,
    "gini": 0.29403805145857054
  }
}