{
  "num_docs": 1978350,
  "num_topics": 17,
  "vocab_size": 24085,
  "engine": "lda_multicore",
  "coherence": {
    "c_v": 0.6549539512372023,
    "c_npmi": 0.01027115048855861,
    "u_mass": -2.687728988131038
  },
  "perplexity": 2576.4276437923772,
  "topic_diversity": {
    "unique_word_ratio": 0.6823529411764706,
    "avg_pairwise_jaccard": 0.05276967608632659
  },
  "topic_size_proxy": {
    "counts_estimated": [
      312236.6666666667,
      155854.44444444444,
      51606.66666666667,
      75763.33333333334,
      24867.777777777777,
      135791.11111111112,
      93096.66666666667,
      104605.55555555556,
      110941.11111111111,
      123373.33333333334,
      114271.11111111111,
      160705.55555555556,
      106500.0,
      117947.77777777778,
      113928.88888888889,
      66590.0,
      110270.0
    ],
    "proportions": [
      0.15782680853573264,
      0.07878001589427777,
      0.026085711156603568,
      0.03829622328371286,
      0.012569958691726831,
      0.06863856805474822,
      0.047057733296265405,
      0.05287515129049741,
      0.05607759552713681,
      0.06236173242011441,
      0.05776081639300989,
      0.08123211542727807,
      0.05383273940404883,
      0.05961926745913402,
      0.057587832733787696,
      0.03365936260014658,
      0.05573836783177901
    ],
    "entropy_bits": 3.921079394638232,
    "gini": 0.24254932189976106
  }
}