{
  "num_docs": 840351,
  "num_topics": 19,
  "vocab_size": 18814,
  "engine": "lda_multicore",
  "coherence": {
    "c_v": 0.5842415994917302,
    "c_npmi": 0.011761824053842292,
    "u_mass": -2.6300430294085024
  },
  "perplexity": 2429.8148951420494,
  "topic_diversity": {
    "unique_word_ratio": 0.6666666666666666,
    "avg_pairwise_jaccard": 0.051386989922985085
  },
  "topic_size_proxy": {
    "counts_estimated": [
      92310.10984708751,
      54897.84310505543,
      48216.72404355328,
      32695.5944626247,
      95705.66944328752,
      41675.60514864838,
      36674.48808631324,
      61866.740286785265,
      46667.833311517024,
      12938.904285912615,
      26417.80921441463,
      36714.488133912455,
      38428.934618512125,
      31434.481850816126,
      41806.71641577914,
      55185.62122528312,
      71184.52915253564,
      9083.344142321652,
      6445.56322564011
    ],
    "proportions": [
      0.10984708752305587,
      0.06532727765547425,
      0.0573768866147042,
      0.03890706914447023,
      0.11388773196353373,
      0.0495930928250795,
      0.04364186879805373,
      0.07362011860137642,
      0.055533739248857954,
      0.015397023726886285,
      0.031436636851047514,
      0.04368946801266668,
      0.045729623238994335,
      0.03740637168375611,
      0.04974911247297754,
      0.06566972756060638,
      0.084708091205384,
      0.010808988318359415,
      0.0076700845547159596
    ],
    "entropy_bits": 4.031075570546689,
    "gini": 0.29499501913189197
  }
}