{
  "num_docs": 840351,
  "num_topics": 10,
  "vocab_size": 19146,
  "engine": "lda_multicore",
  "coherence": {
    "c_v": 0.6340837403097825,
    "c_npmi": 0.0021564717632530073,
    "u_mass": -2.4486849395768404
  },
  "perplexity": 2710.3965343041295,
  "topic_diversity": {
    "unique_word_ratio": 0.6866666666666666,
    "avg_pairwise_jaccard": 0.09317527235568214
  },
  "topic_size_proxy": {
    "counts_estimated": [
      172001.31578905613,
      82030.09761408936,
      13388.90482140378,
      48781.16915967553,
      109125.68541282402,
      109547.9081374824,
      46663.38886178378,
      92174.55413022352,
      79273.42766704349,
      87364.54840641796
    ],
    "proportions": [
      0.20467794503612907,
      0.09761408936752541,
      0.015932514891282067,
      0.05804856442090927,
      0.1298572684661814,
      0.1303597046204293,
      0.05552845044723428,
      0.10968577907353416,
      0.094333710160449,
      0.10396197351632586
    ],
    "entropy_bits": 3.137392476196309,
    "gini": 0.2633975261630406
  }
}