{
  "num_docs": 830137,
  "num_topics": 19,
  "vocab_size": 18764,
  "engine": "lda_multicore",
  "coherence": {
    "c_v": 0.5415823824720872,
    "c_npmi": -0.00048815972515033333,
    "u_mass": -3.1404421798236943
  },
  "perplexity": 3475.059217056406,
  "topic_diversity": {
    "unique_word_ratio": 0.8807017543859649,
    "avg_pairwise_jaccard": 0.007361955335337066
  },
  "topic_size_proxy": {
    "counts_estimated": [
      140624.50091082728,
      16480.006617384286,
      69431.1389905009,
      61555.580272592335,
      25274.454593152666,
      40348.905090594184,
      14628.894762977448,
      56548.911595547186,
      45188.90703404928,
      50712.24258522358,
      71062.25075656887,
      60235.57974255912,
      28756.678213627474,
      31397.79038525116,
      36582.236911459026,
      6963.336129392349,
      37560.01508185399,
      12088.893743065064,
      24696.67658337382
    ],
    "proportions": [
      0.1693991484668522,
      0.019852152858364686,
      0.08363816935096363,
      0.07415111032587673,
      0.030446124667558087,
      0.0486051158912254,
      0.017622265677806732,
      0.06811997489034603,
      0.054435481172444164,
      0.06108900408634187,
      0.08560303992782983,
      0.07256101070372616,
      0.03464088242498223,
      0.037822420136978785,
      0.04406771040377555,
      0.008388177047152879,
      0.04524556197573893,
      0.014562528526092758,
      0.029750121465943358
    ],
    "entropy_bits": 3.954035447504148,
    "gini": 0.3460195414874616
  }
}