{
  "num_docs": 1978350,
  "num_topics": 15,
  "vocab_size": 24099,
  "engine": "lda_multicore",
  "coherence": {
    "c_v": 0.6326732001618408,
    "c_npmi": 0.0061889957249892736,
    "u_mass": -2.6535641995531702
  },
  "perplexity": 2524.6456800048413,
  "topic_diversity": {
    "unique_word_ratio": 0.6977777777777778,
    "avg_pairwise_jaccard": 0.051436711436711434
  },
  "topic_size_proxy": {
    "counts_estimated": [
      225282.22222222222,
      170547.77777777778,
      184731.11111111112,
      79230.0,
      184410.0,
      104167.77777777778,
      123701.11111111111,
      205207.77777777778,
      108385.55555555556,
      160357.77777777778,
      100398.88888888889,
      19421.111111111113,
      95023.33333333334,
      179124.44444444444,
      38361.11111111111
    ],
    "proportions": [
      0.11387379494135125,
      0.08620708053568772,
      0.09337635459403601,
      0.04004852528622337,
      0.0932140420047009,
      0.052653866999154746,
      0.0625274148209928,
      0.10372673074924953,
      0.05478583443554254,
      0.08105632359176981,
      0.05074880020668178,
      0.00981682266085936,
      0.048031608832276064,
      0.09054234308612959,
      0.019390457255344662
    ],
    "entropy_bits": 3.7405408697611717,
    "gini": 0.25260571613643623
  }
}