{
  "num_docs": 1816827,
  "num_topics": 10,
  "vocab_size": 23846,
  "engine": "lda_multicore",
  "coherence": {
    "c_v": 0.5795147588247158,
    "c_npmi": 0.012280452931048468,
    "u_mass": -3.003912178688551
  },
  "perplexity": 3270.373399787042,
  "topic_diversity": {
    "unique_word_ratio": 0.9266666666666666,
    "avg_pairwise_jaccard": 0.008429118773946361
  },
  "topic_size_proxy": {
    "counts_estimated": [
      411034.51985696674,
      168777.80874345012,
      78140.01433635203,
      292793.38705214957,
      209773.37182046354,
      46025.5639998679,
      168246.69753489603,
      157993.36232038282,
      132948.91328103215,
      151093.36105443924
    ],
    "proportions": [
      0.2262375668442657,
      0.09289701702113085,
      0.04300905608313396,
      0.16115644860636127,
      0.11546139055642805,
      0.02533293703796118,
      0.09260468802747647,
      0.08696114837592286,
      0.0731764297211744,
      0.08316331772614521
    ],
    "entropy_bits": 3.115851735385316,
    "gini": 0.28814428576321094
  }
}