{
  "num_docs": 830137,
  "num_topics": 8,
  "vocab_size": 18764,
  "engine": "lda_multicore",
  "coherence": {
    "c_v": 0.6219181159751203,
    "c_npmi": 0.025889844309953475,
    "u_mass": -2.668653548928668
  },
  "perplexity": 3137.7986686248432,
  "topic_diversity": {
    "unique_word_ratio": 0.9083333333333333,
    "avg_pairwise_jaccard": 0.013810696692470092
  },
  "topic_size_proxy": {
    "counts_estimated": [
      234025.64952624936,
      129345.60749300985,
      122098.93791651442,
      83688.92249335116,
      10178.892976123076,
      91107.81436122299,
      63721.13669770573,
      95970.03853582342
    ],
    "proportions": [
      0.2819120814109591,
      0.15581236289071546,
      0.14708287658123229,
      0.10081338681850244,
      0.01226170255767792,
      0.10975033562077463,
      0.07675978386423654,
      0.11560747025590164
    ],
    "entropy_bits": 2.7451562885103065,
    "gini": 0.30343514387858483
  }
}