{
  "num_docs": 840351,
  "num_topics": 16,
  "vocab_size": 18814,
  "engine": "lda_multicore",
  "coherence": {
    "c_v": 0.5984423765221283,
    "c_npmi": 0.02427835002523704,
    "u_mass": -2.5476203953409753
  },
  "perplexity": 2310.957980893724,
  "topic_diversity": {
    "unique_word_ratio": 0.7166666666666667,
    "avg_pairwise_jaccard": 0.04571567696005476
  },
  "topic_size_proxy": {
    "counts_estimated": [
      62530.07440947224,
      113212.35694254377,
      82715.65398544256,
      86147.88029194185,
      9950.011840304634,
      92038.99841335951,
      59775.62668729299,
      36218.93198865552,
      32318.927347732093,
      43684.4964280756,
      29258.923706392176,
      50058.94845798377,
      9847.789496439975,
      26947.80984510422,
      36546.71015648242,
      69097.86000277662
    ],
    "proportions": [
      0.07440947224370797,
      0.1347203215591387,
      0.09842988701797531,
      0.10251416407184838,
      0.011840304634973523,
      0.10952447062401248,
      0.07113173743744339,
      0.04309976663162835,
      0.03845884320686486,
      0.051983631158974766,
      0.034817503288973504,
      0.05956909488771213,
      0.011718662197629294,
      0.03206732644466922,
      0.04348981575137344,
      0.08222499884307465
    ],
    "entropy_bits": 3.767595303791452,
    "gini": 0.31348553512755917
  }
}