{
  "num_docs": 1978351,
  "num_topics": 16,
  "vocab_size": 24090,
  "engine": "lda_multicore",
  "coherence": {
    "c_v": 0.6468254290839723,
    "c_npmi": 0.028994048806083878,
    "u_mass": -2.7392811736456237
  },
  "perplexity": 2519.3303255105743,
  "topic_diversity": {
    "unique_word_ratio": 0.7041666666666667,
    "avg_pairwise_jaccard": 0.04173499712292815
  },
  "topic_size_proxy": {
    "counts_estimated": [
      383755.7495331407,
      164380.08308944321,
      188822.31766651783,
      40278.909248728596,
      146791.18530986822,
      93740.04738292011,
      63524.47655425537,
      154551.18923232885,
      56042.25054998133,
      117204.50368797792,
      101081.16220475537,
      156073.41222399138,
      47528.91291339865,
      92990.04700381632,
      115887.83635577347,
      55698.9170431027
    ],
    "proportions": [
      0.19397758513688454,
      0.08308944322288776,
      0.09544429561110128,
      0.02035983970929759,
      0.07419875710117578,
      0.047382920110192836,
      0.03210981092549066,
      0.0781212177375647,
      0.028327759103405476,
      0.05924353347205724,
      0.05109364425461173,
      0.07889065803994912,
      0.02402450976262486,
      0.04700381631157278,
      0.05857799569225758,
      0.02815421380892607
    ],
    "entropy_bits": 3.745420673945108,
    "gini": 0.3183248596613901
  }
}