{
  "num_docs": 840351,
  "num_topics": 8,
  "vocab_size": 18814,
  "engine": "lda_multicore",
  "coherence": {
    "c_v": 0.614558764151614,
    "c_npmi": 0.009076095987430885,
    "u_mass": -2.308840559358034
  },
  "perplexity": 2201.8038512804474,
  "topic_diversity": {
    "unique_word_ratio": 0.7166666666666667,
    "avg_pairwise_jaccard": 0.08754458458891956
  },
  "topic_size_proxy": {
    "counts_estimated": [
      139917.9442771861,
      231723.60907955017,
      74704.53334126653,
      92670.11027548045,
      128023.4856785863,
      10527.790305626624,
      113095.69013704607,
      49687.836905257725
    ],
    "proportions": [
      0.16649940831531834,
      0.27574621685408857,
      0.08889682209132438,
      0.11027548045457249,
      0.15234525296999266,
      0.012527848846049596,
      0.13458149051651758,
      0.05912747995213634
    ],
    "entropy_bits": 2.727663608762354,
    "gini": 0.32425494007126654
  }
}