{
  "num_docs": 1978351,
  "num_topics": 10,
  "vocab_size": 24091,
  "engine": "lda_multicore",
  "coherence": {
    "c_v": 0.6554906608072072,
    "c_npmi": 0.030644248135194514,
    "u_mass": -2.5339624451155687
  },
  "perplexity": 2562.2307948421867,
  "topic_diversity": {
    "unique_word_ratio": 0.72,
    "avg_pairwise_jaccard": 0.062420857133500825
  },
  "topic_size_proxy": {
    "counts_estimated": [
      435429.1089858833,
      190480.09628225543,
      142144.5162944429,
      84045.59803820805,
      241357.89977731163,
      234815.67424818102,
      208162.32744234113,
      149937.85356708593,
      142454.51645113915,
      149523.40891315154
    ],
    "proportions": [
      0.22009699440892097,
      0.0962822554148659,
      0.07184999845550302,
      0.04248265249099276,
      0.12199953384273649,
      0.11869262544825512,
      0.10522011889818393,
      0.07578930814960838,
      0.07200669469226599,
      0.07557981819866723
    ],
    "entropy_bits": 3.186314768446717,
    "gini": 0.22924193281157415
  }
}