{
  "num_docs": 830137,
  "num_topics": 3,
  "vocab_size": 18764,
  "engine": "lda_multicore",
  "coherence": {
    "c_v": 0.4485608585799102,
    "c_npmi": -0.030491426271021135,
    "u_mass": -2.9175781667788994
  },
  "perplexity": 3378.5554491957087,
  "topic_diversity": {
    "unique_word_ratio": 0.9777777777777777,
    "avg_pairwise_jaccard": 0.011494252873563218
  },
  "topic_size_proxy": {
    "counts_estimated": [
      354760.1424504399,
      338650.1359816255,
      136726.7215679346
    ],
    "proportions": [
      0.42735131966222434,
      0.40794487654643213,
      0.1647038037913436
    ],
    "entropy_bits": 1.4804156544556237,
    "gini": 0.1750983439139205
  }
}