{
  "num_docs": 1821451,
  "num_topics": 10,
  "vocab_size": 24041,
  "engine": "lda_multicore",
  "coherence": {
    "c_v": 0.5760867392642439,
    "c_npmi": -0.0024344714418537655,
    "u_mass": -3.1140644531562147
  },
  "perplexity": 3655.5327025443926,
  "topic_diversity": {
    "unique_word_ratio": 0.9066666666666666,
    "avg_pairwise_jaccard": 0.012424740010946908
  },
  "topic_size_proxy": {
    "counts_estimated": [
      340621.2981165799,
      203191.22266570284,
      193968.99538035935,
      261005.69885103745,
      113896.72919743427,
      201456.77726902557,
      52832.251227806904,
      152443.41702672778,
      135873.4079295799,
      166161.20233574594
    ],
    "proportions": [
      0.1870054687809773,
      0.111554591732472,
      0.10649147047071778,
      0.14329548192679212,
      0.0625307676118843,
      0.11060235892649628,
      0.029005584683753177,
      0.08369339445679723,
      0.0745962465801056,
      0.09122463483000418
    ],
    "entropy_bits": 3.194608360285389,
    "gini": 0.2268137411891015
  }
}