{
  "num_docs": 1978346,
  "num_topics": 9,
  "vocab_size": 24121,
  "engine": "lda_multicore",
  "coherence": {
    "c_v": 0.6356939296653107,
    "c_npmi": 0.01808782621864331,
    "u_mass": -2.570309604841262
  },
  "perplexity": 2424.7500651452574,
  "topic_diversity": {
    "unique_word_ratio": 0.725925925925926,
    "avg_pairwise_jaccard": 0.06844296614411559
  },
  "topic_size_proxy": {
    "counts_estimated": [
      356261.19114681124,
      282363.3967675572,
      183030.04111853283,
      223052.27233193166,
      328404.51822201605,
      64512.236715190185,
      137448.9197674151,
      260490.05852027872,
      142783.36541026706
    ],
    "proportions": [
      0.18008032525494086,
      0.1427270036523223,
      0.09251669885779981,
      0.11274684627053694,
      0.16599953608823534,
      0.03260917792701084,
      0.06947668394073388,
      0.13167062714018615,
      0.07217310086823389
    ],
    "entropy_bits": 3.0362512540171656,
    "gini": 0.2354921954677306
  }
}