{
  "num_docs": 1978350,
  "num_topics": 20,
  "vocab_size": 24148,
  "engine": "lda_multicore",
  "coherence": {
    "c_v": 0.6171358059685018,
    "c_npmi": -0.00952618540517337,
    "u_mass": -2.9736587721699697
  },
  "perplexity": 2661.132142137947,
  "topic_diversity": {
    "unique_word_ratio": 0.72,
    "avg_pairwise_jaccard": 0.03570451327257135
  },
  "topic_size_proxy": {
    "counts_estimated": [
      322923.3333333334,
      149826.6666666667,
      93412.22222222223,
      56024.444444444445,
      100443.33333333334,
      123632.22222222223,
      10493.333333333334,
      33061.11111111111,
      68724.44444444445,
      184175.55555555556,
      134852.22222222222,
      90024.44444444445,
      109773.33333333334,
      37553.333333333336,
      63557.77777777778,
      112353.33333333334,
      105163.33333333334,
      68940.0,
      59804.444444444445,
      53611.11111111112
    ],
    "proportions": [
      0.16322861643962563,
      0.07573314462388692,
      0.04721723770931444,
      0.028318772939290037,
      0.050771265616970374,
      0.062492593435045485,
      0.005304083369137581,
      0.016711457078429554,
      0.03473826392925643,
      0.09309553696542855,
      0.06816398626240161,
      0.045504811810066194,
      0.05548731687180395,
      0.018982148423349426,
      0.03212665998320711,
      0.056791433939056966,
      0.0531570921896193,
      0.03484722116915612,
      0.030229456084335152,
      0.027098901160619263
    ],
    "entropy_bits": 4.045516555785701,
    "gini": 0.330213983032999
  }
}