{
  "num_docs": 833055,
  "num_topics": 15,
  "vocab_size": 19121,
  "engine": "lda_multicore",
  "coherence": {
    "c_v": 0.5756023831303436,
    "c_npmi": -0.01303561317791687,
    "u_mass": -3.088259147559899
  },
  "perplexity": 3759.041286798637,
  "topic_diversity": {
    "unique_word_ratio": 0.8711111111111111,
    "avg_pairwise_jaccard": 0.010980790783746449
  },
  "topic_size_proxy": {
    "counts_estimated": [
      89822.28212375075,
      138808.98145912832,
      88838.94813464239,
      72106.71475387095,
      45107.807859697044,
      44131.14054170129,
      4613.336409918519,
      54442.25852918776,
      59455.59520586222,
      51380.03426480062,
      50813.3672202297,
      10138.895650411003,
      45032.25225375425,
      23788.90475345749,
      54574.480839587646
    ],
    "proportions": [
      0.10782275134745094,
      0.16662643097890092,
      0.10664235630857792,
      0.08655696773186759,
      0.054147454681500076,
      0.05297506232085671,
      0.005537853334916085,
      0.06535253798271154,
      0.07137055201140648,
      0.06167664111589345,
      0.06099641346637341,
      0.012170739807588938,
      0.054056757661564064,
      0.02855622348279224,
      0.06551125776759956
    ],
    "entropy_bits": 3.6531033066422633,
    "gini": 0.30737540163441357
  }
}