{
  "num_docs": 1978351,
  "num_topics": 18,
  "vocab_size": 23896,
  "engine": "lda_multicore",
  "coherence": {
    "c_v": 0.6278644819757094,
    "c_npmi": 0.016274546052083037,
    "u_mass": -2.7451759561268436
  },
  "perplexity": 2254.965697578328,
  "topic_diversity": {
    "unique_word_ratio": 0.725925925925926,
    "avg_pairwise_jaccard": 0.037000492308132606
  },
  "topic_size_proxy": {
    "counts_estimated": [
      229642.33829987393,
      236673.45296501293,
      204162.3254204542,
      64952.25505373446,
      139177.8481282101,
      116602.28116134938,
      51892.24845227364,
      107828.94339334406,
      106825.60955285409,
      55814.47265706832,
      39143.35311918181,
      122492.28413857789,
      70785.59133565289,
      123007.8399547322,
      70057.81319000402,
      47216.69053335692,
      96844.49339657347,
      95231.15924774575
    ],
    "proportions": [
      0.11607765169066253,
      0.11963167959831844,
      0.10319823197221029,
      0.032831512231011814,
      0.07035043231873925,
      0.05893912716264675,
      0.026230051417707796,
      0.05450445517167785,
      0.05399729853441279,
      0.028212623875676416,
      0.019785848476423954,
      0.06191635566114298,
      0.03578009733139007,
      0.0621769544204907,
      0.03541222623791431,
      0.02386669025534747,
      0.048952129018851286,
      0.04813663462537524
    ],
    "entropy_bits": 3.980952041449834,
    "gini": 0.28523485870349
  }
}