{
  "num_docs": 840351,
  "num_topics": 6,
  "vocab_size": 18814,
  "engine": "lda_multicore",
  "coherence": {
    "c_v": 0.6334436183938962,
    "c_npmi": 0.023769988144901163,
    "u_mass": -2.3682341546577295
  },
  "perplexity": 2147.3906827449214,
  "topic_diversity": {
    "unique_word_ratio": 0.7666666666666667,
    "avg_pairwise_jaccard": 0.08997277307622135
  },
  "topic_size_proxy": {
    "counts_estimated": [
      333227.0631998572,
      37528.9335475298,
      111643.46618670791,
      111404.57701354595,
      138373.49799488307,
      108173.46205747605
    ],
    "proportions": [
      0.3965331905356895,
      0.04465864091020276,
      0.13285337458598598,
      0.13256910149871418,
      0.16466154975109576,
      0.1287241427183118
    ],
    "entropy_bits": 2.3120427463889217,
    "gini": 0.3112448737188429
  }
}