{
  "num_docs": 1816827,
  "num_topics": 16,
  "vocab_size": 23846,
  "engine": "lda_multicore",
  "coherence": {
    "c_v": 0.5931191878644022,
    "c_npmi": -0.006344315562727283,
    "u_mass": -3.170900171318358
  },
  "perplexity": 3957.2771265070737,
  "topic_diversity": {
    "unique_word_ratio": 0.9041666666666667,
    "avg_pairwise_jaccard": 0.008148604269293924
  },
  "topic_size_proxy": {
    "counts_estimated": [
      294307.83177444927,
      221242.2628135504,
      148071.13827772968,
      35018.895313807225,
      135597.80265591288,
      98873.35147363169,
      77927.79207519339,
      141476.692623402,
      73981.12468443147,
      96352.23989997212,
      95770.01757092954,
      118522.24396750379,
      75272.23603242284,
      97352.2400834422,
      29348.894273531874,
      77712.23648008984
    ],
    "proportions": [
      0.1619900143351289,
      0.12177398443195218,
      0.08149985567020397,
      0.01927475500628691,
      0.07463440528785233,
      0.05442089504043681,
      0.04289224679905868,
      0.07787020592681747,
      0.04071996105541775,
      0.053033249670976994,
      0.052712788598435374,
      0.06523584467178427,
      0.04143060183078677,
      0.0535836599100752,
      0.01615392895060007,
      0.0427736028141864
    ],
    "entropy_bits": 3.7901735793764093,
    "gini": 0.2898115548233061
  }
}