{
  "num_docs": 1821451,
  "num_topics": 17,
  "vocab_size": 24035,
  "engine": "lda_multicore",
  "coherence": {
    "c_v": 0.564896968786501,
    "c_npmi": -0.02348632456343877,
    "u_mass": -3.197040531759409
  },
  "perplexity": 3861.5306717286717,
  "topic_diversity": {
    "unique_word_ratio": 0.9019607843137255,
    "avg_pairwise_jaccard": 0.006992739624585466
  },
  "topic_size_proxy": {
    "counts_estimated": [
      214256.7842963939,
      190923.43815275375,
      153903.41782828697,
      158818.97608254716,
      77150.04235636443,
      101906.72261476662,
      118734.50963121565,
      70558.92762664665,
      15874.453159723174,
      19452.232901747997,
      134361.1848771278,
      112201.17271099643,
      107761.17027337804,
      101438.94458017268,
      66716.70329499392,
      93206.71783835223,
      84185.6017745325
    ],
    "proportions": [
      0.1176297272319672,
      0.10481942042511917,
      0.08449495365414,
      0.087193658288116,
      0.04235636443492821,
      0.05594809995699397,
      0.06518677122317079,
      0.03873775776929857,
      0.008715278730925605,
      0.010679525774642302,
      0.07376601669609986,
      0.06159988531725335,
      0.05916226693629312,
      0.055691283806247154,
      0.0366283272484376,
      0.051171685561869205,
      0.046218976944497815
    ],
    "entropy_bits": 3.9040561586635256,
    "gini": 0.2669814342053492
  }
}