{
  "num_docs": 1821840,
  "num_topics": 15,
  "vocab_size": 24049,
  "engine": "lda_multicore",
  "coherence": {
    "c_v": 0.5753083844035732,
    "c_npmi": 0.0026687288918176787,
    "u_mass": -3.077706353785733
  },
  "perplexity": 3924.117243732168,
  "topic_diversity": {
    "unique_word_ratio": 0.8933333333333333,
    "avg_pairwise_jaccard": 0.008330075325149218
  },
  "topic_size_proxy": {
    "counts_estimated": [
      242115.55555555556,
      215351.11111111112,
      152411.11111111112,
      154113.33333333334,
      115955.55555555556,
      127645.55555555556,
      31748.88888888889,
      157188.8888888889,
      97898.88888888889,
      138421.11111111112,
      77383.33333333334,
      94847.77777777778,
      129152.22222222223,
      17465.555555555555,
      70141.11111111111
    ],
    "proportions": [
      0.13289616846460475,
      0.11820528208355899,
      0.08365779163434281,
      0.08459213395980619,
      0.06364749679201002,
      0.07006408661328961,
      0.017426826114746018,
      0.08628029293949463,
      0.053736271510609536,
      0.07597874188244363,
      0.04247537288309255,
      0.0520615299794591,
      0.07089108935044912,
      0.009586766980391008,
      0.03850014881170196
    ],
    "entropy_bits": 3.7209695064287964,
    "gini": 0.2695628839219933
  }
}