{
  "num_docs": 1978351,
  "num_topics": 7,
  "vocab_size": 23896,
  "engine": "lda_multicore",
  "coherence": {
    "c_v": 0.6590421427178892,
    "c_npmi": 0.03290481999539619,
    "u_mass": -2.408412192092455
  },
  "perplexity": 2157.31084844401,
  "topic_diversity": {
    "unique_word_ratio": 0.6952380952380952,
    "avg_pairwise_jaccard": 0.09439442148801756
  },
  "topic_size_proxy": {
    "counts_estimated": [
      371754.6323558072,
      403033.5370552902,
      480424.68728542025,
      177111.20063577112,
      179958.97985302005,
      213180.10775646372,
      152887.85505822755
    ],
    "proportions": [
      0.18791136272370634,
      0.20372195684956318,
      0.2428409757850959,
      0.08952466000005617,
      0.09096413116429797,
      0.10775646371976648,
      0.07728044975751398
    ],
    "entropy_bits": 2.6747801536565587,
    "gini": 0.23486382952604806
  }
}