{
  "num_docs": 1821586,
  "num_topics": 14,
  "vocab_size": 24101,
  "engine": "lda_multicore",
  "coherence": {
    "c_v": 0.5778316328032103,
    "c_npmi": 0.013004110436718496,
    "u_mass": -3.1386318156271655
  },
  "perplexity": 3770.995006406475,
  "topic_diversity": {
    "unique_word_ratio": 0.9,
    "avg_pairwise_jaccard": 0.008853762548343828
  },
  "topic_size_proxy": {
    "counts_estimated": [
      194325.60296859816,
      202284.49379935794,
      140280.03422659257,
      216127.83051029412,
      64178.90454774747,
      73865.57357784153,
      160821.15034948185,
      100277.80224432073,
      110158.91576630127,
      101044.46909804462,
      121328.91849164372,
      103961.13647634203,
      132365.58785112115,
      100565.58009231274
    ],
    "proportions": [
      0.10667934589341276,
      0.11104855537941,
      0.07700983331371265,
      0.11864816182727257,
      0.035232431819166084,
      0.040550143434260874,
      0.08828633418871348,
      0.055049721640548804,
      0.06047417786824299,
      0.05547060039879787,
      0.0666061983851675,
      0.057071769587788895,
      0.07266502259630957,
      0.05520770366719591
    ],
    "entropy_bits": 3.7211113581655795,
    "gini": 0.1940508569675345
  }
}