{
  "num_docs": 1821451,
  "num_topics": 19,
  "vocab_size": 24090,
  "engine": "lda_multicore",
  "coherence": {
    "c_v": 0.536792141364074,
    "c_npmi": -0.023857098311541827,
    "u_mass": -3.2578597975220043
  },
  "perplexity": 4042.727705388565,
  "topic_diversity": {
    "unique_word_ratio": 0.9052631578947369,
    "avg_pairwise_jaccard": 0.005905568518998646
  },
  "topic_size_proxy": {
    "counts_estimated": [
      199553.4428907372,
      145748.96890694532,
      155815.64110034434,
      115926.73031193097,
      82524.48975144954,
      103212.27888708934,
      133443.40659547795,
      82764.4898832127,
      121674.51124531432,
      51496.69493901379,
      35931.130837763565,
      156324.5302686199,
      76858.93108542949,
      36416.6866598955,
      14130.007757555792,
      50086.694164905246,
      125478.95777844878,
      64973.369004547654,
      69090.03793131845
    ],
    "proportions": [
      0.10955740389982341,
      0.08001805643245158,
      0.08554478879769171,
      0.0636452643040801,
      0.04530700510277222,
      0.05666486712356762,
      0.07326214462836386,
      0.045438768258499795,
      0.06680086988083365,
      0.028272347122713596,
      0.019726652453326263,
      0.08582417548900298,
      0.042196540607147545,
      0.01999322883783067,
      0.007757555793461254,
      0.027498238582814062,
      0.06888955990495974,
      0.0356712143255831,
      0.03793131845507701
    ],
    "entropy_bits": 4.0542284161402335,
    "gini": 0.2860678923786541
  }
}