{
  "num_docs": 1816827,
  "num_topics": 13,
  "vocab_size": 23846,
  "engine": "lda_multicore",
  "coherence": {
    "c_v": 0.60200495682626,
    "c_npmi": 0.013990343720736311,
    "u_mass": -3.0136559194305055
  },
  "perplexity": 3345.6890077259113,
  "topic_diversity": {
    "unique_word_ratio": 0.9025641025641026,
    "avg_pairwise_jaccard": 0.009820639130983957
  },
  "topic_size_proxy": {
    "counts_estimated": [
      290051.1643268116,
      156802.25099073845,
      148327.804991487,
      102027.79649682231,
      175733.36557514203,
      167492.2529520336,
      100694.4629188622,
      137857.80307055527,
      144356.69315179583,
      41526.67428556751,
      115824.46569476451,
      83508.9042102714,
      152623.36133514848
    ],
    "proportions": [
      0.15964710141736754,
      0.08630554862446367,
      0.08164112763157252,
      0.05615713356132549,
      0.09672542601752508,
      0.0921894340804235,
      0.055423253242527885,
      0.07587833242821428,
      0.07945538741542031,
      0.02285670252895158,
      0.06375096016008377,
      0.045964147500159015,
      0.08400544539196549
    ],
    "entropy_bits": 3.5851348313796407,
    "gini": 0.2089739261731453
  }
}