{
  "num_docs": 1821451,
  "num_topics": 19,
  "vocab_size": 24090,
  "engine": "lda_multicore",
  "coherence": {
    "c_v": 0.538628718121266,
    "c_npmi": -0.03293088659967547,
    "u_mass": -3.2548610122028627
  },
  "perplexity": 4770.568664985909,
  "topic_diversity": {
    "unique_word_ratio": 0.8807017543859649,
    "avg_pairwise_jaccard": 0.007936507936507936
  },
  "topic_size_proxy": {
    "counts_estimated": [
      201173.4437801385,
      155427.86310967145,
      163976.75669201277,
      114778.95190400809,
      86352.26963072765,
      116750.06409728513,
      136842.29735040152,
      83144.4900918377,
      98026.7204845956,
      21990.01207279914,
      55116.696926441386,
      145156.7463595853,
      74993.3745056594,
      27093.34820792958,
      35728.90850451868,
      54885.58568844723,
      117600.0645639463,
      66490.03650388426,
      65923.36952611014
    ],
    "proportions": [
      0.11044680520098456,
      0.08533189369885409,
      0.09002534610703927,
      0.06301511921210513,
      0.04740850543370514,
      0.06409728512997886,
      0.07512817931989471,
      0.04564739325506846,
      0.0538179289393981,
      0.012072799143539488,
      0.030259774721604585,
      0.07969291864540155,
      0.04117232607720955,
      0.014874596246580107,
      0.019615629794333574,
      0.030132891682755802,
      0.06456394630651405,
      0.03650388426802822,
      0.036192776817004765
    ],
    "entropy_bits": 4.058019034323587,
    "gini": 0.28593779873659564
  }
}