{
  "num_docs": 830137,
  "num_topics": 10,
  "vocab_size": 18764,
  "engine": "lda_multicore",
  "coherence": {
    "c_v": 0.5847436598509546,
    "c_npmi": 0.013391491603252753,
    "u_mass": -2.8173132239700593
  },
  "perplexity": 3253.6043512935726,
  "topic_diversity": {
    "unique_word_ratio": 0.9066666666666666,
    "avg_pairwise_jaccard": 0.01089217296113848
  },
  "topic_size_proxy": {
    "counts_estimated": [
      203990.08191020755,
      87393.36842527938,
      11170.004485205247,
      65291.137328124016,
      110068.9330859845,
      94585.59353546872,
      19214.452159818396,
      47500.01907316466,
      87116.70164751989,
      103806.70834922764
    ],
    "proportions": [
      0.24573062266855658,
      0.10527583811500918,
      0.01345561574198626,
      0.07865103871785502,
      0.1325912868429964,
      0.11393973950741712,
      0.023146121856775927,
      0.05721949397890307,
      0.10494255965885135,
      0.12504768291164908
    ],
    "entropy_bits": 3.0334814370445766,
    "gini": 0.33019315427312507
  }
}