{
  "num_docs": 1978351,
  "num_topics": 5,
  "vocab_size": 23896,
  "engine": "lda_multicore",
  "coherence": {
    "c_v": 0.6387297327949073,
    "c_npmi": 0.03125559590419251,
    "u_mass": -2.4125740445953774
  },
  "perplexity": 2218.3563528932305,
  "topic_diversity": {
    "unique_word_ratio": 0.7733333333333333,
    "avg_pairwise_jaccard": 0.09557787040545661
  },
  "topic_size_proxy": {
    "counts_estimated": [
      798720.4037303814,
      432882.4410319486,
      296017.9274063965,
      201692.32417193902,
      249037.90365933452
    ],
    "proportions": [
      0.40373038137842143,
      0.21880972639938445,
      0.14962861868616664,
      0.10194971679542156,
      0.12588155674060594
    ],
    "entropy_bits": 2.1302430273081905,
    "gini": 0.27859579952991104
  }
}