{
  "num_docs": 830137,
  "num_topics": 5,
  "vocab_size": 18764,
  "engine": "lda_multicore",
  "coherence": {
    "c_v": 0.5826032455980508,
    "c_npmi": 0.020888270591194393,
    "u_mass": -2.7456182770385147
  },
  "perplexity": 3290.9695113125954,
  "topic_diversity": {
    "unique_word_ratio": 0.9733333333333334,
    "avg_pairwise_jaccard": 0.006896551724137931
  },
  "topic_size_proxy": {
    "counts_estimated": [
      241902.31935571518,
      246036.76546030573,
      139182.27810949468,
      101388.92960061463,
      101626.70747386977
    ],
    "proportions": [
      0.29140047890374143,
      0.29638091719837295,
      0.16766181739820618,
      0.12213517720643055,
      0.12242160929324891
    ],
    "entropy_bits": 2.211769051466324,
    "gini": 0.20698813983775094
  }
}