{
  "num_docs": 1816827,
  "num_topics": 8,
  "vocab_size": 23846,
  "engine": "lda_multicore",
  "coherence": {
    "c_v": 0.5963044943940314,
    "c_npmi": 0.006813991120189374,
    "u_mass": -2.9035003934548755
  },
  "perplexity": 3300.9972939075433,
  "topic_diversity": {
    "unique_word_ratio": 0.9,
    "avg_pairwise_jaccard": 0.014954257565095006
  },
  "topic_size_proxy": {
    "counts_estimated": [
      450683.41602024046,
      272832.2722787718,
      231567.82026353644,
      265443.38203424285,
      178314.4771598098,
      33902.22844226564,
      188364.4790036841,
      195718.92479744906
    ],
    "proportions": [
      0.2480607212575773,
      0.1501696486670287,
      0.12745727593410733,
      0.14610272856702528,
      0.09814609600133076,
      0.018660130239293908,
      0.10367771890426776,
      0.1077256804293689
    ],
    "entropy_bits": 2.8150565827552376,
    "gini": 0.25161606561868555
  }
}