{
  "num_docs": 1821555,
  "num_topics": 6,
  "vocab_size": 24036,
  "engine": "lda_multicore",
  "coherence": {
    "c_v": 0.5743146142720637,
    "c_npmi": 0.0059853623373269695,
    "u_mass": -2.914316074556576
  },
  "perplexity": 4354.817976347779,
  "topic_diversity": {
    "unique_word_ratio": 0.9444444444444444,
    "avg_pairwise_jaccard": 0.01149425287356322
  },
  "topic_size_proxy": {
    "counts_estimated": [
      533521.2738296168,
      285722.3093645903,
      202770.06184278507,
      168280.05132368632,
      293755.64514800854,
      337505.658491313
    ],
    "proportions": [
      0.2928933102923693,
      0.1568562625693928,
      0.11131701312493175,
      0.09238263534380586,
      0.16126641531439265,
      0.18528436335510756
    ],
    "entropy_bits": 2.4832667946645612,
    "gini": 0.2048109296963907
  }
}