{
  "num_docs": 1978350,
  "num_topics": 15,
  "vocab_size": 24099,
  "engine": "lda_multicore",
  "coherence": {
    "c_v": 0.6239203293810728,
    "c_npmi": 0.007897269848587806,
    "u_mass": -2.7012154917776923
  },
  "perplexity": 2938.597768279656,
  "topic_diversity": {
    "unique_word_ratio": 0.6888888888888889,
    "avg_pairwise_jaccard": 0.05148543118986468
  },
  "topic_size_proxy": {
    "counts_estimated": [
      229923.33333333334,
      183280.0,
      172685.55555555556,
      85214.44444444445,
      215266.6666666667,
      111180.0,
      101042.22222222223,
      203312.22222222222,
      109548.88888888889,
      161501.11111111112,
      99868.88888888889,
      18952.222222222223,
      65368.88888888889,
      174920.0,
      46285.555555555555
    ],
    "proportions": [
      0.1162197454107379,
      0.09264285894811332,
      0.08728766677056918,
      0.04307349278158286,
      0.10881121473281606,
      0.05619834710743801,
      0.0510739870206092,
      0.10276858100044087,
      0.05537386654984653,
      0.08163424627144393,
      0.050480900188990256,
      0.009579812582314667,
      0.0330421254524674,
      0.08841711527282836,
      0.023396039909801374
    ],
    "entropy_bits": 3.726166368123091,
    "gini": 0.26911689408214284
  }
}