{
  "num_docs": 840351,
  "num_topics": 13,
  "vocab_size": 18814,
  "engine": "lda_multicore",
  "coherence": {
    "c_v": 0.6193055243965625,
    "c_npmi": 0.030060628729494457,
    "u_mass": -2.4540173388044977
  },
  "perplexity": 2428.637808435393,
  "topic_diversity": {
    "unique_word_ratio": 0.6820512820512821,
    "avg_pairwise_jaccard": 0.07222026842312854
  },
  "topic_size_proxy": {
    "counts_estimated": [
      86260.10264770631,
      45260.05385851133,
      112946.80107098233,
      96355.67021677476,
      42621.16182939648,
      36216.709763788895,
      45042.275821582276,
      91343.4420301065,
      71201.19583903532,
      72093.41912298447,
      18096.688201344678,
      61974.51819281648,
      60938.96140497015
    ],
    "proportions": [
      0.10264770631284584,
      0.05385851133456298,
      0.1344043156621249,
      0.1146612192009943,
      0.05071828537051361,
      0.04309712223081652,
      0.053599360055003535,
      0.10869677316990936,
      0.08472792421147274,
      0.0857896511374229,
      0.021534678011146148,
      0.07374837204075022,
      0.07251608126243694
    ],
    "entropy_bits": 3.5762828811420553,
    "gini": 0.2292571420434812
  }
}