{
  "num_docs": 832936,
  "num_topics": 7,
  "vocab_size": 19108,
  "engine": "lda_multicore",
  "coherence": {
    "c_v": 0.576029813230812,
    "c_npmi": -0.032962516141045915,
    "u_mass": -3.4116284046486385
  },
  "perplexity": 3580.745944846063,
  "topic_diversity": {
    "unique_word_ratio": 0.9619047619047619,
    "avg_pairwise_jaccard": 0.006568144499178982
  },
  "topic_size_proxy": {
    "counts_estimated": [
      256487.9146365865,
      195636.77105605073,
      11670.00622697234,
      112467.83778923805,
      110364.50333359123,
      71770.0382956131,
      74538.92866194797
    ],
    "proportions": [
      0.30793231969393386,
      0.23487611419851073,
      0.01401068776829473,
      0.1350257856416796,
      0.13250058027698555,
      0.08616512948847584,
      0.0894893829321196
    ],
    "entropy_bits": 2.493209659979566,
    "gini": 0.34992093368758503
  }
}