{
  "num_docs": 1978351,
  "num_topics": 8,
  "vocab_size": 23896,
  "engine": "lda_multicore",
  "coherence": {
    "c_v": 0.657996873085501,
    "c_npmi": 0.023182324588819754,
    "u_mass": -2.470715267127611
  },
  "perplexity": 2169.1171647366687,
  "topic_diversity": {
    "unique_word_ratio": 0.7,
    "avg_pairwise_jaccard": 0.08207007825234423
  },
  "topic_size_proxy": {
    "counts_estimated": [
      490813.58142559876,
      414215.76492980967,
      97116.71575639633,
      307923.48897987383,
      184916.76013681435,
      209724.5504542225,
      100582.27306369225,
      173057.86525359238
    ],
    "proportions": [
      0.24809226544005525,
      0.20937425407817403,
      0.04908972965686894,
      0.1556465404672244,
      0.09347014768199088,
      0.10600977806982811,
      0.05084147002412224,
      0.08747581458173619
    ],
    "entropy_bits": 2.791229384460124,
    "gini": 0.300341684849608
  }
}