{
  "num_docs": 840351,
  "num_topics": 12,
  "vocab_size": 18814,
  "engine": "lda_multicore",
  "coherence": {
    "c_v": 0.6393165360353983,
    "c_npmi": 0.03653239340637358,
    "u_mass": -2.4166144177179403
  },
  "perplexity": 2222.210308476436,
  "topic_diversity": {
    "unique_word_ratio": 0.6888888888888889,
    "avg_pairwise_jaccard": 0.06739534411948205
  },
  "topic_size_proxy": {
    "counts_estimated": [
      128075.70796295194,
      148369.06544495348,
      93128.9997104381,
      54996.73211162016,
      61202.29505166498,
      56593.4006782888,
      64015.63173280974,
      44038.94129430198,
      67061.19091251661,
      53165.618821522774,
      11254.457837012356,
      58448.95844191904
    ],
    "proportions": [
      0.1524073963890707,
      0.1765560646027118,
      0.1108215492222156,
      0.06544495349160072,
      0.07282944275863892,
      0.06734495547490132,
      0.07617725418641703,
      0.05240541308846182,
      0.07980140549903149,
      0.06326596722265193,
      0.01339256791151835,
      0.06955303015278026
    ],
    "entropy_bits": 3.4016001030282537,
    "gini": 0.26077174634025946
  }
}