{
  "num_docs": 840351,
  "num_topics": 12,
  "vocab_size": 19158,
  "engine": "lda_multicore",
  "coherence": {
    "c_v": 0.6032470613057834,
    "c_npmi": 0.012636941055754932,
    "u_mass": -2.5084220977667715
  },
  "perplexity": 2591.7076426520357,
  "topic_diversity": {
    "unique_word_ratio": 0.6833333333333333,
    "avg_pairwise_jaccard": 0.0649668977255184
  },
  "topic_size_proxy": {
    "counts_estimated": [
      175704.65352928342,
      100186.78588683286,
      90731.21907935185,
      59250.07050633664,
      18907.800277662085,
      74031.19920667975,
      83217.87680529938,
      33148.928335415796,
      44131.16362626683,
      39462.269181491836,
      84982.32334939807,
      36596.71021598144
    ],
    "proportions": [
      0.2090848389890455,
      0.119220166200591,
      0.10796824074624989,
      0.07050633664544534,
      0.02249988430746448,
      0.08809556864533956,
      0.09902752160144912,
      0.039446526910083754,
      0.0525151557221528,
      0.04695926961649576,
      0.10112717584604297,
      0.04354931476963963
    ],
    "entropy_bits": 3.3622739629583025,
    "gini": 0.3041079664778124
  }
}