{
  "num_docs": 832253,
  "num_topics": 18,
  "vocab_size": 19105,
  "engine": "lda_multicore",
  "coherence": {
    "c_v": 0.5502874472201783,
    "c_npmi": -0.024607691850735334,
    "u_mass": -3.3506277862559815
  },
  "perplexity": 3833.369582006233,
  "topic_diversity": {
    "unique_word_ratio": 0.9259259259259259,
    "avg_pairwise_jaccard": 0.005199781061850027
  },
  "topic_size_proxy": {
    "counts_estimated": [
      119497.88945391821,
      67685.61881080388,
      68064.50805378177,
      73608.9576797632,
      27310.025522444448,
      79543.4076702175,
      12040.011251930837,
      4456.670831625562,
      52747.827072989356,
      32500.030372736896,
      56324.49708221466,
      34514.47669977183,
      44252.263577948455,
      34004.476223153506,
      59027.83294193667,
      4478.893074615467,
      43610.04075554018,
      18585.572924607524
    ],
    "proportions": [
      0.14358360913558524,
      0.08132817642087668,
      0.08178343370799718,
      0.08844540984503897,
      0.03281457143734472,
      0.0955759939227825,
      0.014466768220638242,
      0.005354947151437799,
      0.06337955774624947,
      0.03905066172514476,
      0.06767713313405259,
      0.041471135219424665,
      0.053171648018028726,
      0.04085834022004548,
      0.07092534715036976,
      0.005381648458600291,
      0.0523999802410327,
      0.022331638245350303
    ],
    "entropy_bits": 3.8742573555261344,
    "gini": 0.34326837053641296
  }
}