{
  "num_docs": 1978351,
  "num_topics": 4,
  "vocab_size": 23896,
  "engine": "lda_multicore",
  "coherence": {
    "c_v": 0.6972545535788435,
    "c_npmi": 0.03547472896367075,
    "u_mass": -2.235524117280362
  },
  "perplexity": 2129.438124505418,
  "topic_diversity": {
    "unique_word_ratio": 0.8,
    "avg_pairwise_jaccard": 0.09416445623342175
  },
  "topic_size_proxy": {
    "counts_estimated": [
      998434.9491248319,
      346259.063912969,
      283453.4766109805,
      350203.51035121863
    ],
    "proportions": [
      0.5046803874160005,
      0.1750240801116531,
      0.14327764719758046,
      0.17701788527476603
    ],
    "entropy_bits": 1.7817927928421264,
    "gini": 0.2715505064545932
  }
}