{
  "num_docs": 1978351,
  "num_topics": 8,
  "vocab_size": 23896,
  "engine": "lda_multicore",
  "coherence": {
    "c_v": 0.6524481694426068,
    "c_npmi": 0.019469435303812246,
    "u_mass": -2.446896451425525
  },
  "perplexity": 2109.42687326779,
  "topic_diversity": {
    "unique_word_ratio": 0.7,
    "avg_pairwise_jaccard": 0.08355385036419519
  },
  "topic_size_proxy": {
    "counts_estimated": [
      508669.14600663295,
      419904.6566942711,
      94863.3812840667,
      278285.6962210372,
      202040.10212550862,
      212768.99643754755,
      89677.82310735939,
      172141.1981235766
    ],
    "proportions": [
      0.2571177440234988,
      0.21224982659511432,
      0.047950733355237106,
      0.14066548161627393,
      0.1021255086309298,
      0.10754865867459694,
      0.04532958160981514,
      0.08701246549453388
    ],
    "entropy_bits": 2.777587110769,
    "gini": 0.3087993501880075
  }
}