{
  "num_docs": 1978351,
  "num_topics": 17,
  "vocab_size": 23896,
  "engine": "lda_multicore",
  "coherence": {
    "c_v": 0.6212295489175945,
    "c_npmi": 0.027888841472341715,
    "u_mass": -2.66586202065118
  },
  "perplexity": 2283.6308330225716,
  "topic_diversity": {
    "unique_word_ratio": 0.7058823529411765,
    "avg_pairwise_jaccard": 0.042137297005451164
  },
  "topic_size_proxy": {
    "counts_estimated": [
      231831.22829518426,
      95454.49269396775,
      62116.69806488572,
      144706.73981179603,
      63668.9210717124,
      146008.96269225478,
      163396.7492590627,
      117997.83742231883,
      159433.4139223764,
      110102.27787578313,
      55415.58356655238,
      101481.16240694406,
      137775.62519720418,
      162826.7489709438,
      39434.464377441356,
      112136.72334858173,
      74563.37102299054
    ],
    "proportions": [
      0.11718407314737592,
      0.048249523312075444,
      0.03139821905459937,
      0.07314512935864062,
      0.0321828235089286,
      0.0738033658800965,
      0.08259239602025258,
      0.059644541045708696,
      0.08058904305776701,
      0.05565356090793956,
      0.028010996818336274,
      0.0512958329472091,
      0.06964164862413404,
      0.08230427713330132,
      0.019932996913814262,
      0.05668191506390006,
      0.03768965720592076
    ],
    "entropy_bits": 3.9618732970077084,
    "gini": 0.2314553076266268
  }
}