{
  "num_docs": 840343,
  "num_topics": 8,
  "vocab_size": 19171,
  "engine": "lda_multicore",
  "coherence": {
    "c_v": 0.5982852914003458,
    "c_npmi": -0.003282205949897027,
    "u_mass": -2.459955708379491
  },
  "perplexity": 2503.4751067339066,
  "topic_diversity": {
    "unique_word_ratio": 0.7,
    "avg_pairwise_jaccard": 0.10200272051310817
  },
  "topic_size_proxy": {
    "counts_estimated": [
      255375.79191810742,
      131029.01016252636,
      73920.06841657103,
      67598.9514549628,
      127450.11796120099,
      87583.41439598681,
      11644.455221946613,
      85741.19046869794
    ],
    "proportions": [
      0.3038947095627707,
      0.15592324820046857,
      0.08796416274850986,
      0.08044209501948942,
      0.15166440127567074,
      0.10422341162595132,
      0.01385678850415439,
      0.10203118306298492
    ],
    "entropy_bits": 2.715419327040704,
    "gini": 0.32512051968245737
  }
}