{
  "num_docs": 1978351,
  "num_topics": 5,
  "vocab_size": 24113,
  "engine": "lda_multicore",
  "coherence": {
    "c_v": 0.6331867114165449,
    "c_npmi": 0.012847155800551823,
    "u_mass": -2.392593241059384
  },
  "perplexity": 2434.8917703403076,
  "topic_diversity": {
    "unique_word_ratio": 0.76,
    "avg_pairwise_jaccard": 0.0961204379495234
  },
  "topic_size_proxy": {
    "counts_estimated": [
      708172.5801832617,
      496076.9174193983,
      347260.1755301135,
      200933.43489945325,
      225907.89196777338
    ],
    "proportions": [
      0.357961039362207,
      0.2507527316534823,
      0.17553011347840372,
      0.10156611991474375,
      0.11418999559116322
    ],
    "entropy_bits": 2.164167587090132,
    "gini": 0.2597410299828983
  }
}