{
  "num_docs": 1816827,
  "num_topics": 11,
  "vocab_size": 23846,
  "engine": "lda_multicore",
  "coherence": {
    "c_v": 0.542873384862019,
    "c_npmi": -0.015346109504369355,
    "u_mass": -3.135548674283707
  },
  "perplexity": 3505.5049292297717,
  "topic_diversity": {
    "unique_word_ratio": 0.9090909090909091,
    "avg_pairwise_jaccard": 0.010305020649848236
  },
  "topic_size_proxy": {
    "counts_estimated": [
      364602.289115821,
      317185.61374961474,
      163620.03001937445,
      56798.899309785564,
      62024.45582407421,
      143881.13750899004,
      205574.48216120416,
      133088.91330671796,
      96834.4622106677,
      94382.23953853606,
      178834.47725521424
    ],
    "proportions": [
      0.20068079630907124,
      0.17458217747183122,
      0.09005812332124877,
      0.03126269001384587,
      0.034138889296600174,
      0.07919363676838247,
      0.1131502791191479,
      0.07325348715464816,
      0.053298669719608796,
      0.051948941499953515,
      0.09843230932566184
    ],
    "entropy_bits": 3.2379867516095926,
    "gini": 0.3090072022569711
  }
}