{
  "num_docs": 1816827,
  "num_topics": 20,
  "vocab_size": 23846,
  "engine": "lda_multicore",
  "coherence": {
    "c_v": 0.578448391862195,
    "c_npmi": -0.002714698176694474,
    "u_mass": -3.1573804802526526
  },
  "perplexity": 3640.4820202322426,
  "topic_diversity": {
    "unique_word_ratio": 0.8966666666666666,
    "avg_pairwise_jaccard": 0.006277187220925878
  },
  "topic_size_proxy": {
    "counts_estimated": [
      255880.046946324,
      130587.80173672778,
      92745.57257159003,
      158244.47347756528,
      107698.90864841263,
      118387.79949839281,
      59680.01094949436,
      70185.56843250504,
      82312.2373240522,
      74704.45815047482,
      39275.56276144487,
      66200.01214571929,
      92942.23927433915,
      77424.45864951344,
      126633.3565667611,
      27393.338359190384,
      59306.67754766553,
      94898.90629999561,
      22830.004188621922,
      59495.56647120988
    ],
    "proportions": [
      0.14083897198044942,
      0.07187684998997029,
      0.051048103408629454,
      0.08709936250262973,
      0.05927857118394465,
      0.06516184507297217,
      0.03284848306938104,
      0.038630848414573885,
      0.04530548991403815,
      0.041118091128365446,
      0.02161766792404828,
      0.03643715782830136,
      0.0511563507556521,
      0.04261520697871258,
      0.06970028327780305,
      0.015077571149696906,
      0.03264299658011771,
      0.052233320123487595,
      0.012565865758612085,
      0.03274696295861404
    ],
    "entropy_bits": 4.120894843531457,
    "gini": 0.2848653696555166
  }
}