{
  "num_docs": 840350,
  "num_topics": 5,
  "vocab_size": 19157,
  "engine": "lda_multicore",
  "coherence": {
    "c_v": 0.6443317323227695,
    "c_npmi": 0.022806216025586572,
    "u_mass": -2.2574762147901093
  },
  "perplexity": 2563.9422751662,
  "topic_diversity": {
    "unique_word_ratio": 0.7733333333333333,
    "avg_pairwise_jaccard": 0.09203086185844805
  },
  "topic_size_proxy": {
    "counts_estimated": [
      301008.8888888889,
      142038.8888888889,
      127284.44444444445,
      181972.22222222222,
      88045.55555555556
    ],
    "proportions": [
      0.3581946675657629,
      0.1690234888902111,
      0.15146598970005884,
      0.21654337147881503,
      0.10477248236515209
    ],
    "entropy_bits": 2.1954493054377577,
    "gini": 0.2287687008719912
  }
}