{
  "num_docs": 830137,
  "num_topics": 18,
  "vocab_size": 18764,
  "engine": "lda_multicore",
  "coherence": {
    "c_v": 0.5453494436802591,
    "c_npmi": -0.008861177443797785,
    "u_mass": -3.163789451027859
  },
  "perplexity": 3429.8194584793846,
  "topic_diversity": {
    "unique_word_ratio": 0.8666666666666667,
    "avg_pairwise_jaccard": 0.009646515055575233
  },
  "topic_size_proxy": {
    "counts_estimated": [
      108813.37702627279,
      84738.92291496848,
      61325.58018023806,
      36495.5702099922,
      71256.69527909059,
      45055.57364717724,
      46690.01874791701,
      82664.47763755098,
      32844.4576328128,
      37322.23720859885,
      35112.236321194774,
      7628.891952195288,
      19040.007645327478,
      33768.90244845895,
      11002.226640057928,
      21178.89739306647,
      61972.24710656746,
      33226.68000851265
    ],
    "proportions": [
      0.1310788183471798,
      0.10207823879066766,
      0.07387404751292626,
      0.04396330992353334,
      0.08583727177452709,
      0.05427486504899461,
      0.05624375102894705,
      0.09957931960333172,
      0.039565105076406426,
      0.04495912988892057,
      0.042296917642744236,
      0.009189919196705228,
      0.022935982428596097,
      0.04067871019898999,
      0.013253507119978905,
      0.025512532742266,
      0.07465303571165659,
      0.040025537963628476
    ],
    "entropy_bits": 3.9299019327542455,
    "gini": 0.3184390878967274
  }
}