{
  "num_docs": 1821451,
  "num_topics": 19,
  "vocab_size": 24090,
  "engine": "lda_multicore",
  "coherence": {
    "c_v": 0.5275638990770604,
    "c_npmi": -0.037174956028709065,
    "u_mass": -3.2900708698057644
  },
  "perplexity": 4010.5763364123404,
  "topic_diversity": {
    "unique_word_ratio": 0.887719298245614,
    "avg_pairwise_jaccard": 0.008026131740590301
  },
  "topic_size_proxy": {
    "counts_estimated": [
      202246.77770274595,
      142653.41165188907,
      159006.7539634174,
      116915.61974373285,
      76218.93073406107,
      105170.05773971285,
      139655.63222829186,
      85941.15829391114,
      126574.51393547874,
      50315.58317945714,
      28791.12691780968,
      150737.8605347998,
      79302.26576018495,
      39646.68843320797,
      12515.56242676012,
      51481.13937491803,
      122201.17820112791,
      61981.14513955609,
      70095.59403893723
    ],
    "proportions": [
      0.11103607931409958,
      0.07831855572940973,
      0.08729675075718063,
      0.0641881773068465,
      0.041845172191873996,
      0.057739712866123144,
      0.07667273631203468,
      0.047182800028060676,
      0.06949103431027173,
      0.02762390159244314,
      0.015806698570430763,
      0.08275702203067764,
      0.043537962734207486,
      0.021766541308664344,
      0.00687120456534934,
      0.028263806918175694,
      0.06709001680590251,
      0.0340284449812573,
      0.03848338167699117
    ],
    "entropy_bits": 4.044973263971446,
    "gini": 0.291485078962378
  }
}