{
  "num_docs": 832316,
  "num_topics": 17,
  "vocab_size": 19121,
  "engine": "lda_multicore",
  "coherence": {
    "c_v": 0.545839089922609,
    "c_npmi": -0.0034498483100149314,
    "u_mass": -3.283085804049651
  },
  "perplexity": 4137.737433182096,
  "topic_diversity": {
    "unique_word_ratio": 0.8823529411764706,
    "avg_pairwise_jaccard": 0.008848389046157808
  },
  "topic_size_proxy": {
    "counts_estimated": [
      131038.95886175649,
      60988.92145607169,
      10555.561192069248,
      48282.248004229165,
      54001.139946921845,
      38324.46490914236,
      70867.81562014407,
      32854.46198824164,
      60407.81003465566,
      66222.25758392917,
      39742.24344399293,
      27954.45937171265,
      37038.908667118776,
      50698.915961360806,
      5055.558255148955,
      44974.468460145996,
      53307.80624335856
    ],
    "proportions": [
      0.15743895210683984,
      0.07327616128498274,
      0.01268215580629142,
      0.058009515621746034,
      0.06488057414121783,
      0.04604557032322143,
      0.08514532415590242,
      0.03947354368802431,
      0.07257797523375217,
      0.0795638406373651,
      0.04774898409257173,
      0.03358635346636693,
      0.04450101724239205,
      0.06091306181950223,
      0.006074085149329048,
      0.05403532848118503,
      0.06404755674930984
    ],
    "entropy_bits": 3.872602927103748,
    "gini": 0.27897962908110213
  }
}