{
  "num_docs": 1978351,
  "num_topics": 8,
  "vocab_size": 24123,
  "engine": "lda_multicore",
  "coherence": {
    "c_v": 0.6461657902491136,
    "c_npmi": 0.017826746429427207,
    "u_mass": -2.559897789982699
  },
  "perplexity": 2440.183648502629,
  "topic_diversity": {
    "unique_word_ratio": 0.6916666666666667,
    "avg_pairwise_jaccard": 0.09099872486571994
  },
  "topic_size_proxy": {
    "counts_estimated": [
      383653.527259248,
      324792.3863955092,
      278532.3630123869,
      288471.25692510314,
      155391.1896569251,
      175752.3110600023,
      237425.67556746223,
      134332.2901233632
    ],
    "proportions": [
      0.19392591469322076,
      0.1641732869422611,
      0.14079016464337565,
      0.145813992019163,
      0.07854581399201915,
      0.08883778008048233,
      0.12001190666745296,
      0.06790114096202504
    ],
    "entropy_bits": 2.919254893988572,
    "gini": 0.1877522093326931
  }
}