{
  "num_docs": 830137,
  "num_topics": 7,
  "vocab_size": 18764,
  "engine": "lda_multicore",
  "coherence": {
    "c_v": 0.585981042824818,
    "c_npmi": 0.01457639991102824,
    "u_mass": -2.8159892208107933
  },
  "perplexity": 3118.353736294188,
  "topic_diversity": {
    "unique_word_ratio": 0.9142857142857143,
    "avg_pairwise_jaccard": 0.015012901712409103
  },
  "topic_size_proxy": {
    "counts_estimated": [
      211612.30719305924,
      183585.6292725562,
      106607.82058509777,
      98037.81714389732,
      17890.00718355612,
      119705.60362216127,
      92697.81499967207
    ],
    "proportions": [
      0.25491251105908935,
      0.2211510019099934,
      0.1284219599717851,
      0.11809835863706511,
      0.021550668363843704,
      0.1441998171653128,
      0.11166568289291054
    ],
    "entropy_bits": 2.603676269228983,
    "gini": 0.2700450356137573
  }
}