{
  "num_docs": 830137,
  "num_topics": 15,
  "vocab_size": 18764,
  "engine": "lda_multicore",
  "coherence": {
    "c_v": 0.6013865751313969,
    "c_npmi": 0.013351572542391917,
    "u_mass": -2.8433665193903512
  },
  "perplexity": 3348.791612354055,
  "topic_diversity": {
    "unique_word_ratio": 0.8844444444444445,
    "avg_pairwise_jaccard": 0.009291839341100425
  },
  "topic_size_proxy": {
    "counts_estimated": [
      149700.0601105842,
      99878.92899428876,
      80182.25441861647,
      32848.90207904187,
      43181.128450067794,
      56293.355937375774,
      53347.79919906093,
      44503.351203215534,
      8321.114452372634,
      69783.36135415453,
      27835.566732653126,
      65607.80412194511,
      48967.79744031438,
      7214.447341334693,
      42471.12816497417
    ],
    "proportions": [
      0.18033175260298503,
      0.12031619960836434,
      0.0965891827717792,
      0.03957045894718808,
      0.05201687004683299,
      0.06781212732040105,
      0.06426384945986136,
      0.05360964660437438,
      0.010023784570947488,
      0.08406246361040953,
      0.03353129270548491,
      0.07903250201104771,
      0.05898760980454357,
      0.008690670746316203,
      0.05116158918946412
    ],
    "entropy_bits": 3.6294735379893757,
    "gini": 0.33098093174305526
  }
}