{
  "num_docs": 1816827,
  "num_topics": 20,
  "vocab_size": 23846,
  "engine": "lda_multicore",
  "coherence": {
    "c_v": 0.584280414607645,
    "c_npmi": -0.019613869463514684,
    "u_mass": -3.230461865398982
  },
  "perplexity": 4163.104751392472,
  "topic_diversity": {
    "unique_word_ratio": 0.91,
    "avg_pairwise_jaccard": 0.00569239189928845
  },
  "topic_size_proxy": {
    "counts_estimated": [
      260991.15899517108,
      130471.13504865627,
      124746.68955394755,
      159921.14045185014,
      30647.78340072801,
      97534.46233909675,
      57842.23283453935,
      78317.79214674671,
      88255.57174780937,
      78348.90326356578,
      39761.11840608534,
      81563.3482977646,
      101776.68533963982,
      81552.23718461493,
      125861.1342028592,
      27118.893864393598,
      56462.23258135064,
      93825.57276973772,
      15123.336108012507,
      86705.57146343075
    ],
    "proportions": [
      0.14365217986917359,
      0.0718126354620755,
      0.06866184262670444,
      0.08802221700351774,
      0.016868850694495407,
      0.05368395688697754,
      0.031836951363305006,
      0.04310690679230697,
      0.0485767614350785,
      0.04312403066641225,
      0.021884922673477077,
      0.044893293801646826,
      0.0560189194346186,
      0.044887178132323506,
      0.06927524425983277,
      0.014926514117411065,
      0.031077385233349478,
      0.05164254646685552,
      0.008324037515961896,
      0.04772362556447628
    ],
    "entropy_bits": 4.092542021499094,
    "gini": 0.3007845180607946
  }
}