{
  "num_docs": 840351,
  "num_topics": 12,
  "vocab_size": 18814,
  "engine": "lda_multicore",
  "coherence": {
    "c_v": 0.6376162615343386,
    "c_npmi": 0.035672182637809656,
    "u_mass": -2.392608623239408
  },
  "perplexity": 2279.157189862586,
  "topic_diversity": {
    "unique_word_ratio": 0.6944444444444444,
    "avg_pairwise_jaccard": 0.0667478434719814
  },
  "topic_size_proxy": {
    "counts_estimated": [
      131351.2674163543,
      143345.72613395212,
      92713.4436603796,
      55274.51021994804,
      61830.073576485986,
      54264.50901806787,
      64667.8547311636,
      43833.385494139344,
      67411.19132900973,
      55332.288066480236,
      11640.013851371452,
      58686.736502647705
    ],
    "proportions": [
      0.15630524318570965,
      0.17057839656756774,
      0.11032704627040321,
      0.0657755035930796,
      0.0735764859879812,
      0.06457362342410239,
      0.07695338582468944,
      0.05216080601336744,
      0.08021789862689487,
      0.06584425801418721,
      0.013851371452371036,
      0.06983598103964618
    ],
    "entropy_bits": 3.4061580183705287,
    "gini": 0.2575709195242723
  }
}