{
  "num_docs": 1821840,
  "num_topics": 15,
  "vocab_size": 24049,
  "engine": "lda_multicore",
  "coherence": {
    "c_v": 0.5627146874350488,
    "c_npmi": -0.0045989236263533516,
    "u_mass": -3.1434383982215026
  },
  "perplexity": 3802.896433484211,
  "topic_diversity": {
    "unique_word_ratio": 0.8666666666666667,
    "avg_pairwise_jaccard": 0.011437312915145428
  },
  "topic_size_proxy": {
    "counts_estimated": [
      219938.8888888889,
      188377.77777777778,
      170482.22222222222,
      173543.33333333334,
      110407.77777777778,
      111384.44444444445,
      33293.333333333336,
      160457.77777777778,
      91117.77777777778,
      139237.77777777778,
      100044.44444444445,
      104308.88888888889,
      125794.44444444445,
      25120.0,
      68331.11111111111
    ],
    "proportions": [
      0.1207234932205292,
      0.10339973750591587,
      0.0935769454080612,
      0.09525717589543173,
      0.06060234585791166,
      0.06113843391540665,
      0.018274564908736957,
      0.08807457173943803,
      0.05001414930936733,
      0.07642700664041727,
      0.05491395756183005,
      0.05725469244768415,
      0.06904801982854941,
      0.013788258024853993,
      0.037506647735866545
    ],
    "entropy_bits": 3.7504709806673837,
    "gini": 0.24914315360457723
  }
}