{
  "num_docs": 830137,
  "num_topics": 5,
  "vocab_size": 18764,
  "engine": "lda_multicore",
  "coherence": {
    "c_v": 0.5826032455980508,
    "c_npmi": 0.020888270591194386,
    "u_mass": -2.751075660062229
  },
  "perplexity": 3494.8367888486705,
  "topic_diversity": {
    "unique_word_ratio": 0.96,
    "avg_pairwise_jaccard": 0.010344827586206896
  },
  "topic_size_proxy": {
    "counts_estimated": [
      241647.87480910105,
      245101.20952908692,
      139704.50054141018,
      101441.15184380618,
      102242.2632765957
    ],
    "proportions": [
      0.2910939698014919,
      0.29525392739883527,
      0.16829089721505025,
      0.12219808518811494,
      0.12316312039650767
    ],
    "entropy_bits": 2.2132966372231118,
    "gini": 0.20561701353057008
  }
}