{
  "num_docs": 1978350,
  "num_topics": 14,
  "vocab_size": 24151,
  "engine": "lda_multicore",
  "coherence": {
    "c_v": 0.6507514413939769,
    "c_npmi": 0.02796701927291492,
    "u_mass": -2.5717542050815902
  },
  "perplexity": 2914.748438775631,
  "topic_diversity": {
    "unique_word_ratio": 0.6761904761904762,
    "avg_pairwise_jaccard": 0.06443589882392457
  },
  "topic_size_proxy": {
    "counts_estimated": [
      398206.6666666667,
      183953.33333333334,
      147508.8888888889,
      122011.11111111111,
      104026.66666666667,
      202420.0,
      195174.44444444447,
      79718.88888888889,
      100125.55555555556,
      139895.55555555556,
      55241.11111111112,
      126655.55555555556,
      34872.222222222226,
      88540.0
    ],
    "proportions": [
      0.20128221329222168,
      0.09298320991398558,
      0.07456157347733663,
      0.061673167594768936,
      0.05258253932148845,
      0.10231758788889733,
      0.09865516437659892,
      0.040295644799397935,
      0.050610637933406914,
      0.07071324869490009,
      0.027922820082953534,
      0.06402080296992725,
      0.01762692254768986,
      0.04475446710642708
    ],
    "entropy_bits": 3.5769866140556266,
    "gini": 0.3032280387576468
  }
}