{
  "num_docs": 840351,
  "num_topics": 6,
  "vocab_size": 18814,
  "engine": "lda_multicore",
  "coherence": {
    "c_v": 0.6384738519862198,
    "c_npmi": 0.03135507692914069,
    "u_mass": -2.228356300979797
  },
  "perplexity": 2222.0756110323855,
  "topic_diversity": {
    "unique_word_ratio": 0.7333333333333333,
    "avg_pairwise_jaccard": 0.09756262894193929
  },
  "topic_size_proxy": {
    "counts_estimated": [
      330483.72660201107,
      44555.60857579183,
      109300.13006485393,
      103647.90111659824,
      137915.71967235874,
      114447.91396838619
    ],
    "proportions": [
      0.39326867773348406,
      0.053020236277212536,
      0.13006485392991016,
      0.12333882046501787,
      0.16411680318385857,
      0.13619060841051678
    ],
    "entropy_bits": 2.3289151517674664,
    "gini": 0.3049503183197477
  }
}