{
  "num_docs": 1978351,
  "num_topics": 8,
  "vocab_size": 24123,
  "engine": "lda_multicore",
  "coherence": {
    "c_v": 0.6500860369869086,
    "c_npmi": 0.018216586624021768,
    "u_mass": -2.523380677372648
  },
  "perplexity": 2907.70966434755,
  "topic_diversity": {
    "unique_word_ratio": 0.7083333333333334,
    "avg_pairwise_jaccard": 0.08502378847206435
  },
  "topic_size_proxy": {
    "counts_estimated": [
      385900.1950615412,
      329520.16656304494,
      274787.9166752316,
      305744.5989896182,
      157994.52430616986,
      168852.30757224737,
      222220.11232592817,
      133331.1785062187
    ],
    "proportions": [
      0.19506154118330934,
      0.1665630449617105,
      0.1388974538265614,
      0.15454517372782595,
      0.07986172539967369,
      0.08535002513317777,
      0.11232592817246695,
      0.06739510759527441
    ],
    "entropy_bits": 2.9133473539357997,
    "gini": 0.19516607554555843
  }
}