{
  "num_docs": 1978351,
  "num_topics": 4,
  "vocab_size": 23896,
  "engine": "lda_multicore",
  "coherence": {
    "c_v": 0.6972545535788435,
    "c_npmi": 0.03547472896367075,
    "u_mass": -2.236029970088225
  },
  "perplexity": 2210.053577023553,
  "topic_diversity": {
    "unique_word_ratio": 0.8,
    "avg_pairwise_jaccard": 0.09416445623342175
  },
  "topic_size_proxy": {
    "counts_estimated": [
      991607.1678958054,
      348703.509593011,
      284433.47710634285,
      353606.8454048407
    ],
    "proportions": [
      0.5012291387604149,
      0.17625967767752587,
      0.14377300949444402,
      0.17873817406761525
    ],
    "entropy_bits": 1.7871439904679398,
    "gini": 0.26871172104700036
  }
}