{
  "num_docs": 830137,
  "num_topics": 8,
  "vocab_size": 18764,
  "engine": "lda_multicore",
  "coherence": {
    "c_v": 0.62872112334435,
    "c_npmi": 0.026246237032082096,
    "u_mass": -2.6976569255288196
  },
  "perplexity": 3237.187906784427,
  "topic_diversity": {
    "unique_word_ratio": 0.9166666666666666,
    "avg_pairwise_jaccard": 0.012491203377902885
  },
  "topic_size_proxy": {
    "counts_estimated": [
      233434.5381777833,
      127440.05117229694,
      120382.27056053688,
      85554.47879800247,
      10341.115263484058,
      91674.48125542916,
      63375.581003395695,
      97934.48376907149
    ],
    "proportions": [
      0.28120001659699945,
      0.15351689079308228,
      0.14501494399181927,
      0.10306067407910076,
      0.012457118841208209,
      0.11043295414543522,
      0.07634352041096312,
      0.1179738811413917
    ],
    "entropy_bits": 2.74853616807487,
    "gini": 0.3000588591169058
  }
}