{
  "num_docs": 840348,
  "num_topics": 17,
  "vocab_size": 19171,
  "engine": "lda_multicore",
  "coherence": {
    "c_v": 0.6086685995218,
    "c_npmi": 0.0005508250986318927,
    "u_mass": -2.7152969540566185
  },
  "perplexity": 2780.5678220373325,
  "topic_diversity": {
    "unique_word_ratio": 0.6980392156862745,
    "avg_pairwise_jaccard": 0.04815583616293556
  },
  "topic_size_proxy": {
    "counts_estimated": [
      89824.46819769064,
      116892.2531332927,
      66375.57310795928,
      13246.670169625539,
      37024.45423521743,
      22278.894780335657,
      32291.119650197736,
      59576.6824211669,
      64896.68382799185,
      68961.12934724116,
      9438.891384916034,
      43844.45603870355,
      40572.23295117234,
      61872.23858376096,
      26886.673776597785,
      57475.570754436325,
      28890.007639694148
    ],
    "proportions": [
      0.10688960787398867,
      0.1390998171392003,
      0.07898581671873947,
      0.015763314923847666,
      0.04405847843419325,
      0.026511510446071928,
      0.03842588981017118,
      0.07089525104024391,
      0.07722596332470814,
      0.08206258519951395,
      0.011232122150485314,
      0.052174165986833484,
      0.04828027549440509,
      0.07362692430250438,
      0.03199469002912815,
      0.06839496346089514,
      0.03437862366506988
    ],
    "entropy_bits": 3.8682809705511976,
    "gini": 0.30351392797924237
  }
}