{
  "num_docs": 1821609,
  "num_topics": 20,
  "vocab_size": 24098,
  "engine": "lda_multicore",
  "coherence": {
    "c_v": 0.5336802393206932,
    "c_npmi": -0.03977871749282319,
    "u_mass": -3.294518807063567
  },
  "perplexity": 4670.504519309297,
  "topic_diversity": {
    "unique_word_ratio": 0.9066666666666666,
    "avg_pairwise_jaccard": 0.005665024630541871
  },
  "topic_size_proxy": {
    "counts_estimated": [
      162533.3432472393,
      144425.56436495698,
      121296.67406529516,
      108514.45106340671,
      73327.7822504892,
      162527.78769134489,
      104311.11747368627,
      124351.11869604891,
      116868.89601744001,
      123225.56307183881,
      127574.45222599314,
      59512.22585223807,
      32226.668632368943,
      73634.44893586134,
      40917.78027360429,
      80414.44934941517,
      86372.22749059439,
      30598.890755303004,
      34911.113240554136,
      14064.44530232127
    ],
    "proportions": [
      0.0892251538322655,
      0.07928461286969761,
      0.06658765633310725,
      0.059570660368611875,
      0.04025440270139706,
      0.08922210402525728,
      0.05726317638619829,
      0.06826444022622248,
      0.06415696014756186,
      0.06764654932635862,
      0.07003393825238739,
      0.03267014263337416,
      0.01769132049323919,
      0.04042275204825038,
      0.022462438576886855,
      0.044144736521072946,
      0.04741534955668005,
      0.01679772703983292,
      0.019164987239607478,
      0.007720891421990817
    ],
    "entropy_bits": 4.131853640233032,
    "gini": 0.2771365118015332
  }
}