{
  "num_docs": 1978351,
  "num_topics": 12,
  "vocab_size": 23896,
  "engine": "lda_multicore",
  "coherence": {
    "c_v": 0.6372130062601161,
    "c_npmi": 0.02316726289997494,
    "u_mass": -2.5578208375870095
  },
  "perplexity": 2574.014986216913,
  "topic_diversity": {
    "unique_word_ratio": 0.7333333333333333,
    "avg_pairwise_jaccard": 0.04947096326406671
  },
  "topic_size_proxy": {
    "counts_estimated": [
      282776.809602278,
      238307.89823562285,
      278925.69654453907,
      214084.55265807928,
      205813.4373661553,
      98940.05001137311,
      75838.92722330337,
      146640.0741223747,
      90755.60142992336,
      138283.40323164928,
      87743.37768510796,
      120241.17188959374
    ],
    "proportions": [
      0.14293561132593657,
      0.12045784506168158,
      0.1409889835244297,
      0.1082136348191394,
      0.10403282196443163,
      0.0500113731139586,
      0.03833441448120347,
      0.07412237470619455,
      0.045874367809313595,
      0.06989831593668124,
      0.04435177462700398,
      0.060778482630025575
    ],
    "entropy_bits": 3.446204535109161,
    "gini": 0.24728589761950884
  }
}