{
  "num_docs": 1978351,
  "num_topics": 9,
  "vocab_size": 23896,
  "engine": "lda_multicore",
  "coherence": {
    "c_v": 0.6676557119799493,
    "c_npmi": 0.036322210546753664,
    "u_mass": -2.4865873537584475
  },
  "perplexity": 2260.7515778339643,
  "topic_diversity": {
    "unique_word_ratio": 0.762962962962963,
    "avg_pairwise_jaccard": 0.05346845045120907
  },
  "topic_size_proxy": {
    "counts_estimated": [
      476243.57406087563,
      305544.5988885238,
      145191.18450111346,
      166673.41758199173,
      242967.9005911211,
      223850.1131498471,
      56887.806532941315,
      141653.404935089,
      219338.99975849685
    ],
    "proportions": [
      0.24072754231219617,
      0.15444407938152724,
      0.07339000233078632,
      0.08424865839377933,
      0.12281334333044092,
      0.11314984709480123,
      0.02875516353414602,
      0.07160175567181405,
      0.11086960795050871
    ],
    "entropy_bits": 2.986700249763357,
    "gini": 0.27203652376481596
  }
}