{
  "num_docs": 1978350,
  "num_topics": 13,
  "vocab_size": 24093,
  "engine": "lda_multicore",
  "coherence": {
    "c_v": 0.6314011345172061,
    "c_npmi": 0.010376197414439018,
    "u_mass": -2.6088204709242295
  },
  "perplexity": 2518.558416689646,
  "topic_diversity": {
    "unique_word_ratio": 0.6820512820512821,
    "avg_pairwise_jaccard": 0.06274656181817985
  },
  "topic_size_proxy": {
    "counts_estimated": [
      370207.7777777778,
      194154.44444444447,
      76942.22222222222,
      127538.88888888889,
      219025.55555555556,
      96985.55555555556,
      110964.44444444445,
      126574.44444444445,
      225271.11111111112,
      137376.6666666667,
      56792.222222222226,
      81061.11111111111,
      155455.55555555556
    ],
    "proportions": [
      0.1871295664456632,
      0.09813958321047563,
      0.03889211829161787,
      0.0644673029994131,
      0.1107112268079741,
      0.04902345669651759,
      0.05608938986753833,
      0.06397980359615056,
      0.1138681785887791,
      0.06944002156679388,
      0.02870686290202554,
      0.040974100190113535,
      0.07857838883693763
    ],
    "entropy_bits": 3.5183741447478036,
    "gini": 0.277254096103137
  }
}