{
  "num_docs": 1978351,
  "num_topics": 2,
  "vocab_size": 24111,
  "engine": "lda_multicore",
  "coherence": {
    "c_v": 0.6674984137142898,
    "c_npmi": -0.006249905660574432,
    "u_mass": -2.1650992377665146
  },
  "perplexity": 2358.6164348065527,
  "topic_diversity": {
    "unique_word_ratio": 0.7666666666666667,
    "avg_pairwise_jaccard": 0.30434782608695654
  },
  "topic_size_proxy": {
    "counts_estimated": [
      1379472.919506435,
      598878.0804935651
    ],
    "proportions": [
      0.6972842127137374,
      0.3027157872862627
    ],
    "entropy_bits": 0.8845853656953706,
    "gini": 0.1972842127137373
  }
}