{
  "num_docs": 840351,
  "num_topics": 15,
  "vocab_size": 18814,
  "engine": "lda_multicore",
  "coherence": {
    "c_v": 0.6015513291322435,
    "c_npmi": 0.005025935271785076,
    "u_mass": -2.624601374388936
  },
  "perplexity": 2260.0161655053703,
  "topic_diversity": {
    "unique_word_ratio": 0.7155555555555555,
    "avg_pairwise_jaccard": 0.04966463567448789
  },
  "topic_size_proxy": {
    "counts_estimated": [
      164314.63997540707,
      56303.4003331945,
      101005.67575018345,
      16781.13108030384,
      76266.75742250253,
      38096.712000951986,
      43648.940830209634,
      60935.628067670215,
      39568.93597508974,
      74342.31068800698,
      50495.6156442752,
      3023.336931040638,
      31470.037448682095,
      73916.75462604867,
      10181.12322643343
    ],
    "proportions": [
      0.19553096262800557,
      0.06699986116895738,
      0.12019462789975077,
      0.01996919273054217,
      0.09075583586204163,
      0.0453342853176256,
      0.051941320745985474,
      0.0725121146612192,
      0.04708620085546367,
      0.08846578475899594,
      0.06008871964723694,
      0.003597707304496143,
      0.03744868209674541,
      0.08795938200353029,
      0.012115322319403954
    ],
    "entropy_bits": 3.5676073410860227,
    "gini": 0.36583945401937906
  }
}