{
  "num_docs": 1816827,
  "num_topics": 11,
  "vocab_size": 23846,
  "engine": "lda_multicore",
  "coherence": {
    "c_v": 0.5498518417540402,
    "c_npmi": -0.00933906930360046,
    "u_mass": -3.0804303236145416
  },
  "perplexity": 3343.3267635812217,
  "topic_diversity": {
    "unique_word_ratio": 0.9090909090909091,
    "avg_pairwise_jaccard": 0.012419764143902072
  },
  "topic_size_proxy": {
    "counts_estimated": [
      367584.5118851918,
      322991.170370316,
      165124.47473983944,
      60291.12217272608,
      50245.56477411164,
      134595.58024981286,
      204123.3707838576,
      145695.58228633075,
      87932.23835515406,
      98577.79586385054,
      179665.58851880935
    ],
    "proportions": [
      0.20232224195544857,
      0.17777761469326248,
      0.0908861849476254,
      0.033184844882163285,
      0.027655668246955617,
      0.07408277191488945,
      0.11235157270552318,
      0.08019232556887955,
      0.04839879545777008,
      0.054258218236436666,
      0.09888976139104567
    ],
    "entropy_bits": 3.2241397371915976,
    "gini": 0.3181143234312863
  }
}