{
  "num_docs": 1978350,
  "num_topics": 4,
  "vocab_size": 24098,
  "engine": "lda_multicore",
  "coherence": {
    "c_v": 0.6388505844317898,
    "c_npmi": 0.014173874235381755,
    "u_mass": -2.440510579910467
  },
  "perplexity": 2547.5589258127184,
  "topic_diversity": {
    "unique_word_ratio": 0.75,
    "avg_pairwise_jaccard": 0.13630268199233717
  },
  "topic_size_proxy": {
    "counts_estimated": [
      584514.4444444445,
      538033.3333333334,
      481845.55555555556,
      373956.6666666667
    ],
    "proportions": [
      0.29545552831624555,
      0.27196064060117436,
      0.24355930727907374,
      0.1890245238035063
    ],
    "entropy_bits": 1.981171554167414,
    "gini": 0.08692358671507971
  }
}