{
  "num_docs": 1816827,
  "num_topics": 7,
  "vocab_size": 23846,
  "engine": "lda_multicore",
  "coherence": {
    "c_v": 0.6242663962424647,
    "c_npmi": 0.019958171238133777,
    "u_mass": -2.891027906309205
  },
  "perplexity": 3251.0012236453067,
  "topic_diversity": {
    "unique_word_ratio": 0.9428571428571428,
    "avg_pairwise_jaccard": 0.009852216748768475
  },
  "topic_size_proxy": {
    "counts_estimated": [
      471288.9753562989,
      367923.4008362566,
      112483.35397065947,
      215335.59506318712,
      132895.57993791375,
      358446.7324309052,
      158453.36240477904
    ],
    "proportions": [
      0.25940223001766205,
      0.20250876986980962,
      0.06191197839456342,
      0.11852289461967877,
      0.0731470745084225,
      0.19729271550395563,
      0.08721433708590803
    ],
    "entropy_bits": 2.6296151640528325,
    "gini": 0.27464929257431947
  }
}