{
  "num_docs": 1978351,
  "num_topics": 18,
  "vocab_size": 24190,
  "engine": "lda_multicore",
  "coherence": {
    "c_v": 0.611841113997403,
    "c_npmi": 0.008152437878798933,
    "u_mass": -2.8034955737406317
  },
  "perplexity": 2622.101156382695,
  "topic_diversity": {
    "unique_word_ratio": 0.7185185185185186,
    "avg_pairwise_jaccard": 0.0396184625731617
  },
  "topic_size_proxy": {
    "counts_estimated": [
      268480.13570905046,
      204667.8812315538,
      218254.55476589638,
      214308.99721597403,
      105442.27552028486,
      29923.348458732446,
      49600.02507139788,
      65747.81101142085,
      124754.50750428949,
      67057.81167358882,
      53357.8047486261,
      35422.240127154226,
      137970.06973993478,
      42661.132675096815,
      65498.921996725665,
      121135.61678615457,
      79326.70676405422,
      94741.1590000646
    ],
    "proportions": [
      0.13570905047135237,
      0.10345377601424308,
      0.11032145193946695,
      0.10832708514109682,
      0.05329806263918024,
      0.015125399112054658,
      0.025071397882073444,
      0.03323364307517769,
      0.06305984504483253,
      0.03389581104343406,
      0.02697084832197426,
      0.017904932000011236,
      0.06973993479414663,
      0.021563985700766352,
      0.033107836777561545,
      0.06123059901208358,
      0.040097387553601066,
      0.047888953476943476
    ],
    "entropy_bits": 3.895531421345883,
    "gini": 0.34593695893853454
  }
}