{
  "num_docs": 833036,
  "num_topics": 13,
  "vocab_size": 19118,
  "engine": "lda_multicore",
  "coherence": {
    "c_v": 0.5655818589724295,
    "c_npmi": -0.0006062975497956063,
    "u_mass": -3.1036369617923687
  },
  "perplexity": 3742.9969316680294,
  "topic_diversity": {
    "unique_word_ratio": 0.8923076923076924,
    "avg_pairwise_jaccard": 0.01036096725751898
  },
  "topic_size_proxy": {
    "counts_estimated": [
      116522.2843896219,
      97437.8297631687,
      52531.13913771854,
      118866.73008488366,
      18271.120859187016,
      63674.47841628742,
      79263.37562222235,
      73940.03944876303,
      74761.1509979566,
      47020.0250862975,
      48833.35938708765,
      10033.338686357258,
      31881.128120448375
    ],
    "proportions": [
      0.13987664925600082,
      0.11696712958763932,
      0.06305986672570998,
      0.14269098824646673,
      0.021933170786360992,
      0.07643664669508571,
      0.095150000266762,
      0.08875971680547182,
      0.08974540235710894,
      0.056444169383192924,
      0.05862094721847273,
      0.012044303831235694,
      0.03827100884049234
    ],
    "entropy_bits": 3.49181271806443,
    "gini": 0.2911458822824483
  }
}