{
  "num_docs": 840345,
  "num_topics": 6,
  "vocab_size": 19150,
  "engine": "lda_multicore",
  "coherence": {
    "c_v": 0.6452019932714483,
    "c_npmi": 0.025211321315439322,
    "u_mass": -2.2747558668489254
  },
  "perplexity": 2529.9686784810833,
  "topic_diversity": {
    "unique_word_ratio": 0.7,
    "avg_pairwise_jaccard": 0.12247671036276735
  },
  "topic_size_proxy": {
    "counts_estimated": [
      300759.08772196586,
      109561.18354246275,
      125644.52750856131,
      109048.96098160808,
      69165.60128122066,
      126165.63896418136
    ],
    "proportions": [
      0.3578995385490077,
      0.13037643294416312,
      0.1495154103476088,
      0.12976689452737636,
      0.0823061971942722,
      0.1501355264375719
    ],
    "entropy_bits": 2.4132170317163935,
    "gini": 0.24303526331795164
  }
}