{
  "num_docs": 1816827,
  "num_topics": 17,
  "vocab_size": 23846,
  "engine": "lda_multicore",
  "coherence": {
    "c_v": 0.582865960916535,
    "c_npmi": 0.006850485261649164,
    "u_mass": -3.118991310633057
  },
  "perplexity": 3528.3650616630443,
  "topic_diversity": {
    "unique_word_ratio": 0.8901960784313725,
    "avg_pairwise_jaccard": 0.007952606329888276
  },
  "topic_size_proxy": {
    "counts_estimated": [
      199656.70329769122,
      156385.5842476259,
      157027.8065876767,
      222860.040888142,
      113394.46524893222,
      101345.57414943272,
      103598.9078961853,
      50248.89810805654,
      58676.67743207938,
      128791.13474042654,
      74863.34706851507,
      21956.670695058052,
      103124.4633646945,
      112541.13175903774,
      101787.79645278948,
      25200.00462344601,
      85367.79344021078
    ],
    "proportions": [
      0.10989307363755117,
      0.0860762110248394,
      0.08642969671172691,
      0.1226644258854266,
      0.06241346327907511,
      0.05578163146487404,
      0.057021889203642,
      0.027657502947752613,
      0.03229623812948584,
      0.07088794626039052,
      0.04120554519968883,
      0.01208517414979965,
      0.05676075012353652,
      0.06194377987504464,
      0.05602503510394191,
      0.013870338025274837,
      0.04698729897794934
    ],
    "entropy_bits": 3.898674946246486,
    "gini": 0.2772535809762105
  }
}