{
  "num_docs": 1821554,
  "num_topics": 4,
  "vocab_size": 24048,
  "engine": "lda_multicore",
  "coherence": {
    "c_v": 0.5369984485388305,
    "c_npmi": -0.00650454484925957,
    "u_mass": -3.0455086781682508
  },
  "perplexity": 3678.333088677587,
  "topic_diversity": {
    "unique_word_ratio": 1.0,
    "avg_pairwise_jaccard": 0.0
  },
  "topic_size_proxy": {
    "counts_estimated": [
      698233.5888783566,
      496387.95944974927,
      219808.96933630516,
      407123.48233558907
    ],
    "proportions": [
      0.38331753485120756,
      0.2725079571891633,
      0.12067112440054213,
      0.22350338355908692
    ],
    "entropy_bits": 1.8926820917991036,
    "gini": 0.2092359512455182
  }
}