{
  "num_docs": 840343,
  "num_topics": 8,
  "vocab_size": 19171,
  "engine": "lda_multicore",
  "coherence": {
    "c_v": 0.6023061450593272,
    "c_npmi": -0.001864200024105778,
    "u_mass": -2.465993842096438
  },
  "perplexity": 2539.447088535959,
  "topic_diversity": {
    "unique_word_ratio": 0.7,
    "avg_pairwise_jaccard": 0.10094268995800372
  },
  "topic_size_proxy": {
    "counts_estimated": [
      258738.01725223055,
      130633.45424086483,
      76210.0705360779,
      63445.614277516564,
      128616.78570767464,
      85205.63441745954,
      11796.677585057938,
      85696.74598311799
    ],
    "proportions": [
      0.3078957250220809,
      0.15545254049937327,
      0.09068924300681733,
      0.07549966415798855,
      0.15305272455137325,
      0.10139387656880529,
      0.014037931636317478,
      0.10197829455724387
    ],
    "entropy_bits": 2.7077205037278596,
    "gini": 0.33055547475367175
  }
}