{
  "num_docs": 840351,
  "num_topics": 14,
  "vocab_size": 18814,
  "engine": "lda_multicore",
  "coherence": {
    "c_v": 0.6327597796292432,
    "c_npmi": 0.0027692842970118573,
    "u_mass": -2.7049734275206587
  },
  "perplexity": 2349.848958248657,
  "topic_diversity": {
    "unique_word_ratio": 0.7095238095238096,
    "avg_pairwise_jaccard": 0.05126652851169714
  },
  "topic_size_proxy": {
    "counts_estimated": [
      127061.26231133852,
      134203.49303266496,
      50645.615822772255,
      10993.346415184149,
      61400.07306479443,
      63244.519704091545,
      28685.589690803434,
      50182.28193808135,
      44485.60849249321,
      65601.18917514528,
      77903.4260367704,
      10177.789889133495,
      57816.735467364786,
      57950.06895936217
    ],
    "proportions": [
      0.15120022741846978,
      0.15969933162769478,
      0.06026721670203552,
      0.013081850816128199,
      0.07306479443089188,
      0.07525964710471164,
      0.034135247879521095,
      0.059715859132768744,
      0.05293693765163985,
      0.07806403416565848,
      0.09270343705995517,
      0.012111355718186202,
      0.06880069812181432,
      0.06895936217052417
    ],
    "entropy_bits": 3.565174356035347,
    "gini": 0.30408711034045727
  }
}