{
  "num_docs": 1978351,
  "num_topics": 19,
  "vocab_size": 23896,
  "engine": "lda_multicore",
  "coherence": {
    "c_v": 0.6189023327523513,
    "c_npmi": 0.011519063182235658,
    "u_mass": -2.745069903982393
  },
  "perplexity": 2281.1498235535782,
  "topic_diversity": {
    "unique_word_ratio": 0.7157894736842105,
    "avg_pairwise_jaccard": 0.03997616843956832
  },
  "topic_size_proxy": {
    "counts_estimated": [
      236126.78602202173,
      102051.16269506294,
      135458.957359528,
      138550.0700331084,
      35453.351253991124,
      154272.30020246952,
      104571.16396885172,
      145713.40698730425,
      49060.02479844315,
      89782.26760459755,
      116724.50344535148,
      174073.42132248255,
      73427.81489344375,
      90137.82333987638,
      80736.70747676937,
      34612.23971772212,
      114774.50245968161,
      23335.56735101923,
      79488.92906827519
    ],
    "proportions": [
      0.11935535505176872,
      0.051583951834160334,
      0.06847063911284093,
      0.07003310839841281,
      0.01792065778721325,
      0.07798024728800375,
      0.052857740597523746,
      0.07365397090167732,
      0.024798443147066997,
      0.045382375323993335,
      0.059000907040940395,
      0.0879891492068306,
      0.03711566597304712,
      0.0455620986063021,
      0.04081010269500678,
      0.017495499897501564,
      0.058015237164528236,
      0.011795463672027474,
      0.04017938630115444
    ],
    "entropy_bits": 4.066748481809707,
    "gini": 0.2747815275799122
  }
}