{
  "num_docs": 840350,
  "num_topics": 4,
  "vocab_size": 19171,
  "engine": "lda_multicore",
  "coherence": {
    "c_v": 0.6499196764087359,
    "c_npmi": 0.010348499237194234,
    "u_mass": -2.137884814270943
  },
  "perplexity": 2638.939879100023,
  "topic_diversity": {
    "unique_word_ratio": 0.7166666666666667,
    "avg_pairwise_jaccard": 0.15452658286241494
  },
  "topic_size_proxy": {
    "counts_estimated": [
      249263.33333333334,
      300162.22222222225,
      106430.0,
      184494.44444444447
    ],
    "proportions": [
      0.296618472461871,
      0.3571871508564553,
      0.12664961028143035,
      0.21954476640024329
    ],
    "entropy_bits": 1.9083668424353715,
    "gini": 0.1921715819466756
  }
}