{
  "num_docs": 1978351,
  "num_topics": 18,
  "vocab_size": 23896,
  "engine": "lda_multicore",
  "coherence": {
    "c_v": 0.6199161723995681,
    "c_npmi": 0.01580386437305344,
    "u_mass": -2.7826219095212554
  },
  "perplexity": 2297.3464437769558,
  "topic_diversity": {
    "unique_word_ratio": 0.725925925925926,
    "avg_pairwise_jaccard": 0.034968434765595004
  },
  "topic_size_proxy": {
    "counts_estimated": [
      210207.8840318672,
      248566.79231009007,
      196566.76602556003,
      58304.473915692935,
      102436.71844550593,
      119844.50502242328,
      61820.03124826244,
      117598.94833180288,
      111906.72323232323,
      60453.36389078441,
      37316.68552918678,
      129380.06539793263,
      75143.37131616415,
      121152.28346124577,
      85253.37642648334,
      45518.911897400474,
      101912.27373596965,
      94967.82578130485
    ],
    "proportions": [
      0.10625408940671659,
      0.12564342339154683,
      0.09935889335388919,
      0.029471248487095026,
      0.05177883926841391,
      0.060577978843199855,
      0.031248262440922988,
      0.059442913988368526,
      0.056565656565656555,
      0.03055745107454865,
      0.01886252011356265,
      0.06539793262061819,
      0.03798283081018694,
      0.0612390235409418,
      0.04309315001558537,
      0.02300851158232309,
      0.05151374742700847,
      0.04800352706941531
    ],
    "entropy_bits": 3.995962331473476,
    "gini": 0.2717514938717792
  }
}