{
  "num_docs": 840350,
  "num_topics": 15,
  "vocab_size": 19171,
  "engine": "lda_multicore",
  "coherence": {
    "c_v": 0.582806644781779,
    "c_npmi": -0.0028234495331710863,
    "u_mass": -2.657091810800991
  },
  "perplexity": 2805.656649454865,
  "topic_diversity": {
    "unique_word_ratio": 0.6711111111111111,
    "avg_pairwise_jaccard": 0.06183827848852479
  },
  "topic_size_proxy": {
    "counts_estimated": [
      45651.11111111112,
      59994.444444444445,
      54863.333333333336,
      88383.33333333334,
      81046.66666666667,
      55418.88888888889,
      91552.22222222223,
      75913.33333333334,
      38966.66666666667,
      49256.66666666667,
      17946.666666666668,
      32976.66666666667,
      62010.0,
      51587.77777777778,
      34782.222222222226
    ],
    "proportions": [
      0.05432392587744526,
      0.07139221091740876,
      0.06528628944289087,
      0.10517443128855043,
      0.09644394200829022,
      0.06594738964584863,
      0.10894534684622151,
      0.0903353761329605,
      0.04636956823545746,
      0.058614466194641134,
      0.02135618095634756,
      0.03924158584716687,
      0.07379068245373953,
      0.06138844264625191,
      0.04139016150677959
    ],
    "entropy_bits": 3.8067480564500746,
    "gini": 0.20644907655319986
  }
}