{
  "num_docs": 1821586,
  "num_topics": 14,
  "vocab_size": 24101,
  "engine": "lda_multicore",
  "coherence": {
    "c_v": 0.562763012582891,
    "c_npmi": 0.006196448499090413,
    "u_mass": -3.1375563740392423
  },
  "perplexity": 3920.9374488856693,
  "topic_diversity": {
    "unique_word_ratio": 0.9,
    "avg_pairwise_jaccard": 0.009259760491287584
  },
  "topic_size_proxy": {
    "counts_estimated": [
      178016.7101005412,
      223617.8323377619,
      152288.92604550248,
      206648.93930867309,
      65072.23809904314,
      90163.35533207639,
      155637.815751479,
      101335.58028018326,
      46412.23354623292,
      100116.69109390049,
      125570.03063753372,
      113240.02762916555,
      132422.25453161378,
      131043.36530629298
    ],
    "proportions": [
      0.09772621775778978,
      0.12275996430460158,
      0.08360238058785174,
      0.11344451445535546,
      0.03572284706790849,
      0.04949717187773534,
      0.08544082780142087,
      0.05563041233308957,
      0.02547902407365501,
      0.054961276104395024,
      0.06893445087826419,
      0.062165622501032386,
      0.07269613102626712,
      0.07193915923063364
    ],
    "entropy_bits": 3.7045186704618542,
    "gini": 0.21010463673326982
  }
}