{
  "num_docs": 1816827,
  "num_topics": 6,
  "vocab_size": 23846,
  "engine": "lda_multicore",
  "coherence": {
    "c_v": 0.5864134725915741,
    "c_npmi": 0.030839240569649002,
    "u_mass": -2.8964713658169288
  },
  "perplexity": 3040.495921900752,
  "topic_diversity": {
    "unique_word_ratio": 0.9777777777777777,
    "avg_pairwise_jaccard": 0.004597701149425287
  },
  "topic_size_proxy": {
    "counts_estimated": [
      450840.0827156508,
      381514.51444093,
      194752.25795342796,
      201442.2591808428,
      370230.06792612764,
      218047.81778302096
    ],
    "proportions": [
      0.24814695219503602,
      0.2099894565860866,
      0.10719361719824064,
      0.11087586169780765,
      0.20377838282132948,
      0.12001572950149955
    ],
    "entropy_bits": 2.5036750103634797,
    "gini": 0.18097835216144054
  }
}