{
  "num_docs": 1978351,
  "num_topics": 8,
  "vocab_size": 24123,
  "engine": "lda_multicore",
  "coherence": {
    "c_v": 0.6505113042729153,
    "c_npmi": 0.018475896043239418,
    "u_mass": -2.5676076271617947
  },
  "perplexity": 2361.220688599596,
  "topic_diversity": {
    "unique_word_ratio": 0.6916666666666667,
    "avg_pairwise_jaccard": 0.0853185129047198
  },
  "topic_size_proxy": {
    "counts_estimated": [
      387276.8624240739,
      326812.38741656207,
      280372.36394245486,
      306501.26603875845,
      149758.96458777378,
      172198.97593055942,
      226650.11456516795,
      128780.06509464959
    ],
    "proportions": [
      0.19575740726699858,
      0.1651943398398778,
      0.14172023262932354,
      0.15492764733798928,
      0.07569888487319681,
      0.08704167052790907,
      0.1145651679429828,
      0.06509464958172215
    ],
    "entropy_bits": 2.909132410154868,
    "gini": 0.19911619671836522
  }
}