{
  "num_docs": 840351,
  "num_topics": 12,
  "vocab_size": 19158,
  "engine": "lda_multicore",
  "coherence": {
    "c_v": 0.5940782475921712,
    "c_npmi": 0.008986779350360045,
    "u_mass": -2.5524270997749743
  },
  "perplexity": 2613.7329121120656,
  "topic_diversity": {
    "unique_word_ratio": 0.6888888888888889,
    "avg_pairwise_jaccard": 0.06111761801416974
  },
  "topic_size_proxy": {
    "counts_estimated": [
      172979.09473037027,
      95890.11410721723,
      91683.44243469983,
      61153.40610459927,
      20588.91338926241,
      72325.64162154657,
      83962.32213561809,
      34314.48527795958,
      44100.05247813411,
      41561.160568017294,
      84727.87860216973,
      37064.488550405586
    ],
    "proportions": [
      0.2058414813933348,
      0.11410721723091571,
      0.10910136649411953,
      0.07277126594077865,
      0.024500373521614674,
      0.08606599102225924,
      0.09991339587341254,
      0.040833515135889155,
      0.052478134110787174,
      0.049456906183270206,
      0.10082439195308834,
      0.04410596114053008
    ],
    "entropy_bits": 3.3766516390668704,
    "gini": 0.29346844017814444
  }
}