{
  "num_docs": 840351,
  "num_topics": 17,
  "vocab_size": 18814,
  "engine": "lda_multicore",
  "coherence": {
    "c_v": 0.6030317700240148,
    "c_npmi": 0.025703658136643267,
    "u_mass": -2.545444091592899
  },
  "perplexity": 2309.274243730421,
  "topic_diversity": {
    "unique_word_ratio": 0.7058823529411765,
    "avg_pairwise_jaccard": 0.04920641112324682
  },
  "topic_size_proxy": {
    "counts_estimated": [
      105991.23723845223,
      43964.49676127011,
      78024.53729200135,
      63174.51962079292,
      42094.49453600682,
      59744.51553916027,
      44838.94224628627,
      30640.03646099839,
      9694.455980642986,
      48827.83588187461,
      71415.64053866445,
      18866.689117629558,
      61413.40641399417,
      34077.818329664224,
      36704.488122012655,
      61782.29574185359,
      29095.590178695384
    ],
    "proportions": [
      0.12612734112109372,
      0.05231682566126548,
      0.09284755690419996,
      0.07517634847913898,
      0.050091562378109654,
      0.07109471582607775,
      0.053357397380721,
      0.036460998393526504,
      0.011536198541612952,
      0.058104096837957725,
      0.08498310888981443,
      0.022450962892445605,
      0.07308066083576288,
      0.040551886449429135,
      0.043677568209013445,
      0.07351963137052682,
      0.03462313982930393
    ],
    "entropy_bits": 3.929318023044866,
    "gini": 0.2556606704878258
  }
}