{
  "num_docs": 840349,
  "num_topics": 14,
  "vocab_size": 19150,
  "engine": "lda_multicore",
  "coherence": {
    "c_v": 0.6568932023730708,
    "c_npmi": 0.01631259470652493,
    "u_mass": -2.4689518359435376
  },
  "perplexity": 2613.6042334644276,
  "topic_diversity": {
    "unique_word_ratio": 0.6619047619047619,
    "avg_pairwise_jaccard": 0.0650408010582319
  },
  "topic_size_proxy": {
    "counts_estimated": [
      170503.3558773208,
      85205.56682145246,
      95388.90150122832,
      47825.56187906081,
      64180.00848589343,
      61027.7858468837,
      66796.67549853632,
      42751.11676367223,
      24141.114303054022,
      71676.67614377098,
      32221.115371393364,
      30294.448449982414,
      39680.00524649815,
      8656.667811252999
    ],
    "proportions": [
      0.20289588715797935,
      0.10139307218959319,
      0.11351105493221067,
      0.05691154732029289,
      0.0763730408269581,
      0.07262195331568633,
      0.07948682689993837,
      0.05087305008237319,
      0.028727486202820517,
      0.08529393876088502,
      0.0383425402676666,
      0.036049841732402145,
      0.04721848332835303,
      0.01030127698284046
    ],
    "entropy_bits": 3.539728171810362,
    "gini": 0.3290464391396016
  }
}