{
  "num_docs": 1816827,
  "num_topics": 16,
  "vocab_size": 23846,
  "engine": "lda_multicore",
  "coherence": {
    "c_v": 0.6010370444254498,
    "c_npmi": -0.000736779188633659,
    "u_mass": -3.1742730935577335
  },
  "perplexity": 3495.0356903843244,
  "topic_diversity": {
    "unique_word_ratio": 0.9291666666666667,
    "avg_pairwise_jaccard": 0.005829228243021347
  },
  "topic_size_proxy": {
    "counts_estimated": [
      300995.61077923415,
      213986.70592681746,
      155085.5840091148,
      33262.228324844786,
      134276.6913024174,
      98454.46250788923,
      76346.6806739957,
      141402.2481652992,
      73047.7911798594,
      94403.35065352044,
      100580.01845342062,
      119573.35527146234,
      72237.79103124863,
      96971.1289024086,
      30767.783422744422,
      75435.56939572295
    ],
    "proportions": [
      0.16567103570083125,
      0.1177804523638285,
      0.08536067771401172,
      0.018307867686271056,
      0.07390725220531034,
      0.05419033430694789,
      0.04202198705435118,
      0.07782923094235125,
      0.04020624483225942,
      0.051960561271667816,
      0.055360261848497745,
      0.0658143869897697,
      0.039760412538589876,
      0.05337389245228554,
      0.016934899923187193,
      0.04152050216983948
    ],
    "entropy_bits": 3.784802962103842,
    "gini": 0.2950675139314948
  }
}