{
  "num_docs": 840349,
  "num_topics": 11,
  "vocab_size": 19160,
  "engine": "lda_multicore",
  "coherence": {
    "c_v": 0.585893980586886,
    "c_npmi": 0.007922405437555152,
    "u_mass": -2.645813480086946
  },
  "perplexity": 2623.210387590268,
  "topic_diversity": {
    "unique_word_ratio": 0.703030303030303,
    "avg_pairwise_jaccard": 0.07157222088256572
  },
  "topic_size_proxy": {
    "counts_estimated": [
      90275.56749180896,
      29731.115042165027,
      107342.23641503397,
      109247.79222254248,
      87220.01153224718,
      48020.006349214746,
      52937.78477722216,
      94962.2347781477,
      89790.01187205315,
      63441.11949930849,
      67381.12002025613
    ],
    "proportions": [
      0.10742628061889639,
      0.03537948524025735,
      0.12773530570636005,
      0.130002882400696,
      0.10379022469503407,
      0.057142932697265954,
      0.06299499943145308,
      0.1130033293050241,
      0.10684847827754082,
      0.0754937763944605,
      0.08018230523301167
    ],
    "entropy_bits": 3.3781267789852247,
    "gini": 0.1810986634459425
  }
}