{
  "num_docs": 1978351,
  "num_topics": 9,
  "vocab_size": 23896,
  "engine": "lda_multicore",
  "coherence": {
    "c_v": 0.6684550184111687,
    "c_npmi": 0.041504371148074926,
    "u_mass": -2.416971771814482
  },
  "perplexity": 2546.409630959742,
  "topic_diversity": {
    "unique_word_ratio": 0.7333333333333333,
    "avg_pairwise_jaccard": 0.0658415552093713
  },
  "topic_size_proxy": {
    "counts_estimated": [
      514991.37142455974,
      278804.5853722097,
      145110.07334900295,
      166356.750755259,
      238322.34268736854,
      192446.7639430165,
      103560.05234665252,
      138383.40328219644,
      200375.65683973458
    ],
    "proportions": [
      0.2603134486370516,
      0.14092776528139328,
      0.07334900295700962,
      0.08408859234547307,
      0.12046514632002538,
      0.0972763498201363,
      0.05234665251345818,
      0.06994886310983058,
      0.10128417901562188
    ],
    "entropy_bits": 3.001301694749337,
    "gini": 0.2569403920900538
  }
}