{
  "num_docs": 832296,
  "num_topics": 6,
  "vocab_size": 19100,
  "engine": "lda_multicore",
  "coherence": {
    "c_v": 0.5727948010578298,
    "c_npmi": 0.024522641860849986,
    "u_mass": -2.913299051861164
  },
  "perplexity": 3631.1173078925126,
  "topic_diversity": {
    "unique_word_ratio": 0.9222222222222223,
    "avg_pairwise_jaccard": 0.016602809706257986
  },
  "topic_size_proxy": {
    "counts_estimated": [
      219836.78405908155,
      194671.21506516114,
      71120.03797796188,
      114297.83881260129,
      119170.06363658208,
      113200.060448612
    ],
    "proportions": [
      0.2641329335465767,
      0.2338966125815349,
      0.0854504142492117,
      0.13732835290882248,
      0.14318230970301685,
      0.1360093770108375
    ],
    "entropy_bits": 2.487123503198965,
    "gini": 0.19882137666551847
  }
}