{
  "num_docs": 840349,
  "num_topics": 9,
  "vocab_size": 19147,
  "engine": "lda_multicore",
  "coherence": {
    "c_v": 0.6489282121739554,
    "c_npmi": 0.010101895197761045,
    "u_mass": -2.5084405695231933
  },
  "perplexity": 2507.913044325884,
  "topic_diversity": {
    "unique_word_ratio": 0.7037037037037037,
    "avg_pairwise_jaccard": 0.08070584162538186
  },
  "topic_size_proxy": {
    "counts_estimated": [
      194235.58123742256,
      141050.0186496614,
      101757.79123221307,
      54783.34057679747,
      92007.78994306597,
      57675.563181429934,
      99811.12430815773,
      6286.667497891088,
      92741.1233733608
    ],
    "proportions": [
      0.2311368029680794,
      0.16784695245625494,
      0.12108991767969388,
      0.0651911772094659,
      0.10948759377718778,
      0.06863286941667085,
      0.11877341950565506,
      0.0074810197880774395,
      0.11036024719891473
    ],
    "entropy_bits": 2.929704296242905,
    "gini": 0.29262008460330846
  }
}