{
  "num_docs": 1816827,
  "num_topics": 18,
  "vocab_size": 23846,
  "engine": "lda_multicore",
  "coherence": {
    "c_v": 0.5844408195566738,
    "c_npmi": -0.02156556434090616,
    "u_mass": -3.2561897413051555
  },
  "perplexity": 3577.515917814746,
  "topic_diversity": {
    "unique_word_ratio": 0.8814814814814815,
    "avg_pairwise_jaccard": 0.008938185746840244
  },
  "topic_size_proxy": {
    "counts_estimated": [
      195730.0359105987,
      212571.15011154982,
      50620.00928725544,
      76323.34733638138,
      76917.7918898886,
      124285.57835823635,
      50666.67596248404,
      94080.0172608651,
      109000.0199982387,
      23794.448810013066,
      73635.56906547681,
      107916.68646614611,
      97110.01781677945,
      95458.90640273885,
      78724.45888802454,
      127992.24570496545,
      95234.46191711556,
      126765.57881324214
    ],
    "proportions": [
      0.1077317960986922,
      0.11700131609203836,
      0.027861766303151278,
      0.04200914414877221,
      0.04233633245756947,
      0.06840804234978692,
      0.027887452114309194,
      0.051782595294359385,
      0.059994716061704645,
      0.013096705855875688,
      0.040529763739462696,
      0.05939843830268159,
      0.05345033831882696,
      0.05254154985738258,
      0.04333074028954024,
      0.07044822963604427,
      0.05241801333705165,
      0.06977305974275047
    ],
    "entropy_bits": 4.028415597826936,
    "gini": 0.23811440052578448
  }
}