{
  "num_docs": 1978351,
  "num_topics": 5,
  "vocab_size": 23896,
  "engine": "lda_multicore",
  "coherence": {
    "c_v": 0.647107850544679,
    "c_npmi": 0.030450804656992327,
    "u_mass": -2.391203531917096
  },
  "perplexity": 2017.5867674024191,
  "topic_diversity": {
    "unique_word_ratio": 0.7466666666666667,
    "avg_pairwise_jaccard": 0.10027262010020632
  },
  "topic_size_proxy": {
    "counts_estimated": [
      873572.663788286,
      368281.29726680205,
      263364.5775677262,
      218480.1104354639,
      254652.35094172193
    ],
    "proportions": [
      0.4415660637512181,
      0.18615569090965256,
      0.13312328174713497,
      0.11043546389668157,
      0.12871949969531288
    ],
    "entropy_bits": 2.0912786377023878,
    "gini": 0.28787895636936495
  }
}