{
  "num_docs": 1816827,
  "num_topics": 7,
  "vocab_size": 23846,
  "engine": "lda_multicore",
  "coherence": {
    "c_v": 0.6220464365037436,
    "c_npmi": 0.021391123866723438,
    "u_mass": -2.90236219274911
  },
  "perplexity": 3379.174415718739,
  "topic_diversity": {
    "unique_word_ratio": 0.9428571428571428,
    "avg_pairwise_jaccard": 0.009852216748768475
  },
  "topic_size_proxy": {
    "counts_estimated": [
      458054.5284837299,
      360153.39941069414,
      113383.35413578255,
      226168.930384113,
      139721.1367457545,
      360131.1771843948,
      159214.47365553127
    ],
    "proportions": [
      0.25211785628666344,
      0.19823208231201656,
      0.0624073476097518,
      0.12448567220990935,
      0.07690393017373393,
      0.19821985097336992,
      0.087633260434555
    ],
    "entropy_bits": 2.6431638262719885,
    "gini": 0.2635355488131758
  }
}