{
  "num_docs": 1978347,
  "num_topics": 7,
  "vocab_size": 24137,
  "engine": "lda_multicore",
  "coherence": {
    "c_v": 0.6690308318627378,
    "c_npmi": 0.020086564797565647,
    "u_mass": -2.409788730302894
  },
  "perplexity": 2849.2738197674166,
  "topic_diversity": {
    "unique_word_ratio": 0.780952380952381,
    "avg_pairwise_jaccard": 0.06267505528589273
  },
  "topic_size_proxy": {
    "counts_estimated": [
      459426.74407586135,
      558668.9830194911,
      243388.92989769237,
      299773.3838424004,
      84636.68092717152,
      164117.80543012347,
      168334.47280725994
    ],
    "proportions": [
      0.23222758397584514,
      0.2823918064017541,
      0.12302641038083427,
      0.15152720116460883,
      0.042781514530651855,
      0.0829570370769756,
      0.08508844646933016
    ],
    "entropy_bits": 2.5836650959831022,
    "gini": 0.30966020688752127
  }
}