{
  "num_docs": 1978351,
  "num_topics": 18,
  "vocab_size": 24190,
  "engine": "lda_multicore",
  "coherence": {
    "c_v": 0.6118723763475937,
    "c_npmi": 0.007724014473574859,
    "u_mass": -2.7803815118445
  },
  "perplexity": 2648.8950490647076,
  "topic_diversity": {
    "unique_word_ratio": 0.7185185185185186,
    "avg_pairwise_jaccard": 0.038056904655958075
  },
  "topic_size_proxy": {
    "counts_estimated": [
      273570.1382819016,
      207956.77178288304,
      228332.33763770596,
      213493.4412481782,
      69436.7017649388,
      28114.45865550136,
      42985.577283538754,
      70122.25766702331,
      125838.95249688995,
      71082.25815227618,
      53077.80460709402,
      35526.68462439238,
      138095.62535895515,
      43976.68889562851,
      67454.47854075927,
      129223.39865207538,
      82105.5970575929,
      97957.82729266533
    ],
    "proportions": [
      0.13828190158465387,
      0.10511621637559918,
      0.11541548372240615,
      0.10791484486230106,
      0.03509827212913118,
      0.01421105691330879,
      0.021727983195873102,
      0.03544480108283277,
      0.06360800105587427,
      0.03593005394506645,
      0.026829316237156103,
      0.01795772571418943,
      0.06980339957821192,
      0.022228961845308797,
      0.03409631483025978,
      0.06531874204935088,
      0.041502037331895544,
      0.04951488754658062
    ],
    "entropy_bits": 3.8782248847353302,
    "gini": 0.3554952421693224
  }
}