{
  "num_docs": 1823544,
  "num_topics": 13,
  "vocab_size": 24043,
  "engine": "lda_multicore",
  "coherence": {
    "c_v": 0.5978053996461444,
    "c_npmi": -0.008575365578220277,
    "u_mass": -3.0899016443997636
  },
  "perplexity": 3837.2284449462386,
  "topic_diversity": {
    "unique_word_ratio": 0.8923076923076924,
    "avg_pairwise_jaccard": 0.01019957054439813
  },
  "topic_size_proxy": {
    "counts_estimated": [
      339304.56849028356,
      190747.8475129921,
      155358.94568632863,
      114714.48638273837,
      162978.9484721138,
      140747.82923356176,
      159012.280355279,
      54945.57564302466,
      91068.9221826371,
      21298.896675520005,
      85962.25364903128,
      157311.16862226106,
      150092.27709422863
    ],
    "proportions": [
      0.1860687586865376,
      0.10460282149100437,
      0.08519615961354846,
      0.06290744088584556,
      0.08937483738923425,
      0.07718367598125504,
      0.08719958517879414,
      0.03013120365783587,
      0.04994062231711277,
      0.011679946672808554,
      0.04714021358905037,
      0.08626672491711801,
      0.08230800961985486
    ],
    "entropy_bits": 3.501769651226329,
    "gini": 0.26986729180443614
  }
}