{
  "num_docs": 1816827,
  "num_topics": 12,
  "vocab_size": 23846,
  "engine": "lda_multicore",
  "coherence": {
    "c_v": 0.5585310513965526,
    "c_npmi": 0.005993112893446819,
    "u_mass": -3.0364045047767134
  },
  "perplexity": 3291.5550396232597,
  "topic_diversity": {
    "unique_word_ratio": 0.9055555555555556,
    "avg_pairwise_jaccard": 0.009595130284785456
  },
  "topic_size_proxy": {
    "counts_estimated": [
      269660.04947454174,
      223806.70772849367,
      187364.47882021402,
      149022.24956334123,
      43803.341369934395,
      116501.13248557926,
      140712.24803870486,
      146170.02681782155,
      168076.69750370612,
      76482.23625442163,
      184730.03389242783,
      110497.79805081389
    ],
    "proportions": [
      0.14842362507522275,
      0.12318548091177292,
      0.10312730866516956,
      0.0820233569642796,
      0.0241098031732985,
      0.06412340442187356,
      0.0774494478773735,
      0.08045346464898505,
      0.0925111182868298,
      0.0420965982200956,
      0.10167728346861195,
      0.06081910828648732
    ],
    "entropy_bits": 3.4676917290322815,
    "gini": 0.21899447388119953
  }
}