{
  "num_docs": 840351,
  "num_topics": 20,
  "vocab_size": 18814,
  "engine": "lda_multicore",
  "coherence": {
    "c_v": 0.621101277007312,
    "c_npmi": 0.025076752045256674,
    "u_mass": -2.620364218702101
  },
  "perplexity": 2342.969788609185,
  "topic_diversity": {
    "unique_word_ratio": 0.6866666666666666,
    "avg_pairwise_jaccard": 0.04683891426178177
  },
  "topic_size_proxy": {
    "counts_estimated": [
      80165.65095099264,
      58844.51446817794,
      34552.263338688244,
      48305.6130382182,
      59221.181583070545,
      63553.40896055215,
      29720.035366216456,
      40585.60385156978,
      44054.49686836834,
      31143.37039328851,
      41185.604565558,
      32497.81644949525,
      30928.92569365939,
      48983.39162253823,
      37355.6000079332,
      8486.676765633367,
      29361.146050256837,
      4291.116217449078,
      65344.522203050314,
      51770.06160528351
    ],
    "proportions": [
      0.09539543708639919,
      0.07002373349728619,
      0.04111646602275507,
      0.05748266264717744,
      0.07047195943489155,
      0.07562721881755619,
      0.035366216457428455,
      0.04829601422687637,
      0.052423923894144644,
      0.03705995517740625,
      0.04901000244607076,
      0.038671717472217274,
      0.03680477049906455,
      0.05828920489478591,
      0.04445237764687994,
      0.010098966700382779,
      0.03493914572631774,
      0.005106337967645756,
      0.07775860587189201,
      0.061605283512822046
    ],
    "entropy_bits": 4.168258516088311,
    "gini": 0.23812505371439147
  }
}