{
  "num_docs": 1823544,
  "num_topics": 13,
  "vocab_size": 24043,
  "engine": "lda_multicore",
  "coherence": {
    "c_v": 0.5839389205139554,
    "c_npmi": 0.0009199484448908854,
    "u_mass": -3.1327103458104757
  },
  "perplexity": 3724.3419155628562,
  "topic_diversity": {
    "unique_word_ratio": 0.9025641025641026,
    "avg_pairwise_jaccard": 0.009757483895414929
  },
  "topic_size_proxy": {
    "counts_estimated": [
      343857.9034882637,
      192410.07034290384,
      160711.16986526232,
      121291.15545375945,
      168906.72841701962,
      131988.9371425229,
      146014.49782566176,
      39654.45894165754,
      103256.70441612758,
      28791.12163681331,
      72205.58195308402,
      164722.28244278996,
      149733.38807413407
    ],
    "proportions": [
      0.1885657288709588,
      0.10551435575061738,
      0.08813122681178095,
      0.0665139724918946,
      0.09262552941800122,
      0.07238045100229162,
      0.08007182597494863,
      0.021745819646609862,
      0.05662419136370034,
      0.015788553298858324,
      0.03959629268780134,
      0.09033085159600752,
      0.08211120108652933
    ],
    "entropy_bits": 3.491959238314523,
    "gini": 0.28026275696836495
  }
}