{
  "num_docs": 1978351,
  "num_topics": 20,
  "vocab_size": 23896,
  "engine": "lda_multicore",
  "coherence": {
    "c_v": 0.6109803297995462,
    "c_npmi": 0.010049441038730289,
    "u_mass": -2.850022874908039
  },
  "perplexity": 2416.9476285359015,
  "topic_diversity": {
    "unique_word_ratio": 0.71,
    "avg_pairwise_jaccard": 0.036028466391442804
  },
  "topic_size_proxy": {
    "counts_estimated": [
      241919.01117204854,
      35562.24019792026,
      139184.5147982466,
      32968.90555373024,
      146203.40723498538,
      91201.15721069466,
      131257.84412487398,
      179446.75737188398,
      66278.92239099361,
      69674.47966290652,
      101582.27356916398,
      35308.906736534096,
      110773.38932612193,
      41344.46534289236,
      103056.71875889841,
      48251.13550068379,
      57196.695577964805,
      108971.16619292733,
      171263.41990210698,
      66905.58937442258
    ],
    "proportions": [
      0.12228315964763005,
      0.01797569804242031,
      0.07035380213028254,
      0.01666484135208072,
      0.0739016520501091,
      0.046099583547456774,
      0.06634709620531139,
      0.0907052173107219,
      0.03350210472812641,
      0.03521846207417517,
      0.051346941755615653,
      0.017847645203775315,
      0.05599278860329736,
      0.020898447920966685,
      0.05209223174193983,
      0.024389572679814547,
      0.028911298135651766,
      0.05508181621609478,
      0.08656877364133411,
      0.03381886701319562
    ],
    "entropy_bits": 4.107896262220726,
    "gini": 0.3062705734015158
  }
}