{
  "num_docs": 840351,
  "num_topics": 7,
  "vocab_size": 18814,
  "engine": "lda_multicore",
  "coherence": {
    "c_v": 0.6299092818621584,
    "c_npmi": 0.021913198135739276,
    "u_mass": -2.2114723166264003
  },
  "perplexity": 2253.398221800581,
  "topic_diversity": {
    "unique_word_ratio": 0.7142857142857143,
    "avg_pairwise_jaccard": 0.11193346288655776
  },
  "topic_size_proxy": {
    "counts_estimated": [
      251660.29947045873,
      110144.57551417068,
      74420.08855833879,
      67431.19135280934,
      118852.36365403303,
      119654.58683088396,
      98187.89461930544
    ],
    "proportions": [
      0.29947045873743083,
      0.13106972623840596,
      0.08855833878741001,
      0.08024169823420135,
      0.1414318108195659,
      0.14238643951263694,
      0.11684152767034899
    ],
    "entropy_bits": 2.6683296092035804,
    "gini": 0.22569507603124542
  }
}