{
  "num_docs": 1978351,
  "num_topics": 6,
  "vocab_size": 23896,
  "engine": "lda_multicore",
  "coherence": {
    "c_v": 0.6416998983451467,
    "c_npmi": 0.0214347506951278,
    "u_mass": -2.395640505920156
  },
  "perplexity": 2197.0034887321367,
  "topic_diversity": {
    "unique_word_ratio": 0.7111111111111111,
    "avg_pairwise_jaccard": 0.10114226769399184
  },
  "topic_size_proxy": {
    "counts_estimated": [
      379570.19186190516,
      477828.01930621197,
      225453.44729362012,
      299920.1516010817,
      324862.3864308922,
      270716.8035062889
    ],
    "proportions": [
      0.191861905122956,
      0.24152843418898465,
      0.11396028677096234,
      0.1516010817095054,
      0.16420866996346564,
      0.136839622244126
    ],
    "entropy_bits": 2.542391543599241,
    "gini": 0.13591919566342683
  }
}