{
  "num_docs": 1978351,
  "num_topics": 12,
  "vocab_size": 23896,
  "engine": "lda_multicore",
  "coherence": {
    "c_v": 0.6415567592222591,
    "c_npmi": 0.024918623757049636,
    "u_mass": -2.57455063719521
  },
  "perplexity": 2210.249386116383,
  "topic_diversity": {
    "unique_word_ratio": 0.7277777777777777,
    "avg_pairwise_jaccard": 0.04891117822152305
  },
  "topic_size_proxy": {
    "counts_estimated": [
      285403.4775966504,
      240639.01052504472,
      280116.80825772317,
      218391.2215016442,
      202240.102226603,
      102546.71850110783,
      80622.26297447649,
      145923.4070934533,
      90523.37909031937,
      136278.95777401482,
      90128.93444649442,
      105536.7200124683
    ],
    "proportions": [
      0.14426331707399265,
      0.12163615583131847,
      0.1415910565201641,
      0.1103905330761044,
      0.1022266029772285,
      0.05183444115887819,
      0.04075225426351364,
      0.07376011996529094,
      0.04575698604055568,
      0.06888512593266555,
      0.04555760552424439,
      0.0533458016360435
    ],
    "entropy_bits": 3.444242652027628,
    "gini": 0.24819789967134978
  }
}