{
  "num_docs": 840351,
  "num_topics": 8,
  "vocab_size": 18814,
  "engine": "lda_multicore",
  "coherence": {
    "c_v": 0.6235086607222143,
    "c_npmi": 0.013535838907696452,
    "u_mass": -2.326940625624811
  },
  "perplexity": 2230.9544558246726,
  "topic_diversity": {
    "unique_word_ratio": 0.7333333333333333,
    "avg_pairwise_jaccard": 0.07546576986232158
  },
  "topic_size_proxy": {
    "counts_estimated": [
      141865.72437278117,
      233340.27767001843,
      73643.42096745403,
      93021.22180440689,
      127649.04078856032,
      10608.901513258365,
      114140.13582435889,
      46082.277059161854
    ],
    "proportions": [
      0.16881722562688825,
      0.27767001844469563,
      0.08763412070367504,
      0.1106932957828418,
      0.15189967143319913,
      0.012624369475681428,
      0.13582435889807817,
      0.05483693963494046
    ],
    "entropy_bits": 2.7193580296762154,
    "gini": 0.330393586005831
  }
}