{
  "num_docs": 840351,
  "num_topics": 20,
  "vocab_size": 18814,
  "engine": "lda_multicore",
  "coherence": {
    "c_v": 0.6238387450717955,
    "c_npmi": 0.03132831104895328,
    "u_mass": -2.5454285673937447
  },
  "perplexity": 2371.8219850742234,
  "topic_diversity": {
    "unique_word_ratio": 0.67,
    "avg_pairwise_jaccard": 0.04900570391495981
  },
  "topic_size_proxy": {
    "counts_estimated": [
      78046.75954066758,
      74858.97796949683,
      34856.7081454156,
      33547.817698974635,
      54021.17539517264,
      65374.52223874973,
      37746.711584458855,
      38603.379270542035,
      47690.05675016362,
      33803.37355863628,
      41255.60464885663,
      25734.475067928044,
      29038.923444596498,
      49696.72580472422,
      40167.82557664465,
      9658.900382777018,
      25670.030546795977,
      8186.676408639257,
      65480.07791991432,
      46912.27804684556
    ],
    "proportions": [
      0.09287400091231829,
      0.08908060794774664,
      0.04147874893397592,
      0.03992119685580744,
      0.06428406153520688,
      0.07779430528285172,
      0.044917792189762204,
      0.04593720870272307,
      0.056750163622300225,
      0.040225302949168006,
      0.04909330107164343,
      0.030623483601409464,
      0.034555707608602236,
      0.05913805755538367,
      0.04779886687425213,
      0.011493888128623656,
      0.030546795977866366,
      0.009741972590785585,
      0.0779199143214137,
      0.055824623338159365
    ],
    "entropy_bits": 4.171278389693557,
    "gini": 0.24620277265425122
  }
}