{
  "num_docs": 840350,
  "num_topics": 4,
  "vocab_size": 19171,
  "engine": "lda_multicore",
  "coherence": {
    "c_v": 0.6504377108366208,
    "c_npmi": 0.010857608432990584,
    "u_mass": -2.160270502469501
  },
  "perplexity": 2502.4352892874235,
  "topic_diversity": {
    "unique_word_ratio": 0.7166666666666667,
    "avg_pairwise_jaccard": 0.14546861184792217
  },
  "topic_size_proxy": {
    "counts_estimated": [
      255822.22222222225,
      298636.6666666667,
      105693.33333333334,
      180197.77777777778
    ],
    "proportions": [
      0.3044234214579904,
      0.35537176969913326,
      0.12577299141230835,
      0.21443181743056794
    ],
    "entropy_bits": 1.9053132301308324,
    "gini": 0.19469698472197416
  }
}