{
  "num_docs": 1816827,
  "num_topics": 6,
  "vocab_size": 23846,
  "engine": "lda_multicore",
  "coherence": {
    "c_v": 0.5910718927804571,
    "c_npmi": 0.030154734439157366,
    "u_mass": -2.91651508722547
  },
  "perplexity": 3953.7575760455943,
  "topic_diversity": {
    "unique_word_ratio": 0.9777777777777777,
    "avg_pairwise_jaccard": 0.004597701149425287
  },
  "topic_size_proxy": {
    "counts_estimated": [
      443982.30367967597,
      381856.7367259398,
      190973.36837122604,
      211427.81656844902,
      371122.29031204595,
      217464.4843426634
    ],
    "proportions": [
      0.244372361088687,
      0.2101778192012447,
      0.10511367806138176,
      0.11637201371866943,
      0.2042694710679916,
      0.11969465686202561
    ],
    "entropy_bits": 2.5071267308303886,
    "gini": 0.177047607631703
  }
}