{
  "num_docs": 840351,
  "num_topics": 10,
  "vocab_size": 18814,
  "engine": "lda_multicore",
  "coherence": {
    "c_v": 0.5910258245100763,
    "c_npmi": 0.01191691646291164,
    "u_mass": -2.4655475098861217
  },
  "perplexity": 2386.2725871407833,
  "topic_diversity": {
    "unique_word_ratio": 0.7466666666666667,
    "avg_pairwise_jaccard": 0.06442175534129556
  },
  "topic_size_proxy": {
    "counts_estimated": [
      79172.31643561214,
      162480.19334800975,
      77837.87040320502,
      83450.09930386148,
      50532.28235457448,
      80610.09592431724,
      82302.32016025069,
      12320.014660558101,
      135676.82811923602,
      75968.97929037503
    ],
    "proportions": [
      0.09421338992351071,
      0.19334800975783897,
      0.09262542723600617,
      0.09930386148628548,
      0.06013235226063215,
      0.09592431724876538,
      0.09793802846697473,
      0.014660558100791338,
      0.16145256936593877,
      0.09040148615325624
    ],
    "entropy_bits": 3.1523707424354934,
    "gini": 0.23795891923338813
  }
}