{
  "num_docs": 832259,
  "num_topics": 19,
  "vocab_size": 19115,
  "engine": "lda_multicore",
  "coherence": {
    "c_v": 0.5525818063187108,
    "c_npmi": -0.021887535500633735,
    "u_mass": -3.063102219156151
  },
  "perplexity": 4104.243712389445,
  "topic_diversity": {
    "unique_word_ratio": 0.8947368421052632,
    "avg_pairwise_jaccard": 0.007115489874110565
  },
  "topic_size_proxy": {
    "counts_estimated": [
      112681.1261546554,
      75671.12121361808,
      27666.6703603179,
      77448.89922873891,
      57963.34107175518,
      64667.78641127961,
      15836.668780948236,
      31712.226455977237,
      37377.78276791543,
      20902.225012783147,
      51228.89572822559,
      42710.00570201847,
      23413.33645914132,
      44870.00599039027,
      22923.33639372364,
      25096.670017208853,
      2281.111415651914,
      39117.78300021494,
      58690.00783543582
    ],
    "proportions": [
      0.13539189862128906,
      0.09092256282433485,
      0.033242861128948926,
      0.09305865028643598,
      0.06964579664714372,
      0.07770151648859264,
      0.019028534123329683,
      0.038103795159892824,
      0.04491123889067638,
      0.025115048335654106,
      0.06155403032977185,
      0.051318166222315977,
      0.028132271875871962,
      0.053913512488768855,
      0.027543512769130335,
      0.030154879691548973,
      0.00274086722480852,
      0.04700193449420787,
      0.07051892239727757
    ],
    "entropy_bits": 3.999206420176443,
    "gini": 0.3200586974349453
  }
}