{
  "num_docs": 833042,
  "num_topics": 11,
  "vocab_size": 19110,
  "engine": "lda_multicore",
  "coherence": {
    "c_v": 0.5727690371938385,
    "c_npmi": -0.012790091277815075,
    "u_mass": -3.328122426447562
  },
  "perplexity": 3622.3774033986765,
  "topic_diversity": {
    "unique_word_ratio": 0.896969696969697,
    "avg_pairwise_jaccard": 0.011558939145146042
  },
  "topic_size_proxy": {
    "counts_estimated": [
      78971.19537651203,
      122443.46398537086,
      68255.62838702105,
      75662.30295690356,
      117383.4585861442,
      94701.21216106448,
      89656.76233399179,
      37820.040355484656,
      76587.85950006469,
      63331.178687993255,
      8228.89766944942
    ],
    "proportions": [
      0.09479857603399591,
      0.14698354222880822,
      0.08193539867980372,
      0.09082651649845212,
      0.14090941223389,
      0.11368119753993734,
      0.10762574075975977,
      0.04539992023869704,
      0.09193757277551995,
      0.07602399241333961,
      0.009878130597796292
    ],
    "entropy_bits": 3.3074880750357165,
    "gini": 0.22470716094746912
  }
}