{
  "num_docs": 830137,
  "num_topics": 4,
  "vocab_size": 18764,
  "engine": "lda_multicore",
  "coherence": {
    "c_v": 0.5246909867581886,
    "c_npmi": -0.008362966260741001,
    "u_mass": -2.8972254895692764
  },
  "perplexity": 3334.0876244151495,
  "topic_diversity": {
    "unique_word_ratio": 1.0,
    "avg_pairwise_jaccard": 0.0
  },
  "topic_size_proxy": {
    "counts_estimated": [
      403683.4954284636,
      147508.94811965365,
      201098.9696381988,
      77845.58681368396
    ],
    "proportions": [
      0.48628539075895133,
      0.1776922943076307,
      0.24224792972509207,
      0.09377438520832579
    ],
    "entropy_bits": 1.7644162801676857,
    "gini": 0.3105221630173346
  }
}