{
  "num_docs": 833042,
  "num_topics": 11,
  "vocab_size": 19110,
  "engine": "lda_multicore",
  "coherence": {
    "c_v": 0.5627260111154869,
    "c_npmi": -0.00949784991908529,
    "u_mass": -3.3026268128982537
  },
  "perplexity": 3943.074903146806,
  "topic_diversity": {
    "unique_word_ratio": 0.9030303030303031,
    "avg_pairwise_jaccard": 0.010792655620241825
  },
  "topic_size_proxy": {
    "counts_estimated": [
      71244.52046517645,
      126371.24595424796,
      79961.19643288247,
      78955.63980435806,
      103585.666085574,
      93337.8773729988,
      90857.87472673751,
      38360.040931686715,
      75612.3029035515,
      61861.177119443215,
      12894.458203343305
    ],
    "proportions": [
      0.08552332351211157,
      0.15169852895081876,
      0.0959869927721321,
      0.09477990281925527,
      0.12434627075894614,
      0.1120446236480259,
      0.10906757969794742,
      0.04604814755040768,
      0.0907664954510715,
      0.07425937362034953,
      0.015478761218934106
    ],
    "entropy_bits": 3.3296434841884746,
    "gini": 0.210901107503516
  }
}