{
  "num_docs": 830137,
  "num_topics": 6,
  "vocab_size": 18764,
  "engine": "lda_multicore",
  "coherence": {
    "c_v": 0.5009223390129002,
    "c_npmi": 0.004953819381749287,
    "u_mass": -2.9107521816079767
  },
  "perplexity": 3258.7510054203567,
  "topic_diversity": {
    "unique_word_ratio": 0.9333333333333333,
    "avg_pairwise_jaccard": 0.013957307060755339
  },
  "topic_size_proxy": {
    "counts_estimated": [
      241927.87492153235,
      83570.03355672359,
      118040.04739781804,
      109103.37714271947,
      155450.06241944098,
      122045.6045617656
    ],
    "proportions": [
      0.29143126366073596,
      0.10067017077509326,
      0.14219345408988882,
      0.13142815841568256,
      0.187258322926747,
      0.14701863013185246
    ],
    "entropy_bits": 2.4959852058730125,
    "gini": 0.1876868556672283
  }
}