{
  "num_docs": 840349,
  "num_topics": 14,
  "vocab_size": 19150,
  "engine": "lda_multicore",
  "coherence": {
    "c_v": 0.653003536773925,
    "c_npmi": 0.01908181575973337,
    "u_mass": -2.4519458023058704
  },
  "perplexity": 2624.196424015079,
  "topic_diversity": {
    "unique_word_ratio": 0.6904761904761905,
    "avg_pairwise_jaccard": 0.058126366917575695
  },
  "topic_size_proxy": {
    "counts_estimated": [
      165534.46633144436,
      84653.3445262153,
      93958.90131215342,
      46493.33948069188,
      65830.00870405677,
      70580.00933210281,
      69785.56478261674,
      45567.78380275917,
      24518.89213078166,
      61106.674746203294,
      30121.11509373091,
      30472.22625126601,
      43045.56124704819,
      8681.112258929492
    ],
    "proportions": [
      0.19698299912470218,
      0.10073593771898973,
      0.11180938075984315,
      0.055326226937488926,
      0.07833651102584376,
      0.083988925234757,
      0.08304355069455278,
      0.05422483254309718,
      0.02917703493522532,
      0.07271582966862969,
      0.0358435781963576,
      0.03626139407706323,
      0.05122343365321811,
      0.010330365430231359
    ],
    "entropy_bits": 3.550984122462775,
    "gini": 0.32159922994946555
  }
}