{
  "num_docs": 840351,
  "num_topics": 11,
  "vocab_size": 18814,
  "engine": "lda_multicore",
  "coherence": {
    "c_v": 0.6121301083747892,
    "c_npmi": 0.01634644295652588,
    "u_mass": -2.437823089885229
  },
  "perplexity": 2207.3286456058995,
  "topic_diversity": {
    "unique_word_ratio": 0.6909090909090909,
    "avg_pairwise_jaccard": 0.07476811710694768
  },
  "topic_size_proxy": {
    "counts_estimated": [
      128634.59751690763,
      20443.3576604986,
      95091.22426766624,
      66981.19081731817,
      103280.12290117213,
      39814.49182285159,
      108024.57299141231,
      90237.88515896154,
      62490.07436187303,
      110064.57541897225,
      15288.907082366473
    ],
    "proportions": [
      0.1530724631932462,
      0.024327165268439737,
      0.11315655513906242,
      0.07970620706980557,
      0.12290117213065985,
      0.04737840714517099,
      0.12854696786391914,
      0.1073811837660234,
      0.07436187302909501,
      0.13097452780918004,
      0.01819347758539762
    ],
    "entropy_bits": 3.2658393080689736,
    "gini": 0.2681852739328791
  }
}