{
  "num_docs": 1823544,
  "num_topics": 13,
  "vocab_size": 24043,
  "engine": "lda_multicore",
  "coherence": {
    "c_v": 0.5799528876086735,
    "c_npmi": -0.006634610527468058,
    "u_mass": -3.1369175792015387
  },
  "perplexity": 3710.02667606411,
  "topic_diversity": {
    "unique_word_ratio": 0.8974358974358975,
    "avg_pairwise_jaccard": 0.009757483895414929
  },
  "topic_size_proxy": {
    "counts_estimated": [
      341083.458029514,
      186515.62374351767,
      156657.8350500765,
      115735.59786715607,
      166435.61640249845,
      136477.82767249842,
      157486.72424199773,
      51927.796761981714,
      90154.47740388219,
      27410.010020783713,
      81861.14103860068,
      158194.502278531,
      153603.38948896198
    ],
    "proportions": [
      0.18704427095234005,
      0.10228194315219027,
      0.0859084480824573,
      0.06346740076858912,
      0.09127041431547495,
      0.07484208095472246,
      0.08636299658357448,
      0.028476305897736337,
      0.049439156611456696,
      0.015031175568444586,
      0.044891234342906275,
      0.0867511298211236,
      0.08423344294898395
    ],
    "entropy_bits": 3.505117791472447,
    "gini": 0.270064147208096
  }
}