{
  "num_docs": 1978351,
  "num_topics": 13,
  "vocab_size": 23896,
  "engine": "lda_multicore",
  "coherence": {
    "c_v": 0.6634063934411986,
    "c_npmi": 0.03617462821951775,
    "u_mass": -2.553941398941011
  },
  "perplexity": 2201.89437239679,
  "topic_diversity": {
    "unique_word_ratio": 0.717948717948718,
    "avg_pairwise_jaccard": 0.0517985477534549
  },
  "topic_size_proxy": {
    "counts_estimated": [
      183927.8707480701,
      214704.55297147174,
      156681.19030898364,
      270432.35891806585,
      120028.9495600992,
      161266.7481824079,
      218128.99914687604,
      147652.29685624666,
      131856.7333164843,
      58731.14079802754,
      103030.0520787525,
      113602.2796449342,
      98307.82746958043
    ],
    "proportions": [
      0.09297029230306962,
      0.1085270272926653,
      0.07919787252564567,
      0.13669584361827897,
      0.06067121029589753,
      0.08151574123217158,
      0.11025798715540165,
      0.07463402442551734,
      0.06664981760895022,
      0.02968691642586555,
      0.05207875249576667,
      0.057422711968166514,
      0.04969180265260331
    ],
    "entropy_bits": 3.603772740820508,
    "gini": 0.20485499117692627
  }
}