{
  "num_docs": 830137,
  "num_topics": 11,
  "vocab_size": 18764,
  "engine": "lda_multicore",
  "coherence": {
    "c_v": 0.5698346762030085,
    "c_npmi": 0.014833891538908977,
    "u_mass": -2.892077853378041
  },
  "perplexity": 3419.880992450259,
  "topic_diversity": {
    "unique_word_ratio": 0.896969696969697,
    "avg_pairwise_jaccard": 0.011464397671294223
  },
  "topic_size_proxy": {
    "counts_estimated": [
      137466.72186507442,
      90598.9252679947,
      66056.693191081,
      93110.03738741814,
      97482.26136526382,
      58270.02339775379,
      53052.24352482791,
      92126.70365923684,
      53996.68834850487,
      75360.03026007766,
      12616.671732766894
    ],
    "proportions": [
      0.1655952232764886,
      0.1091373174162755,
      0.07957324295999454,
      0.11216225440790874,
      0.11742912478935866,
      0.07019326135054067,
      0.06390781705288152,
      0.1109777104974683,
      0.06504551459398251,
      0.09078023297368706,
      0.015198300681413904
    ],
    "entropy_bits": 3.3228842240864993,
    "gini": 0.22155509747512656
  }
}