{
  "num_docs": 1978350,
  "num_topics": 4,
  "vocab_size": 24098,
  "engine": "lda_multicore",
  "coherence": {
    "c_v": 0.6504389759654139,
    "c_npmi": 0.017359563260997916,
    "u_mass": -2.3747525018356033
  },
  "perplexity": 2915.9701654988407,
  "topic_diversity": {
    "unique_word_ratio": 0.75,
    "avg_pairwise_jaccard": 0.13630268199233717
  },
  "topic_size_proxy": {
    "counts_estimated": [
      582316.6666666667,
      537997.7777777778,
      493227.7777777778,
      364807.7777777778
    ],
    "proportions": [
      0.2943446137774745,
      0.2719426682729435,
      0.24931269885398327,
      0.18440001909559875
    ],
    "entropy_bits": 1.9796102326403124,
    "gini": 0.08811593836614695
  }
}