{
  "num_docs": 840343,
  "num_topics": 8,
  "vocab_size": 19171,
  "engine": "lda_multicore",
  "coherence": {
    "c_v": 0.5905711714520674,
    "c_npmi": -0.005580337459618208,
    "u_mass": -2.516658765363383
  },
  "perplexity": 2454.870131324489,
  "topic_diversity": {
    "unique_word_ratio": 0.6833333333333333,
    "avg_pairwise_jaccard": 0.10881671932218091
  },
  "topic_size_proxy": {
    "counts_estimated": [
      254894.68036170446,
      129041.23054496315,
      73415.6235052386,
      70912.28785494798,
      126621.22830513494,
      87312.30303394912,
      11705.566389619044,
      86440.08000444263
    ],
    "proportions": [
      0.30332219148812395,
      0.1535578097812003,
      0.087363878208349,
      0.0843849331224845,
      0.15067803064360025,
      0.10390079174093096,
      0.013929510199548335,
      0.1028628548157629
    ],
    "entropy_bits": 2.719597885023574,
    "gini": 0.3203241933180663
  }
}