{
  "num_docs": 1816827,
  "num_topics": 10,
  "vocab_size": 23846,
  "engine": "lda_multicore",
  "coherence": {
    "c_v": 0.5832081457342635,
    "c_npmi": 0.0032676668875332624,
    "u_mass": -3.031019413141233
  },
  "perplexity": 4017.3093090941297,
  "topic_diversity": {
    "unique_word_ratio": 0.9333333333333333,
    "avg_pairwise_jaccard": 0.007717569786535304
  },
  "topic_size_proxy": {
    "counts_estimated": [
      411675.63108570257,
      173434.47626447582,
      72373.34661167457,
      281036.7182284863,
      203808.926281722,
      48307.78664080962,
      171653.3648265841,
      163343.36330194774,
      127885.57901872863,
      163307.8077398688
    ],
    "proportions": [
      0.22659044096422087,
      0.09546009403453151,
      0.03983502370433429,
      0.15468545889536334,
      0.11217849926367342,
      0.02658909551696976,
      0.09447975224200436,
      0.08990584315509827,
      0.07038951921054047,
      0.08988627301326366
    ],
    "entropy_bits": 3.119718836476033,
    "gini": 0.2834205427778837
  }
}