{
  "num_docs": 1821554,
  "num_topics": 16,
  "vocab_size": 24040,
  "engine": "lda_multicore",
  "coherence": {
    "c_v": 0.5692553546528997,
    "c_npmi": -0.03099816469616491,
    "u_mass": -3.2763048755229263
  },
  "perplexity": 3850.574622357136,
  "topic_diversity": {
    "unique_word_ratio": 0.8958333333333334,
    "avg_pairwise_jaccard": 0.00751231527093596
  },
  "topic_size_proxy": {
    "counts_estimated": [
      261094.54000187875,
      175574.50870258475,
      98432.25824723465,
      166948.94999017933,
      35480.01298525435,
      146654.4981182117,
      129656.71411945116,
      71945.58188676575,
      164395.61572235663,
      37508.90261669223,
      49705.57374719257,
      130790.0478675709,
      111146.70734501323,
      18503.340105331346,
      92617.8116747733,
      131098.93686950943
    ],
    "proportions": [
      0.14333615144095577,
      0.0963872104272422,
      0.05403751865013865,
      0.09165193564954942,
      0.01947788151504394,
      0.08051065086086479,
      0.07117917674658625,
      0.03949681529439465,
      0.0902502015983916,
      0.02059170500390997,
      0.027287455517208146,
      0.0718013563515388,
      0.06101751984569946,
      0.010157997020857656,
      0.05084549328473013,
      0.07197093079288862
    ],
    "entropy_bits": 3.777614605856564,
    "gini": 0.300124878156494
  }
}