{
  "num_docs": 1821451,
  "num_topics": 18,
  "vocab_size": 24140,
  "engine": "lda_multicore",
  "coherence": {
    "c_v": 0.5590169351151093,
    "c_npmi": -0.016260965479351422,
    "u_mass": -3.2808674486428973
  },
  "perplexity": 4004.2534839581826,
  "topic_diversity": {
    "unique_word_ratio": 0.8740740740740741,
    "avg_pairwise_jaccard": 0.009304871373836891
  },
  "topic_size_proxy": {
    "counts_estimated": [
      208589.0034069316,
      125865.62465740053,
      151875.63893723252,
      118146.73153074016,
      125070.06866507452,
      100600.05523072276,
      40891.13356086878,
      78312.26521666194,
      136442.29713079627,
      43823.357392919555,
      73184.48462366674,
      150502.30484992114,
      106096.72491513171,
      73193.37351743574,
      105982.28040785575,
      19502.232929198653,
      45215.580379490086,
      118157.84264795142
    ],
    "proportions": [
      0.11451804270712285,
      0.06910184498918749,
      0.08338167699116393,
      0.0648640734945602,
      0.06866507452853496,
      0.05523072277581048,
      0.022449757671696238,
      0.04299443971683122,
      0.07490857406034875,
      0.02405958622709014,
      0.04017922229237391,
      0.08262769893338946,
      0.05824846505073797,
      0.04018410240925271,
      0.058185633545923425,
      0.01070697643208555,
      0.024823934533232072,
      0.0648701736406587
    ],
    "entropy_bits": 4.008953173225812,
    "gini": 0.25494974326857356
  }
}