{
  "num_docs": 840351,
  "num_topics": 7,
  "vocab_size": 18814,
  "engine": "lda_multicore",
  "coherence": {
    "c_v": 0.6286379871541639,
    "c_npmi": 0.02240721206437556,
    "u_mass": -2.2202957168876503
  },
  "perplexity": 2386.5570161083733,
  "topic_diversity": {
    "unique_word_ratio": 0.7238095238095238,
    "avg_pairwise_jaccard": 0.10973566068875557
  },
  "topic_size_proxy": {
    "counts_estimated": [
      249996.9641577914,
      110126.7977152377,
      75653.42335931456,
      66307.8566827314,
      119989.03167331072,
      114983.47016124234,
      103293.45625037186
    ],
    "proportions": [
      0.2974911247297753,
      0.1310485710319113,
      0.09002598123797623,
      0.07890495362382077,
      0.1427844218348175,
      0.13682790900616806,
      0.12291703853553082
    ],
    "entropy_bits": 2.6716608265341235,
    "gini": 0.22148178999490956
  }
}