{
  "num_docs": 840349,
  "num_topics": 9,
  "vocab_size": 19147,
  "engine": "lda_multicore",
  "coherence": {
    "c_v": 0.6446587477092712,
    "c_npmi": 0.009749198537922629,
    "u_mass": -2.51872305209861
  },
  "perplexity": 2473.090487856216,
  "topic_diversity": {
    "unique_word_ratio": 0.7037037037037037,
    "avg_pairwise_jaccard": 0.08070584162538186
  },
  "topic_size_proxy": {
    "counts_estimated": [
      190955.58080374025,
      139314.4628646303,
      101501.1245316099,
      54931.118374114456,
      92290.01220260368,
      57927.78543700103,
      101244.4578310067,
      6281.111941600975,
      95903.34601369273
    ],
    "proportions": [
      0.22723366220908248,
      0.16578167269150115,
      0.12078448898208946,
      0.06536703009596544,
      0.10982343312433725,
      0.06893300930565875,
      0.12047906028448502,
      0.00747440877730678,
      0.11412323452957371
    ],
    "entropy_bits": 2.9351160272236134,
    "gini": 0.2876976728948265
  }
}