{
  "num_docs": 1978350,
  "num_topics": 19,
  "vocab_size": 24140,
  "engine": "lda_multicore",
  "coherence": {
    "c_v": 0.5956877690155329,
    "c_npmi": -0.004392154186478535,
    "u_mass": -2.864802040941319
  },
  "perplexity": 3033.7022024688135,
  "topic_diversity": {
    "unique_word_ratio": 0.7087719298245614,
    "avg_pairwise_jaccard": 0.040123005031340336
  },
  "topic_size_proxy": {
    "counts_estimated": [
      206495.55555555556,
      176177.77777777778,
      164780.0,
      111587.77777777778,
      141145.55555555556,
      184871.11111111112,
      79061.11111111111,
      90930.0,
      36234.444444444445,
      24363.333333333336,
      59621.11111111112,
      150026.6666666667,
      101573.33333333334,
      11072.222222222223,
      61338.88888888889,
      87406.66666666667,
      96675.55555555556,
      45983.333333333336,
      149005.55555555556
    ],
    "proportions": [
      0.10437766601236159,
      0.08905288638399564,
      0.08329163191548512,
      0.05640446724683589,
      0.07134508835926684,
      0.09344712063644509,
      0.0399631567271267,
      0.04596254454469634,
      0.01831548737303533,
      0.012314976284951266,
      0.030136786266894693,
      0.0758342389701856,
      0.05134244867355794,
      0.005596695338146548,
      0.031005074374548938,
      0.04418159914406787,
      0.048866760459754625,
      0.023243275119838924,
      0.0753180961688051
    ],
    "entropy_bits": 4.019048018495031,
    "gini": 0.3077103800689243
  }
}