{
  "num_docs": 1978350,
  "num_topics": 20,
  "vocab_size": 24148,
  "engine": "lda_multicore",
  "coherence": {
    "c_v": 0.6095959094266883,
    "c_npmi": -0.010308859786601576,
    "u_mass": -2.9341433902370477
  },
  "perplexity": 2638.16485913085,
  "topic_diversity": {
    "unique_word_ratio": 0.71,
    "avg_pairwise_jaccard": 0.03447111368164
  },
  "topic_size_proxy": {
    "counts_estimated": [
      349554.44444444444,
      159192.22222222222,
      97501.11111111111,
      44694.444444444445,
      106913.33333333334,
      124224.44444444445,
      11731.111111111111,
      33406.66666666667,
      54785.555555555555,
      174457.77777777778,
      128843.33333333334,
      85614.44444444445,
      100441.11111111111,
      46487.77777777778,
      67851.11111111111,
      86573.33333333334,
      113583.33333333334,
      58325.555555555555,
      85033.33333333334,
      49135.555555555555
    ],
    "proportions": [
      0.1766898902845525,
      0.08046716820695136,
      0.0492840554558653,
      0.02259177822146963,
      0.05404166771973278,
      0.06279194502714103,
      0.005929745045674987,
      0.016886125643423393,
      0.027692549627495414,
      0.08818347500582696,
      0.06512666279138339,
      0.043275681474180226,
      0.05077014234645594,
      0.023498257526614493,
      0.03429681861708551,
      0.043760372701156694,
      0.057413164168793863,
      0.02948191955698211,
      0.04298194623465683,
      0.024836634344557615
    ],
    "entropy_bits": 4.022421885708176,
    "gini": 0.34122338199902835
  }
}