{
  "num_docs": 840351,
  "num_topics": 14,
  "vocab_size": 18814,
  "engine": "lda_multicore",
  "coherence": {
    "c_v": 0.6310834518977586,
    "c_npmi": -0.0007629722863097458,
    "u_mass": -2.770068469730024
  },
  "perplexity": 2271.147096922032,
  "topic_diversity": {
    "unique_word_ratio": 0.7238095238095238,
    "avg_pairwise_jaccard": 0.04631242825634641
  },
  "topic_size_proxy": {
    "counts_estimated": [
      132070.15716070685,
      131783.49015291248,
      44533.3863271256,
      11323.34680787767,
      61294.517383629835,
      62988.9638444299,
      28575.589559905595,
      52254.50662620733,
      45294.49834394399,
      65386.74447551615,
      79245.6498562107,
      10447.790210428195,
      56872.289899049996,
      58280.06935205569
    ],
    "proportions": [
      0.15716070684833702,
      0.1568195791436108,
      0.05299379226909423,
      0.013474544336685112,
      0.07293918539232992,
      0.0749555410113511,
      0.03400435003933547,
      0.06218176288980121,
      0.053899499547146366,
      0.0778088494873168,
      0.09430065515030114,
      0.01243265041682368,
      0.06767682777678613,
      0.0693520556910811
    ],
    "entropy_bits": 3.561400262365463,
    "gini": 0.30813285469678636
  }
}