{
  "num_docs": 1978351,
  "num_topics": 7,
  "vocab_size": 23896,
  "engine": "lda_multicore",
  "coherence": {
    "c_v": 0.6588737710043934,
    "c_npmi": 0.03398430748166311,
    "u_mass": -2.4291796784668245
  },
  "perplexity": 2525.3036181762286,
  "topic_diversity": {
    "unique_word_ratio": 0.7047619047619048,
    "avg_pairwise_jaccard": 0.09012382436027758
  },
  "topic_size_proxy": {
    "counts_estimated": [
      364173.5174126587,
      391691.30909989524,
      484413.5781905797,
      188033.42837886792,
      179718.97973170684,
      217588.99887392131,
      152731.1883123703
    ],
    "proportions": [
      0.18407932536372903,
      0.19798878414391338,
      0.2448572463584974,
      0.0950455345784787,
      0.09084281794873954,
      0.10998503242039522,
      0.07720125918624667
    ],
    "entropy_bits": 2.6817073238468967,
    "gini": 0.23036962419781443
  }
}