{
  "num_docs": 1978351,
  "num_topics": 13,
  "vocab_size": 23896,
  "engine": "lda_multicore",
  "coherence": {
    "c_v": 0.6614221432907452,
    "c_npmi": 0.03541561301252943,
    "u_mass": -2.5345809566297315
  },
  "perplexity": 2205.988947495865,
  "topic_diversity": {
    "unique_word_ratio": 0.7230769230769231,
    "avg_pairwise_jaccard": 0.052740640340109834
  },
  "topic_size_proxy": {
    "counts_estimated": [
      187283.42799976413,
      213677.8857858541,
      157662.30191601868,
      274883.4722790878,
      120036.72734180841,
      161257.85928902592,
      215648.99789330616,
      144890.07323779917,
      130132.28800038192,
      59237.80772079988,
      104548.94173539679,
      113647.8352235168,
      95443.38157724029
    ],
    "proportions": [
      0.09466643077985865,
      0.10800807631499876,
      0.07969379645776643,
      0.1389457544586819,
      0.06067514174269804,
      0.08151124815011386,
      0.109004417261298,
      0.07323779917608107,
      0.06577815968975269,
      0.029943022103155546,
      0.052846507892379456,
      0.057445739013712326,
      0.048243906959503285
    ],
    "entropy_bits": 3.60184136322354,
    "gini": 0.20703309910982975
  }
}