{
  "num_docs": 1821551,
  "num_topics": 11,
  "vocab_size": 24135,
  "engine": "lda_multicore",
  "coherence": {
    "c_v": 0.5812768308969571,
    "c_npmi": 0.006365641803849993,
    "u_mass": -3.048352489161012
  },
  "perplexity": 3713.946080348451,
  "topic_diversity": {
    "unique_word_ratio": 0.8727272727272727,
    "avg_pairwise_jaccard": 0.016574613126337262
  },
  "topic_size_proxy": {
    "counts_estimated": [
      385850.211825094,
      216366.78544829035,
      95001.16326510694,
      179315.6539967488,
      236996.79677380982,
      165121.2017597955,
      83883.37938385806,
      104446.724006112,
      159245.6429786598,
      107575.61461270772,
      87747.82594981685
    ],
    "proportions": [
      0.21182509401334035,
      0.11878162370874623,
      0.05215399583382895,
      0.09844119324506909,
      0.13010714318391847,
      0.09064868442321711,
      0.04605052473625942,
      0.05733944534416661,
      0.08742310425492333,
      0.05905715218114,
      0.048172039075390624
    ],
    "entropy_bits": 3.2878150266603314,
    "gini": 0.2673256680887545
  }
}