{
  "num_docs": 840344,
  "num_topics": 20,
  "vocab_size": 19169,
  "engine": "lda_multicore",
  "coherence": {
    "c_v": 0.603616537968011,
    "c_npmi": 0.009699893506672295,
    "u_mass": -2.6358797076249703
  },
  "perplexity": 2798.8090809436726,
  "topic_diversity": {
    "unique_word_ratio": 0.6666666666666666,
    "avg_pairwise_jaccard": 0.05071020832363844
  },
  "topic_size_proxy": {
    "counts_estimated": [
      85765.62359564674,
      45845.591926051384,
      68694.49894157017,
      47323.37087618949,
      28952.24519078842,
      41535.58850681401,
      6477.7829167707905,
      47146.70406936847,
      58841.157791326026,
      64190.05092363041,
      31905.580867079458,
      26040.020658223028,
      66271.1636857422,
      31873.358619294493,
      11610.009210521095,
      55420.043966156685,
      24241.130342227843,
      30424.4685809636,
      41956.69995200374,
      25828.90937963187
    ],
    "proportions": [
      0.10206013679593923,
      0.05455574375023965,
      0.08174568860082321,
      0.056314284240965004,
      0.034452849298368796,
      0.04942688768743993,
      0.007708489519495339,
      0.05610405270861513,
      0.07002032238146048,
      0.0763854456313491,
      0.03796728585802893,
      0.030987334541834097,
      0.0788619466382127,
      0.03792894174206574,
      0.013815781644803909,
      0.06594923503488653,
      0.02884667510237218,
      0.036204778734617735,
      0.04992800561675189,
      0.030736114471730476
    ],
    "entropy_bits": 4.152921611150058,
    "gini": 0.26429495087325405
  }
}