{
  "num_docs": 1978351,
  "num_topics": 17,
  "vocab_size": 23896,
  "engine": "lda_multicore",
  "coherence": {
    "c_v": 0.6152647623382803,
    "c_npmi": 0.02288742244178091,
    "u_mass": -2.6632812606442005
  },
  "perplexity": 2605.9624210282805,
  "topic_diversity": {
    "unique_word_ratio": 0.7058823529411765,
    "avg_pairwise_jaccard": 0.04661624154524763
  },
  "topic_size_proxy": {
    "counts_estimated": [
      231125.6723829903,
      96525.60434649525,
      55970.02829125281,
      144330.07295473502,
      64828.92165805961,
      138091.18091226416,
      172733.4206451504,
      120135.61628068284,
      154027.85563446532,
      127385.6199453529,
      53511.1381594651,
      100613.38419052915,
      137187.84712232134,
      159494.52506437743,
      41454.465398494256,
      107910.05454545455,
      73025.59246790956
    ],
    "proportions": [
      0.11682743475904443,
      0.04879093970003061,
      0.028291252811686506,
      0.07295473500644477,
      0.03276917071746096,
      0.06980115303718307,
      0.08731181708662943,
      0.060725127280590166,
      0.07785668753141647,
      0.06438979733391743,
      0.02704835398746992,
      0.05085719581132425,
      0.06934454357306734,
      0.0806199329969138,
      0.020954049811430963,
      0.05454545454545455,
      0.036912354009935325
    ],
    "entropy_bits": 3.960031335472944,
    "gini": 0.2332070810312483
  }
}