{
  "num_docs": 840351,
  "num_topics": 18,
  "vocab_size": 18814,
  "engine": "lda_multicore",
  "coherence": {
    "c_v": 0.5978864071883103,
    "c_npmi": 0.00950294993779998,
    "u_mass": -2.663124049768167
  },
  "perplexity": 2355.8099388564065,
  "topic_diversity": {
    "unique_word_ratio": 0.7296296296296296,
    "avg_pairwise_jaccard": 0.03744447774197605
  },
  "topic_size_proxy": {
    "counts_estimated": [
      31910.037972273458,
      66483.41244719461,
      66766.74611768905,
      60492.29420677892,
      78337.8709981952,
      13217.793506673806,
      77622.31459114258,
      25927.80863132425,
      15858.907760655282,
      60076.738156720414,
      47072.27823724242,
      44182.27479819916,
      28190.0335455465,
      50643.39359790563,
      39216.71333372999,
      37908.933999722336,
      66120.07868150175,
      30323.36941750461
    ],
    "proportions": [
      0.03797227345748795,
      0.0791138612879554,
      0.07945102239146387,
      0.0719845566992589,
      0.09322041741866816,
      0.015728896028771082,
      0.09236892035725855,
      0.030853546472038765,
      0.01887176639363228,
      0.0714900537474465,
      0.0560150201966112,
      0.05257597694082492,
      0.03354554649848278,
      0.060264572301223694,
      0.04666706332678844,
      0.04511083344902587,
      0.07868150175522103,
      0.03608417127784058
    ],
    "entropy_bits": 4.032460839749041,
    "gini": 0.2416900806321881
  }
}