{
  "num_docs": 1978351,
  "num_topics": 6,
  "vocab_size": 23896,
  "engine": "lda_multicore",
  "coherence": {
    "c_v": 0.6352569834298701,
    "c_npmi": 0.01837024151411251,
    "u_mass": -2.4467514288765337
  },
  "perplexity": 2576.8234155992614,
  "topic_diversity": {
    "unique_word_ratio": 0.7333333333333333,
    "avg_pairwise_jaccard": 0.09692662826096111
  },
  "topic_size_proxy": {
    "counts_estimated": [
      364324.6286001522,
      465164.67957192165,
      222096.77893025332,
      314542.3812144239,
      288742.36817325326,
      323480.16350999573
    ],
    "proportions": [
      0.18415570775871026,
      0.23512747716250637,
      0.1122635866589161,
      0.15899220169445358,
      0.14595103102192344,
      0.16350999570349029
    ],
    "entropy_bits": 2.548985143110145,
    "gini": 0.12224187945622485
  }
}