{
  "num_docs": 833092,
  "num_topics": 10,
  "vocab_size": 19096,
  "engine": "lda_multicore",
  "coherence": {
    "c_v": 0.5611898851070316,
    "c_npmi": -0.010766235673770986,
    "u_mass": -3.1430690219377087
  },
  "perplexity": 3608.1713459473845,
  "topic_diversity": {
    "unique_word_ratio": 0.9133333333333333,
    "avg_pairwise_jaccard": 0.01083743842364532
  },
  "topic_size_proxy": {
    "counts_estimated": [
      176950.188801545,
      116645.68001365731,
      86714.53696674501,
      75780.080855502,
      73234.52258389772,
      92133.43163746264,
      4435.560288190434,
      91136.76390737576,
      48750.052015119065,
      67311.18293050514
    ],
    "proportions": [
      0.21240173810520924,
      0.1400153644659381,
      0.10408758812561518,
      0.09096243974915375,
      0.0879068849345543,
      0.11059214545027755,
      0.005324214238271924,
      0.10939579771186825,
      0.05851700894393303,
      0.08079681827517865
    ],
    "entropy_bits": 3.108247731945078,
    "gini": 0.2660754726040368
  }
}