{
  "num_docs": 1978350,
  "num_topics": 13,
  "vocab_size": 24093,
  "engine": "lda_multicore",
  "coherence": {
    "c_v": 0.6278235869683353,
    "c_npmi": 0.012837696680493872,
    "u_mass": -2.6043554791673595
  },
  "perplexity": 2938.8795738902804,
  "topic_diversity": {
    "unique_word_ratio": 0.6717948717948717,
    "avg_pairwise_jaccard": 0.06620293450532176
  },
  "topic_size_proxy": {
    "counts_estimated": [
      366722.22222222225,
      193502.22222222222,
      78026.66666666667,
      128025.55555555556,
      209225.55555555556,
      87900.0,
      108365.55555555556,
      120277.77777777778,
      225943.33333333334,
      140094.44444444444,
      60823.333333333336,
      108725.55555555556,
      150717.77777777778
    ],
    "proportions": [
      0.18536771664378007,
      0.09780990331449048,
      0.03944027430265963,
      0.06471329924207322,
      0.10575760383933863,
      0.04443096519827129,
      0.05477572500091267,
      0.060797016593513685,
      0.11420796791939412,
      0.07081378140594155,
      0.030744475615201224,
      0.054957694824250294,
      0.07618357610017328
    ],
    "entropy_bits": 3.5312907794853303,
    "gini": 0.2659162355576034
  }
}