{
  "num_docs": 840350,
  "num_topics": 15,
  "vocab_size": 19171,
  "engine": "lda_multicore",
  "coherence": {
    "c_v": 0.5754249432693263,
    "c_npmi": -0.008314803806070737,
    "u_mass": -2.6731899812859368
  },
  "perplexity": 2714.3516990028766,
  "topic_diversity": {
    "unique_word_ratio": 0.6488888888888888,
    "avg_pairwise_jaccard": 0.07102050840967096
  },
  "topic_size_proxy": {
    "counts_estimated": [
      47562.222222222226,
      62886.66666666667,
      56151.11111111112,
      90243.33333333334,
      83151.11111111111,
      50877.77777777778,
      89971.11111111111,
      75798.88888888889,
      25032.222222222223,
      67742.22222222222,
      19030.0,
      30700.0,
      61722.222222222226,
      42698.88888888889,
      36782.222222222226
    ],
    "proportions": [
      0.05659811057561994,
      0.07483389857400685,
      0.06681871971334695,
      0.10738779476805299,
      0.09894818957709418,
      0.06054355658687187,
      0.10706385566860367,
      0.09019918949115116,
      0.029787852944870852,
      0.0806119143478577,
      0.022645326352115188,
      0.03653239721544594,
      0.07344823254860738,
      0.05081083939892769,
      0.043770122237427524
    ],
    "entropy_bits": 3.7889572052184297,
    "gini": 0.22579040038431966
  }
}