{
  "num_docs": 1816827,
  "num_topics": 16,
  "vocab_size": 23846,
  "engine": "lda_multicore",
  "coherence": {
    "c_v": 0.6034428192376409,
    "c_npmi": 0.0026227466657682517,
    "u_mass": -3.1445760768907554
  },
  "perplexity": 3388.5243697492588,
  "topic_diversity": {
    "unique_word_ratio": 0.9166666666666666,
    "avg_pairwise_jaccard": 0.006691297208538588
  },
  "topic_size_proxy": {
    "counts_estimated": [
      297343.3878869384,
      224367.81894255188,
      153221.13922260058,
      32267.78369794954,
      131570.0241391584,
      98506.68473969266,
      76918.90300120357,
      140036.69235920507,
      74635.5692489469,
      92725.57256792064,
      102140.01873963395,
      120316.6887411751,
      73063.34673826893,
      96797.79553727379,
      30782.22786983899,
      72133.34656764175
    ],
    "proportions": [
      0.1636608151942581,
      0.12349432221260023,
      0.08433446840155974,
      0.017760515281834505,
      0.07241747515815121,
      0.05421907795276746,
      0.04233694402450181,
      0.07707761518251603,
      0.04108017397856091,
      0.05103709520384749,
      0.056218901821490946,
      0.06622352526749938,
      0.04021480676931206,
      0.05327848801084186,
      0.0169428502933075,
      0.039702925246950724
    ],
    "entropy_bits": 3.7819671952811316,
    "gini": 0.2970813273937952
  }
}