{
  "num_docs": 840351,
  "num_topics": 15,
  "vocab_size": 18814,
  "engine": "lda_multicore",
  "coherence": {
    "c_v": 0.5963670168410927,
    "c_npmi": 0.0026394167512306358,
    "u_mass": -2.663130079997155
  },
  "perplexity": 2231.565944116614,
  "topic_diversity": {
    "unique_word_ratio": 0.72,
    "avg_pairwise_jaccard": 0.04974322885652934
  },
  "topic_size_proxy": {
    "counts_estimated": [
      164515.75132583646,
      57260.06813827572,
      101074.56472104877,
      15793.352127089902,
      76183.42399000416,
      38703.379389540074,
      44831.16445925309,
      60628.96103607624,
      39661.1583070546,
      74470.0886178378,
      47558.94548303286,
      3212.2260447035956,
      30918.92568175958,
      75354.53411475377,
      10184.456563733365
    ],
    "proportions": [
      0.19577028090147627,
      0.06813827571845066,
      0.12027660432491755,
      0.018793756569683268,
      0.09065667083159795,
      0.04605620673925548,
      0.05334814197787959,
      0.07214718734918653,
      0.04719594348915465,
      0.08861783780567621,
      0.056594143974402204,
      0.003822481373501782,
      0.0367928706954113,
      0.08967030932878498,
      0.012119288920621701
    ],
    "entropy_bits": 3.5650121810579303,
    "gini": 0.3674373772832749
  }
}