{
  "num_docs": 1978351,
  "num_topics": 16,
  "vocab_size": 24090,
  "engine": "lda_multicore",
  "coherence": {
    "c_v": 0.6473132742630019,
    "c_npmi": 0.030319522508283882,
    "u_mass": -2.6786689218077235
  },
  "perplexity": 2926.727461248473,
  "topic_diversity": {
    "unique_word_ratio": 0.7083333333333334,
    "avg_pairwise_jaccard": 0.046464429567877844
  },
  "topic_size_proxy": {
    "counts_estimated": [
      307116.8219054599,
      168162.30722347187,
      187637.8726233702,
      40891.13178041185,
      143376.7391395186,
      85461.15430928693,
      70691.14684346945,
      149887.85354181234,
      173852.31009960602,
      111246.72289871189,
      102440.05178052418,
      155317.85628652383,
      46596.69021996445,
      75235.59358500209,
      106914.49848667381,
      53522.24927619256
    ],
    "proportions": [
      0.15523879327048634,
      0.08500124963844731,
      0.0948455924269102,
      0.020669300736023008,
      0.07247285195575437,
      0.04319817580868457,
      0.035732358334526815,
      0.07576403456303372,
      0.08787738379064484,
      0.05623204522287091,
      0.05178052417418556,
      0.07850874606504298,
      0.02355329778182155,
      0.038029446536535776,
      0.05404222935498999,
      0.027053970340042064
    ],
    "entropy_bits": 3.8078150760108143,
    "gini": 0.28551693611118123
  }
}