{
  "num_docs": 830137,
  "num_topics": 20,
  "vocab_size": 18764,
  "engine": "lda_multicore",
  "coherence": {
    "c_v": 0.5768029471307705,
    "c_npmi": -0.008923138564605875,
    "u_mass": -3.2002419653086194
  },
  "perplexity": 3475.3696357596,
  "topic_diversity": {
    "unique_word_ratio": 0.86,
    "avg_pairwise_jaccard": 0.008426238008815142
  },
  "topic_size_proxy": {
    "counts_estimated": [
      73621.14067295479,
      126352.27295773254,
      30318.90106314489,
      10143.337406290531,
      59094.46817324591,
      31366.67926164768,
      25616.676952790905,
      84868.92296716872,
      8177.781061485191,
      28234.455781711982,
      62455.58063397861,
      59538.91279615271,
      7577.780820561005,
      51728.909660122896,
      34590.013889279275,
      31546.679333924938,
      45502.24049319858,
      16974.451260368107,
      17774.45158160035,
      24653.34323264041
    ],
    "proportions": [
      0.0886855310303658,
      0.152206530919273,
      0.036522768004732815,
      0.012218871591424705,
      0.07118640438053707,
      0.037784943041507216,
      0.030858372717745264,
      0.10223483951103096,
      0.009851122238239217,
      0.03401180260813815,
      0.07523526915916119,
      0.07172179145870224,
      0.009128349682716232,
      0.0623137020276447,
      0.041667837825900146,
      0.038001774808164114,
      0.05481292906255061,
      0.020447770982823445,
      0.021411467723520754,
      0.029697921225822252
    ],
    "entropy_bits": 3.9970717025645572,
    "gini": 0.37074504465797486
  }
}