{
  "num_docs": 1978351,
  "num_topics": 10,
  "vocab_size": 24091,
  "engine": "lda_multicore",
  "coherence": {
    "c_v": 0.6557863481817466,
    "c_npmi": 0.029943221932141488,
    "u_mass": -2.5344378331031074
  },
  "perplexity": 2450.7852218109165,
  "topic_diversity": {
    "unique_word_ratio": 0.7,
    "avg_pairwise_jaccard": 0.07012719932260163
  },
  "topic_size_proxy": {
    "counts_estimated": [
      445938.00318671844,
      190535.65186589272,
      138606.73672841847,
      81410.04115045366,
      242349.0113894014,
      230092.3385273362,
      208496.7720558378,
      148532.29730106177,
      143662.29483941445,
      148727.85295546515
    ],
    "proportions": [
      0.22540894067165956,
      0.09631033717772665,
      0.07006175179653078,
      0.04115045366087901,
      0.1225005124921722,
      0.11630511396983456,
      0.10538917111060564,
      0.07507883954923153,
      0.0726171922168586,
      0.07517768735450137
    ],
    "entropy_bits": 3.1778479379164244,
    "gini": 0.23559009612387438
  }
}