{
  "num_docs": 1978351,
  "num_topics": 7,
  "vocab_size": 23896,
  "engine": "lda_multicore",
  "coherence": {
    "c_v": 0.6655404505610194,
    "c_npmi": 0.035410123419273645,
    "u_mass": -2.4105136848574418
  },
  "perplexity": 2068.3822978003013,
  "topic_diversity": {
    "unique_word_ratio": 0.7142857142857143,
    "avg_pairwise_jaccard": 0.08792602216247539
  },
  "topic_size_proxy": {
    "counts_estimated": [
      379367.9695374653,
      388075.75171677856,
      485284.6897420129,
      184142.31530091012,
      175245.64413722997,
      212825.66313285762,
      153408.9664327456
    ],
    "proportions": [
      0.1917596875061429,
      0.19616122301693611,
      0.2452975684001539,
      0.0930786879077121,
      0.08858167440319234,
      0.10757730207271492,
      0.07754385669314778
    ],
    "entropy_bits": 2.6758284576978055,
    "gini": 0.23345749484198194
  }
}