{
  "num_docs": 832296,
  "num_topics": 6,
  "vocab_size": 19100,
  "engine": "lda_multicore",
  "coherence": {
    "c_v": 0.5764854179102253,
    "c_npmi": 0.027925795633756408,
    "u_mass": -2.9144864412335405
  },
  "perplexity": 3514.0601419879504,
  "topic_diversity": {
    "unique_word_ratio": 0.9111111111111111,
    "avg_pairwise_jaccard": 0.01890166028097063
  },
  "topic_size_proxy": {
    "counts_estimated": [
      221703.4517225451,
      189117.87876635703,
      73353.37250389151,
      108963.39151957237,
      125556.73371371815,
      113601.17177391578
    ],
    "proportions": [
      0.26637572657149033,
      0.2272243033324166,
      0.08813375590401915,
      0.1309190378417923,
      0.15085586583825725,
      0.1364913105120243
    ],
    "entropy_bits": 2.490789900098186,
    "gini": 0.19908170085591026
  }
}