{
  "num_docs": 833164,
  "num_topics": 12,
  "vocab_size": 19108,
  "engine": "lda_multicore",
  "coherence": {
    "c_v": 0.561835938855663,
    "c_npmi": 0.02471348694174186,
    "u_mass": -3.0345623442037315
  },
  "perplexity": 3720.5397492254983,
  "topic_diversity": {
    "unique_word_ratio": 0.8944444444444445,
    "avg_pairwise_jaccard": 0.011083743842364532
  },
  "topic_size_proxy": {
    "counts_estimated": [
      157444.5704257002,
      105061.19517714948,
      91818.9623589879,
      57061.15676931427,
      55281.15534502372,
      51630.04131242773,
      35640.028517817635,
      79714.50822901205,
      31254.469453101767,
      59894.492369776766,
      36367.80687793643,
      71995.61316375207
    ],
    "proportions": [
      0.18897188359758726,
      0.12609905754107173,
      0.11020514851696413,
      0.06848730474350101,
      0.0663508689105911,
      0.06196864160288699,
      0.04277672645219625,
      0.09567685141102118,
      0.03751298598247376,
      0.07188799848502428,
      0.04365023798188164,
      0.08641229477480072
    ],
    "entropy_bits": 3.4264427371124104,
    "gini": 0.25949660397387736
  }
}