{
  "num_docs": 1978346,
  "num_topics": 9,
  "vocab_size": 24121,
  "engine": "lda_multicore",
  "coherence": {
    "c_v": 0.6390881703231618,
    "c_npmi": 0.017915399878426417,
    "u_mass": -2.6092557324633177
  },
  "perplexity": 2918.2251896324765,
  "topic_diversity": {
    "unique_word_ratio": 0.762962962962963,
    "avg_pairwise_jaccard": 0.05539942177873213
  },
  "topic_size_proxy": {
    "counts_estimated": [
      345557.85540892475,
      282262.285633731,
      182453.37432231533,
      235133.38615712005,
      333283.4082069698,
      64755.57010318948,
      126430.02840308203,
      262988.9479705545,
      145481.14379411304
    ],
    "proportions": [
      0.17467008066785322,
      0.14267589472909745,
      0.09222520950446247,
      0.11885352014112802,
      0.16846568204296405,
      0.032732176324661855,
      0.06390693458226318,
      0.13293374767131458,
      0.07353675433625516
    ],
    "entropy_bits": 3.03465024418085,
    "gini": 0.23564770637942337
  }
}