{
  "num_docs": 1978351,
  "num_topics": 13,
  "vocab_size": 23896,
  "engine": "lda_multicore",
  "coherence": {
    "c_v": 0.6641973845102102,
    "c_npmi": 0.03565541690269384,
    "u_mass": -2.536347549580081
  },
  "perplexity": 2272.759504679734,
  "topic_diversity": {
    "unique_word_ratio": 0.7282051282051282,
    "avg_pairwise_jaccard": 0.05088123145152322
  },
  "topic_size_proxy": {
    "counts_estimated": [
      185171.20470987327,
      215012.33090482248,
      164552.30539871892,
      276889.028848395,
      122712.28424978166,
      132112.28900121595,
      218404.55484171715,
      146640.0741223747,
      132682.28928933482,
      64404.476999070495,
      104465.6083599408,
      115093.39150975982,
      100211.16176499496
    ],
    "proportions": [
      0.0935987621558931,
      0.10868260025891387,
      0.08317649668775609,
      0.13995950609795482,
      0.06202755944207154,
      0.06677899371810966,
      0.11039727269919099,
      0.07412237470619457,
      0.0670671126050609,
      0.03255462604920487,
      0.05280438524808834,
      0.05817642648334893,
      0.05065388384821246
    ],
    "entropy_bits": 3.6051122317221305,
    "gini": 0.20347189955196632
  }
}