{
  "num_docs": 1816827,
  "num_topics": 12,
  "vocab_size": 23846,
  "engine": "lda_multicore",
  "coherence": {
    "c_v": 0.5580441090810379,
    "c_npmi": 0.00904411955837062,
    "u_mass": -3.0529841976767043
  },
  "perplexity": 3451.099779442249,
  "topic_diversity": {
    "unique_word_ratio": 0.9222222222222223,
    "avg_pairwise_jaccard": 0.007389162561576355
  },
  "topic_size_proxy": {
    "counts_estimated": [
      261106.71457192762,
      218236.7067065653,
      185800.03408874082,
      134188.91350853504,
      44286.67479194493,
      147924.47158415406,
      138755.5810130484,
      146906.69361964453,
      174283.3653091104,
      79405.57012409916,
      182975.58912609532,
      102956.68555613451
    ],
    "proportions": [
      0.14371578283013606,
      0.12011969587999588,
      0.10226622242444702,
      0.07385893841765619,
      0.02437583478886263,
      0.08141912883513622,
      0.07637247850953799,
      0.08085893352512072,
      0.09592733117083266,
      0.04370563081905936,
      0.10071161928246074,
      0.056668403516754486
    ],
    "entropy_bits": 3.475563840573688,
    "gini": 0.20942824199785046
  }
}