{
  "num_docs": 830137,
  "num_topics": 5,
  "vocab_size": 18764,
  "engine": "lda_multicore",
  "coherence": {
    "c_v": 0.5823497970915444,
    "c_npmi": 0.01888380805275311,
    "u_mass": -2.7262431860031557
  },
  "perplexity": 3242.143999486434,
  "topic_diversity": {
    "unique_word_ratio": 0.96,
    "avg_pairwise_jaccard": 0.010591133004926107
  },
  "topic_size_proxy": {
    "counts_estimated": [
      241648.9859206583,
      247196.76592609248,
      136940.05498692987,
      104080.04179231533,
      100271.15137400401
    ],
    "proportions": [
      0.2910953082691873,
      0.29777827747238406,
      0.1649607895888629,
      0.12537694596472068,
      0.12078867870484511
    ],
    "entropy_bits": 2.211490958256338,
    "gini": 0.20787902393581775
  }
}