{
  "num_docs": 833042,
  "num_topics": 11,
  "vocab_size": 19110,
  "engine": "lda_multicore",
  "coherence": {
    "c_v": 0.5766618424111131,
    "c_npmi": -0.014302686481032455,
    "u_mass": -3.320604120658082
  },
  "perplexity": 3706.8789280978244,
  "topic_diversity": {
    "unique_word_ratio": 0.8787878787878788,
    "avg_pairwise_jaccard": 0.014828083793601034
  },
  "topic_size_proxy": {
    "counts_estimated": [
      74731.19085225886,
      123279.02043249834,
      82197.86548616382,
      78950.08424287451,
      112104.56406446527,
      92207.87616724265,
      90622.31891983455,
      37915.596013001894,
      78495.63931351928,
      49801.16425093066,
      12736.680257210195
    ],
    "proportions": [
      0.0897087912161198,
      0.14798656062059096,
      0.09867193429162494,
      0.09477323381399078,
      0.13457252343155,
      0.11068814797722401,
      0.10878481387473207,
      0.04551462712924666,
      0.09422770918335363,
      0.05978229699214525,
      0.015289361469421944
    ],
    "entropy_bits": 3.320030801402037,
    "gini": 0.2209148007901437
  }
}