{
  "num_docs": 840351,
  "num_topics": 13,
  "vocab_size": 18814,
  "engine": "lda_multicore",
  "coherence": {
    "c_v": 0.6206880165477043,
    "c_npmi": 0.03169181674173511,
    "u_mass": -2.3999457834765345
  },
  "perplexity": 2358.636816134573,
  "topic_diversity": {
    "unique_word_ratio": 0.717948717948718,
    "avg_pairwise_jaccard": 0.0587805479715294
  },
  "topic_size_proxy": {
    "counts_estimated": [
      88151.21600920252,
      38636.71264354138,
      104339.01305011801,
      100740.119878622,
      38671.15712897404,
      40093.38104361278,
      55806.73307550425,
      86010.10235021122,
      79795.65051069991,
      72817.86442950358,
      18618.91104500109,
      55731.17743003907,
      60938.96140497015
    ],
    "proportions": [
      0.10489809140371405,
      0.04597687471490053,
      0.12416122911749733,
      0.11987862200273694,
      0.046017862927483916,
      0.04771027944705578,
      0.06640883758751312,
      0.10235021122151483,
      0.0949551443512293,
      0.0866517258020798,
      0.02215611220192644,
      0.06631892795991087,
      0.07251608126243693
    ],
    "entropy_bits": 3.580452057670145,
    "gini": 0.22438391817817058
  }
}