{
  "num_docs": 1978350,
  "num_topics": 14,
  "vocab_size": 24151,
  "engine": "lda_multicore",
  "coherence": {
    "c_v": 0.6597788287622862,
    "c_npmi": 0.026096810520184064,
    "u_mass": -2.5633786419138054
  },
  "perplexity": 2563.6769937348195,
  "topic_diversity": {
    "unique_word_ratio": 0.6952380952380952,
    "avg_pairwise_jaccard": 0.06030385765133774
  },
  "topic_size_proxy": {
    "counts_estimated": [
      403701.1111111111,
      192221.11111111112,
      153305.55555555556,
      125377.77777777778,
      89228.88888888889,
      198388.8888888889,
      132462.22222222222,
      90156.66666666667,
      135798.8888888889,
      142323.33333333334,
      60024.444444444445,
      139138.8888888889,
      32320.0,
      83902.22222222222
    ],
    "proportions": [
      0.20405949963914932,
      0.09716233786292168,
      0.07749162461422678,
      0.06337492242413009,
      0.04510268096590031,
      0.10027997517572163,
      0.06695590882413234,
      0.04557164640567476,
      0.06864249950154871,
      0.07194042173191464,
      0.0303406598652637,
      0.07033077508473672,
      0.016336846361867212,
      0.04241020154281205
    ],
    "entropy_bits": 3.582565649262011,
    "gini": 0.29168691562352944
  }
}