{
  "num_docs": 832097,
  "num_topics": 20,
  "vocab_size": 19119,
  "engine": "lda_multicore",
  "coherence": {
    "c_v": 0.5417675064706686,
    "c_npmi": -0.027672420245718487,
    "u_mass": -3.2745500060934916
  },
  "perplexity": 4048.185617373349,
  "topic_diversity": {
    "unique_word_ratio": 0.8966666666666666,
    "avg_pairwise_jaccard": 0.006766917293233082
  },
  "topic_size_proxy": {
    "counts_estimated": [
      97654.48356427606,
      80961.1435436855,
      41368.90546103752,
      38195.57085648436,
      64523.35918102464,
      81426.69928574003,
      41054.46089062836,
      19997.78578877721,
      26647.788452730518,
      48803.35288367938,
      37591.126169902804,
      21665.564234657566,
      36725.57026761047,
      67675.5826660097,
      2030.000813206799,
      42700.01710538439,
      2382.2231765273,
      26017.788200355997,
      29878.900858206915,
      24796.676600074512
    ],
    "proportions": [
      0.11735949482365164,
      0.0972977231544946,
      0.049716445872341225,
      0.045902786401686775,
      0.0775430739216998,
      0.09785722011465013,
      0.04933855174412161,
      0.02403299830281471,
      0.03202485822293617,
      0.058651038140600645,
      0.045176375073943065,
      0.026037306028813427,
      0.044136164735133605,
      0.08133136240848085,
      0.0024396203966686562,
      0.051316153171306216,
      0.0028629152328722494,
      0.031267734651556245,
      0.0359079540705073,
      0.029800223531721074
    ],
    "entropy_bits": 4.042698985948715,
    "gini": 0.33041052922537045
  }
}