{
  "num_docs": 832097,
  "num_topics": 20,
  "vocab_size": 19119,
  "engine": "lda_multicore",
  "coherence": {
    "c_v": 0.5397325106082077,
    "c_npmi": -0.029437947940300514,
    "u_mass": -3.2881376802015856
  },
  "perplexity": 3833.0228279709636,
  "topic_diversity": {
    "unique_word_ratio": 0.89,
    "avg_pairwise_jaccard": 0.007116930256676173
  },
  "topic_size_proxy": {
    "counts_estimated": [
      103117.81908619058,
      79028.92054742572,
      39481.12692702637,
      41810.016748855305,
      62421.136116663794,
      83165.58887121822,
      41722.23893591423,
      19752.230134853457,
      27963.344535290373,
      48280.019340701605,
      36184.45893973323,
      23175.564839555234,
      33386.68004118111,
      68216.69399388693,
      1906.6674304668127,
      39776.68260097985,
      2428.889861888376,
      26567.788420682962,
      29718.900794111796,
      23992.231833374062
    ],
    "proportions": [
      0.1239252383870998,
      0.09497561047260804,
      0.047447745788082855,
      0.050246565903801256,
      0.07501665805388531,
      0.09994698799685402,
      0.05014107602348553,
      0.023737893700918833,
      0.0336058711127313,
      0.05802210480352845,
      0.04348586635901011,
      0.02785199903323199,
      0.04012354333831406,
      0.08198166078460437,
      0.002291400438250364,
      0.04780293956231047,
      0.002918998460381874,
      0.031928715547205395,
      0.03571566871904574,
      0.028833455514650413
    ],
    "entropy_bits": 4.03598005408311,
    "gini": 0.33456188984452934
  }
}