{
  "num_docs": 1821840,
  "num_topics": 15,
  "vocab_size": 24049,
  "engine": "lda_multicore",
  "coherence": {
    "c_v": 0.575392190946104,
    "c_npmi": 0.00034894233792308907,
    "u_mass": -3.101415091385463
  },
  "perplexity": 3851.4006301100244,
  "topic_diversity": {
    "unique_word_ratio": 0.9066666666666666,
    "avg_pairwise_jaccard": 0.00734485365027237
  },
  "topic_size_proxy": {
    "counts_estimated": [
      221710.0,
      205545.55555555556,
      157410.0,
      163071.11111111112,
      116494.44444444445,
      123065.55555555556,
      36247.77777777778,
      163306.6666666667,
      86453.33333333334,
      139378.8888888889,
      89293.33333333334,
      98706.66666666667,
      131457.77777777778,
      22461.111111111113,
      67237.77777777778
    ],
    "proportions": [
      0.12169564835550872,
      0.11282305556775324,
      0.08640165986036095,
      0.08950901896495363,
      0.06394329054387018,
      0.06755014466449061,
      0.019896246529759902,
      0.08963831437813786,
      0.047453856174709826,
      0.07650446191152291,
      0.04901271974121402,
      0.05417965719638754,
      0.07215659870119098,
      0.012328805554335789,
      0.036906521855803905
    ],
    "entropy_bits": 3.74351983314551,
    "gini": 0.2560050807405131
  }
}