{
  "num_docs": 830137,
  "num_topics": 9,
  "vocab_size": 18764,
  "engine": "lda_multicore",
  "coherence": {
    "c_v": 0.586610159487136,
    "c_npmi": 0.0037283356166576903,
    "u_mass": -2.80887762674685
  },
  "perplexity": 3216.576375745193,
  "topic_diversity": {
    "unique_word_ratio": 0.9333333333333333,
    "avg_pairwise_jaccard": 0.008689107827038862
  },
  "topic_size_proxy": {
    "counts_estimated": [
      208627.86155024005,
      136971.16611053335,
      52417.798825628444,
      107981.1544698798,
      10841.115464254213,
      58003.356624009706,
      58625.57909607923,
      106083.37593006775,
      90585.5919293075
    ],
    "proportions": [
      0.2513173868292102,
      0.16499826668433445,
      0.06314355199880073,
      0.1300763060433155,
      0.01305942930414403,
      0.06987202910364157,
      0.07062157101307281,
      0.1277902032195502,
      0.10912125580393055
    ],
    "entropy_bits": 2.912113246308649,
    "gini": 0.3191495911650424
  }
}