{
  "num_docs": 840345,
  "num_topics": 6,
  "vocab_size": 19150,
  "engine": "lda_multicore",
  "coherence": {
    "c_v": 0.6452019932714483,
    "c_npmi": 0.025211321315439322,
    "u_mass": -2.275389623088934
  },
  "perplexity": 2726.6077200594327,
  "topic_diversity": {
    "unique_word_ratio": 0.7,
    "avg_pairwise_jaccard": 0.12247671036276735
  },
  "topic_size_proxy": {
    "counts_estimated": [
      298226.86382567993,
      110771.18434239928,
      125752.30535759147,
      107894.51577395512,
      71847.82527667226,
      125852.30542370192
    ],
    "proportions": [
      0.3548862239028969,
      0.1318163187052928,
      0.14964366463487194,
      0.12839311922359878,
      0.0854980100752337,
      0.1497626634581058
    ],
    "entropy_bits": 2.419637227808332,
    "gini": 0.2381461746285695
  }
}