{
  "num_docs": 830137,
  "num_topics": 15,
  "vocab_size": 18764,
  "engine": "lda_multicore",
  "coherence": {
    "c_v": 0.6062943634664802,
    "c_npmi": 0.017559657925195562,
    "u_mass": -2.8231842150971143
  },
  "perplexity": 3345.562252352384,
  "topic_diversity": {
    "unique_word_ratio": 0.8666666666666667,
    "avg_pairwise_jaccard": 0.011356113326556677
  },
  "topic_size_proxy": {
    "counts_estimated": [
      150811.17166785122,
      97677.81699934282,
      80766.69909773892,
      30851.123499075788,
      40488.90514680983,
      57586.68979003457,
      47116.685585907544,
      45774.462824728995,
      8670.003481354475,
      70604.47279497486,
      28246.67800884192,
      67991.13841228285,
      53714.46601295905,
      7158.8917634713425,
      42677.79491462584
    ],
    "proportions": [
      0.18167022029839805,
      0.11766469510375135,
      0.09729321677956644,
      0.03716389403083563,
      0.04877376282084746,
      0.06937010371786173,
      0.05675772262398563,
      0.0551408536479268,
      0.010444063427307153,
      0.08505159123731973,
      0.0340265257527877,
      0.08190351521770849,
      0.06470554379934765,
      0.008623747361545558,
      0.05141054418081094
    ],
    "entropy_bits": 3.6265049793484825,
    "gini": 0.33432085479900914
  }
}