{
  "num_docs": 832977,
  "num_topics": 5,
  "vocab_size": 19107,
  "engine": "lda_multicore",
  "coherence": {
    "c_v": 0.5793713974620054,
    "c_npmi": 0.029895086637883133,
    "u_mass": -2.8283646935036253
  },
  "perplexity": 3887.4771180816165,
  "topic_diversity": {
    "unique_word_ratio": 0.9733333333333334,
    "avg_pairwise_jaccard": 0.006896551724137931
  },
  "topic_size_proxy": {
    "counts_estimated": [
      319280.12776668416,
      127623.38440452515,
      99022.26184807098,
      166093.39979911403,
      120957.82618160573
    ],
    "proportions": [
      0.3833000524224368,
      0.1532135754102756,
      0.11887754625646443,
      0.19939734206240273,
      0.14521148384842048
    ],
    "entropy_bits": 2.1782684253807725,
    "gini": 0.23321234821837072
  }
}