{
  "num_docs": 832259,
  "num_topics": 19,
  "vocab_size": 19115,
  "engine": "lda_multicore",
  "coherence": {
    "c_v": 0.5411708339765412,
    "c_npmi": -0.022176756457887553,
    "u_mass": -3.108777032146319
  },
  "perplexity": 3947.749679320521,
  "topic_diversity": {
    "unique_word_ratio": 0.8701754385964913,
    "avg_pairwise_jaccard": 0.008399030782575851
  },
  "topic_size_proxy": {
    "counts_estimated": [
      111271.12596641268,
      77172.23252513574,
      25722.225656279494,
      77938.8992941566,
      60440.00806907038,
      64965.56422881234,
      15984.446578455154,
      19335.558136957916,
      37557.78279194641,
      20511.113849456564,
      51670.006898227446,
      43313.3391159001,
      24825.55886990293,
      43322.2280059757,
      31855.559808446356,
      26734.448013638917,
      2325.5558660299344,
      38751.11628459627,
      58562.23004059901
    ],
    "proportions": [
      0.13369771425291008,
      0.09272622167514649,
      0.030906515467275804,
      0.0936474093931776,
      0.07262163349278336,
      0.07805931113849456,
      0.019206096393616836,
      0.023232621259677476,
      0.04512751774621411,
      0.02464510909399185,
      0.0620840470313057,
      0.05204310090476654,
      0.02982912635357855,
      0.05205378134207705,
      0.038276017211524724,
      0.03212275026600964,
      0.002794269411361048,
      0.0465613664551495,
      0.07036539111093904
    ],
    "entropy_bits": 3.994820504687932,
    "gini": 0.32386894344546835
  }
}