{
  "num_docs": 840349,
  "num_topics": 11,
  "vocab_size": 19160,
  "engine": "lda_multicore",
  "coherence": {
    "c_v": 0.5911732698947357,
    "c_npmi": 0.010628818055157675,
    "u_mass": -2.5715522430123445
  },
  "perplexity": 2641.1601717260232,
  "topic_diversity": {
    "unique_word_ratio": 0.6909090909090909,
    "avg_pairwise_jaccard": 0.07447468240571689
  },
  "topic_size_proxy": {
    "counts_estimated": [
      78658.89928918412,
      28816.670476812542,
      105956.68067627995,
      104211.12488992666,
      88322.23390020547,
      50428.895556607444,
      57513.34093775866,
      99514.45760226573,
      88952.23398350421,
      66054.45317817731,
      71920.0095092779
    ],
    "proportions": [
      0.09360265709744894,
      0.03429131286740692,
      0.12608651962015777,
      0.12400934003601678,
      0.10510184923193276,
      0.06000946696742359,
      0.06843982790216763,
      0.11842039153050188,
      0.10585153785332548,
      0.07860359586097837,
      0.08558350103263988
    ],
    "entropy_bits": 3.3862040719892508,
    "gini": 0.17071480892856689
  }
}