{
  "num_docs": 1821554,
  "num_topics": 16,
  "vocab_size": 24040,
  "engine": "lda_multicore",
  "coherence": {
    "c_v": 0.5779977076502187,
    "c_npmi": -0.03899681449217165,
    "u_mass": -3.3207050584089215
  },
  "perplexity": 3968.706788594893,
  "topic_diversity": {
    "unique_word_ratio": 0.9083333333333333,
    "avg_pairwise_jaccard": 0.0069376026272578
  },
  "topic_size_proxy": {
    "counts_estimated": [
      260957.87328519372,
      181194.5107594373,
      102664.48201839945,
      169110.06189223117,
      25984.453954439374,
      143061.16346976146,
      140012.2734650158,
      66961.13561807445,
      165035.61595658894,
      39858.90347676403,
      43966.6827579392,
      129084.49168780248,
      117703.37641134125,
      16842.2283862735,
      89120.03261685082,
      129996.7142438871
    ],
    "proportions": [
      0.14326112390035856,
      0.09947248929180101,
      0.056360932488633025,
      0.09283834675899325,
      0.01426499239354934,
      0.07853797552516228,
      0.07686419039183895,
      0.03676044499261315,
      0.09060155008118834,
      0.02188181271417923,
      0.024136908792129794,
      0.0708650370440857,
      0.06461701185435142,
      0.009246076913598772,
      0.048925276229445196,
      0.07136583062807202
    ],
    "entropy_bits": 3.7579040003795146,
    "gini": 0.3112516759200632
  }
}