{
  "num_docs": 1978343,
  "num_topics": 12,
  "vocab_size": 24155,
  "engine": "lda_multicore",
  "coherence": {
    "c_v": 0.6137778609439059,
    "c_npmi": 0.01498196122308644,
    "u_mass": -2.6720454068343003
  },
  "perplexity": 2602.860029856412,
  "topic_diversity": {
    "unique_word_ratio": 0.7444444444444445,
    "avg_pairwise_jaccard": 0.05556282797662108
  },
  "topic_size_proxy": {
    "counts_estimated": [
      327863.4622315653,
      314899.0126901985,
      197046.74413481995,
      137577.83186596184,
      173996.73507279943,
      168622.28851541245,
      170700.0671100607,
      65853.35922332278,
      63495.58051859357,
      88695.59042587846,
      131610.05174197475,
      137982.27646941209
    ],
    "proportions": [
      0.16572629833732844,
      0.159173112392643,
      0.09960191136462179,
      0.06954195094883034,
      0.0879507421477466,
      0.08523410172827081,
      0.0862843637883121,
      0.033287129291191056,
      0.03209533458990356,
      0.04483327230206211,
      0.06652539612290426,
      0.06974638698618596
    ],
    "entropy_bits": 3.418432303726153,
    "gini": 0.2632613838297835
  }
}