{
  "num_docs": 1816827,
  "num_topics": 11,
  "vocab_size": 23846,
  "engine": "lda_multicore",
  "coherence": {
    "c_v": 0.5584918018786396,
    "c_npmi": -0.0040081890222990035,
    "u_mass": -3.082537277743735
  },
  "perplexity": 3313.902959901585,
  "topic_diversity": {
    "unique_word_ratio": 0.9090909090909091,
    "avg_pairwise_jaccard": 0.012419764143902072
  },
  "topic_size_proxy": {
    "counts_estimated": [
      364581.17800083663,
      321491.1700951109,
      165438.91924197503,
      60940.01118066666,
      52864.454143488285,
      133116.69108959212,
      203371.1484236251,
      146821.13804839208,
      89426.68307378434,
      100487.79621427838,
      178287.8104882506
    ],
    "proportions": [
      0.20066917653735697,
      0.17695199933461517,
      0.09105925838947519,
      0.03354199997064479,
      0.029097131506460597,
      0.07326877632795645,
      0.11193754189233487,
      0.08081184287133121,
      0.04922135298175574,
      0.055309501793114245,
      0.09813141839495483
    ],
    "entropy_bits": 3.2313530657853833,
    "gini": 0.31328783720132736
  }
}