{
  "num_docs": 1821447,
  "num_topics": 7,
  "vocab_size": 24087,
  "engine": "lda_multicore",
  "coherence": {
    "c_v": 0.5745289242754217,
    "c_npmi": 0.0038362509144981363,
    "u_mass": -3.074715019993917
  },
  "perplexity": 3628.618265336929,
  "topic_diversity": {
    "unique_word_ratio": 0.9428571428571428,
    "avg_pairwise_jaccard": 0.009852216748768475
  },
  "topic_size_proxy": {
    "counts_estimated": [
      533101.2086711295,
      335767.8392248652,
      157687.80663538506,
      185008.9227463884,
      311287.8347449097,
      236663.37664383987,
      61930.01133348217
    ],
    "proportions": [
      0.29268005529182545,
      0.18434126231774256,
      0.08657282184734723,
      0.10157249853901235,
      0.17090139583798472,
      0.1299315196345762,
      0.03400044653151158
    ],
    "entropy_bits": 2.593235605780471,
    "gini": 0.2974013155773442
  }
}