{
  "num_docs": 840351,
  "num_topics": 9,
  "vocab_size": 18814,
  "engine": "lda_multicore",
  "coherence": {
    "c_v": 0.6578846789308185,
    "c_npmi": 0.027290736301840004,
    "u_mass": -2.3172386718022553
  },
  "perplexity": 2211.1502817758706,
  "topic_diversity": {
    "unique_word_ratio": 0.7333333333333333,
    "avg_pairwise_jaccard": 0.06632767509204292
  },
  "topic_size_proxy": {
    "counts_estimated": [
      247389.18327680926,
      92306.77650978758,
      17526.68752305587,
      61713.40677098828,
      121540.1446302136,
      82990.09875647051,
      64748.96593879534,
      117080.13932290117,
      35055.59727097836
    ],
    "proportions": [
      0.29438792037709155,
      0.10984312092183811,
      0.020856389202911486,
      0.07343765494536007,
      0.14463021360147557,
      0.09875647051823644,
      0.07704990645432128,
      0.13932290117213067,
      0.041715422806634796
    ],
    "entropy_bits": 2.8680805091840496,
    "gini": 0.3483187120005114
  }
}