{
  "num_docs": 830137,
  "num_topics": 4,
  "vocab_size": 18764,
  "engine": "lda_multicore",
  "coherence": {
    "c_v": 0.5267948751181046,
    "c_npmi": 0.0034623343882748056,
    "u_mass": -2.804825371157009
  },
  "perplexity": 3265.3092251375724,
  "topic_diversity": {
    "unique_word_ratio": 0.9833333333333333,
    "avg_pairwise_jaccard": 0.005747126436781609
  },
  "topic_size_proxy": {
    "counts_estimated": [
      407187.94128008373,
      146326.72542272156,
      199911.19138348036,
      76711.14191371434
    ],
    "proportions": [
      0.4905069178702837,
      0.17626816467971138,
      0.2408171077586957,
      0.0924078096913092
    ],
    "entropy_bits": 1.757609266407995,
    "gini": 0.31471156690397695
  }
}