{
  "num_docs": 1816827,
  "num_topics": 15,
  "vocab_size": 23846,
  "engine": "lda_multicore",
  "coherence": {
    "c_v": 0.5801767085962768,
    "c_npmi": -0.007691531398348365,
    "u_mass": -3.131450934491109
  },
  "perplexity": 3978.63790494868,
  "topic_diversity": {
    "unique_word_ratio": 0.9111111111111111,
    "avg_pairwise_jaccard": 0.006990382359840488
  },
  "topic_size_proxy": {
    "counts_estimated": [
      238508.93264813375,
      162057.8075105312,
      235017.8208965082,
      140208.9146130249,
      149164.47181165696,
      28718.894157945724,
      149533.36076822592,
      89044.46078143577,
      108714.46439029224,
      104550.01918179684,
      120590.02212465691,
      65385.567551848646,
      33086.672737080036,
      63771.12281120195,
      128474.46801566101
    ],
    "proportions": [
      0.13127773456038122,
      0.0891982602143909,
      0.12935619125899614,
      0.07717240805702738,
      0.082101637531618,
      0.015807170499968198,
      0.082304677753152,
      0.04901097395703375,
      0.0598375433600955,
      0.05754539049771763,
      0.06637397073285288,
      0.03598887926690248,
      0.0182112401109627,
      0.035100272514225046,
      0.07071364968467608
    ],
    "entropy_bits": 3.7205189166976558,
    "gini": 0.27737585598984954
  }
}