{
  "num_docs": 840351,
  "num_topics": 10,
  "vocab_size": 18814,
  "engine": "lda_multicore",
  "coherence": {
    "c_v": 0.5933704273513443,
    "c_npmi": 0.014966922789292961,
    "u_mass": -2.4238079131997146
  },
  "perplexity": 2236.6270903018444,
  "topic_diversity": {
    "unique_word_ratio": 0.76,
    "avg_pairwise_jaccard": 0.056464195659597954
  },
  "topic_size_proxy": {
    "counts_estimated": [
      90834.55253564983,
      165390.19681085262,
      72933.42012256797,
      83088.98776303524,
      48155.61285972114,
      80716.76271791515,
      86141.21361734197,
      11854.458551000575,
      122603.47922889271,
      78632.31579302275
    ],
    "proportions": [
      0.10809120538400006,
      0.1968108526209318,
      0.08678923464429504,
      0.09887414635436294,
      0.05730416559237884,
      0.09605124848773329,
      0.10250623086941288,
      0.014106556130712733,
      0.14589555938993673,
      0.09357080052623577
    ],
    "entropy_bits": 3.1541837966579287,
    "gini": 0.2400617467589564
  }
}