{
  "num_docs": 1978351,
  "num_topics": 5,
  "vocab_size": 24113,
  "engine": "lda_multicore",
  "coherence": {
    "c_v": 0.6279554308638474,
    "c_npmi": 0.012855954163317845,
    "u_mass": -2.3923539042517277
  },
  "perplexity": 2936.0818670161993,
  "topic_diversity": {
    "unique_word_ratio": 0.7333333333333333,
    "avg_pairwise_jaccard": 0.10378327319856555
  },
  "topic_size_proxy": {
    "counts_estimated": [
      702508.1328756006,
      494610.25001137314,
      341764.61719670997,
      205376.77047876597,
      234091.22943755038
    ],
    "proportions": [
      0.35509782282092545,
      0.25001137311395866,
      0.17275226549621883,
      0.10381209930834619,
      0.11832643926055104
    ],
    "entropy_bits": 2.17163879413688,
    "gini": 0.2537025523514263
  }
}