{
  "num_docs": 832259,
  "num_topics": 19,
  "vocab_size": 19115,
  "engine": "lda_multicore",
  "coherence": {
    "c_v": 0.5428668299156252,
    "c_npmi": -0.0233445886275315,
    "u_mass": -3.1070103711417225
  },
  "perplexity": 3916.7368392583016,
  "topic_diversity": {
    "unique_word_ratio": 0.8701754385964913,
    "avg_pairwise_jaccard": 0.008847149802987673
  },
  "topic_size_proxy": {
    "counts_estimated": [
      111510.01488719456,
      77108.89918334706,
      25701.114542349937,
      77940.01040541605,
      60796.674783354,
      64867.7864379807,
      15795.557664348566,
      18511.113582445632,
      37891.11616978157,
      20784.447219281392,
      52026.67361251106,
      43567.78359431426,
      24832.22553745963,
      42770.005710028796,
      31710.004233458338,
      27267.781418175167,
      2312.2225309165283,
      39220.00523608439,
      57645.56325155233
    ],
    "proportions": [
      0.13398475100562993,
      0.09265012355930914,
      0.030881149428663355,
      0.09364874444784141,
      0.07305018603986739,
      0.077941826328079,
      0.018979137100768588,
      0.022242010699128074,
      0.04552803414535808,
      0.0249735325412899,
      0.06251259957838974,
      0.05234882842277976,
      0.029837136681561426,
      0.05139025917416189,
      0.03810112505056519,
      0.032763576504639985,
      0.0027782487553952894,
      0.04712475952327868,
      0.06926397101329314
    ],
    "entropy_bits": 3.993983763390045,
    "gini": 0.3244298069363396
  }
}