{
  "num_docs": 830137,
  "num_topics": 19,
  "vocab_size": 18764,
  "engine": "lda_multicore",
  "coherence": {
    "c_v": 0.5653019774716285,
    "c_npmi": 0.01253960365702307,
    "u_mass": -2.9502385151398083
  },
  "perplexity": 3490.3485100482903,
  "topic_diversity": {
    "unique_word_ratio": 0.8666666666666667,
    "avg_pairwise_jaccard": 0.009064807612901985
  },
  "topic_size_proxy": {
    "counts_estimated": [
      137746.72197750572,
      16212.228732082936,
      71178.9174700819,
      59502.2461147629,
      24056.676326388024,
      45216.684822980955,
      17092.22908543841,
      51918.90973641556,
      43740.0175633731,
      52728.910061663206,
      73005.58487022886,
      63783.35894491269,
      30815.567929243243,
      30326.67884404576,
      38162.23754589271,
      4832.224162554225,
      35283.34750101389,
      12788.894024143281,
      21745.564287272646
    ],
    "proportions": [
      0.1659325171357327,
      0.01952958214377017,
      0.08574357903584819,
      0.07167762202475364,
      0.02897916407338551,
      0.05446894286482949,
      0.02058964855853722,
      0.06254258000356033,
      0.052690119297625695,
      0.06351832295351637,
      0.08794401992710706,
      0.07683473805517968,
      0.03712106306458241,
      0.03653213727860072,
      0.04597101146665276,
      0.005820996007350866,
      0.04250304166783784,
      0.015405763174202912,
      0.026195151266926602
    ],
    "entropy_bits": 3.9510275011710823,
    "gini": 0.34850120148609376
  }
}