{
  "num_docs": 840351,
  "num_topics": 9,
  "vocab_size": 18814,
  "engine": "lda_multicore",
  "coherence": {
    "c_v": 0.656906953146335,
    "c_npmi": 0.027716233563322208,
    "u_mass": -2.3334773939202766
  },
  "perplexity": 2239.926554921756,
  "topic_diversity": {
    "unique_word_ratio": 0.725925925925926,
    "avg_pairwise_jaccard": 0.06771656398093182
  },
  "topic_size_proxy": {
    "counts_estimated": [
      248144.7397314611,
      91991.22057872711,
      17477.798575990164,
      62452.296539140436,
      121232.3664861863,
      81352.31902976934,
      67207.85775371373,
      116492.36084567937,
      34000.04045933242
    ],
    "proportions": [
      0.29528701665311413,
      0.10946761600655812,
      0.020798212385051206,
      0.0743169182152939,
      0.144263964089037,
      0.09680754711991697,
      0.07997593595261235,
      0.13862345715740135,
      0.04045933242101506
    ],
    "entropy_bits": 2.8668531049911605,
    "gini": 0.3483275266698841
  }
}