{
  "num_docs": 830137,
  "num_topics": 11,
  "vocab_size": 18764,
  "engine": "lda_multicore",
  "coherence": {
    "c_v": 0.6017532653178655,
    "c_npmi": 0.02405766509775745,
    "u_mass": -2.793946033796708
  },
  "perplexity": 3285.4302869271205,
  "topic_diversity": {
    "unique_word_ratio": 0.8666666666666667,
    "avg_pairwise_jaccard": 0.016569637259292433
  },
  "topic_size_proxy": {
    "counts_estimated": [
      156775.61850726051,
      94906.7047755189,
      75404.47472236834,
      94081.1488884695,
      92171.14812152751,
      47957.79703475867,
      57444.467510704395,
      82961.14442334128,
      45871.12953021123,
      70245.58376197761,
      12317.782723862068
    ],
    "proportions": [
      0.18885511488737464,
      0.11432655667139147,
      0.09083377168150358,
      0.11333207517369964,
      0.1110312492052848,
      0.057770942669413204,
      0.06919877985284886,
      0.09993669047800698,
      0.05525730033742771,
      0.08461926617170132,
      0.014838252871347823
    ],
    "entropy_bits": 3.2930839058701498,
    "gini": 0.2494594719890956
  }
}