{
  "num_docs": 830137,
  "num_topics": 7,
  "vocab_size": 18764,
  "engine": "lda_multicore",
  "coherence": {
    "c_v": 0.579548945506404,
    "c_npmi": 0.016184556554500514,
    "u_mass": -2.8077370115683573
  },
  "perplexity": 3222.5333049624655,
  "topic_diversity": {
    "unique_word_ratio": 0.9238095238095239,
    "avg_pairwise_jaccard": 0.01325357729298616
  },
  "topic_size_proxy": {
    "counts_estimated": [
      150865.6161341573,
      219056.7546267482,
      111311.15580700903,
      110902.26675393476,
      19675.563456084205,
      126397.82853158048,
      91927.81469048603
    ],
    "proportions": [
      0.1817358052154732,
      0.26388024461835596,
      0.13408769372646806,
      0.13359513761455608,
      0.02370158595037229,
      0.15226140809478492,
      0.11073812477998936
    ],
    "entropy_bits": 2.6239083241296792,
    "gini": 0.2517707449586135
  }
}