{
  "num_docs": 1821447,
  "num_topics": 7,
  "vocab_size": 24087,
  "engine": "lda_multicore",
  "coherence": {
    "c_v": 0.5760445335089711,
    "c_npmi": 0.0042336885054648785,
    "u_mass": -3.0659087705539294
  },
  "perplexity": 4344.7258113262305,
  "topic_diversity": {
    "unique_word_ratio": 0.9523809523809523,
    "avg_pairwise_jaccard": 0.008210180623973728
  },
  "topic_size_proxy": {
    "counts_estimated": [
      531516.7639367243,
      342756.72939275374,
      139695.58112050127,
      184341.14484640415,
      317266.72472796345,
      238734.48813397408,
      67135.56784167896
    ],
    "proportions": [
      0.29181017286625655,
      0.18817826123557468,
      0.07669483719290283,
      0.1012058790875629,
      0.17418389046069607,
      0.1310685889482231,
      0.036858370208783985
    ],
    "entropy_bits": 2.589504861992277,
    "gini": 0.3030857906945412
  }
}