{
  "num_docs": 1978351,
  "num_topics": 10,
  "vocab_size": 23896,
  "engine": "lda_multicore",
  "coherence": {
    "c_v": 0.6588002749165043,
    "c_npmi": 0.02382818534007388,
    "u_mass": -2.455692055056679
  },
  "perplexity": 2593.3808643649963,
  "topic_diversity": {
    "unique_word_ratio": 0.7466666666666667,
    "avg_pairwise_jaccard": 0.05627384110142731
  },
  "topic_size_proxy": {
    "counts_estimated": [
      346177.9527608585,
      311625.7130734647,
      284289.0325888858,
      181988.98087912766,
      231095.67236782616,
      113597.8351982432,
      176294.53355630254,
      166874.52879475884,
      52406.69315675521,
      114000.0576237774
    ],
    "proportions": [
      0.1749830807378764,
      0.15751790914426445,
      0.1436999969110061,
      0.0919902387792296,
      0.11681227060709963,
      0.057420465427137656,
      0.08911185808600322,
      0.08435031437533523,
      0.0264900885417983,
      0.05762377739024945
    ],
    "entropy_bits": 3.165233567417089,
    "gini": 0.2567764382776893
  }
}