{
  "num_docs": 840350,
  "num_topics": 7,
  "vocab_size": 19158,
  "engine": "lda_multicore",
  "coherence": {
    "c_v": 0.644906519455833,
    "c_npmi": 0.01932977937537002,
    "u_mass": -2.2184405656534745
  },
  "perplexity": 2506.720578800964,
  "topic_diversity": {
    "unique_word_ratio": 0.7142857142857143,
    "avg_pairwise_jaccard": 0.09987830086352253
  },
  "topic_size_proxy": {
    "counts_estimated": [
      127264.44444444445,
      185930.0,
      147494.44444444444,
      139522.22222222222,
      125860.0,
      71508.88888888889,
      42770.0
    ],
    "proportions": [
      0.15144219009275237,
      0.22125304932468615,
      0.1755154928832563,
      0.16602870497081243,
      0.14977092877967513,
      0.08509417372391133,
      0.05089546022490629
    ],
    "entropy_bits": 2.6960011614925734,
    "gini": 0.20233519480261922
  }
}