{
  "num_docs": 1978347,
  "num_topics": 7,
  "vocab_size": 24137,
  "engine": "lda_multicore",
  "coherence": {
    "c_v": 0.6604390165234074,
    "c_npmi": 0.016295440905903787,
    "u_mass": -2.465520944190461
  },
  "perplexity": 2503.322957920205,
  "topic_diversity": {
    "unique_word_ratio": 0.7714285714285715,
    "avg_pairwise_jaccard": 0.06646938174031772
  },
  "topic_size_proxy": {
    "counts_estimated": [
      479346.7474321993,
      549084.5369601554,
      242786.7075740012,
      294935.6052495013,
      82111.12494608293,
      162800.02743031218,
      167282.2504077479
    ],
    "proportions": [
      0.24229659783253354,
      0.2775471325101993,
      0.12272200355852697,
      0.14908183713448717,
      0.04150491544005319,
      0.08229093653960208,
      0.08455657698459769
    ],
    "entropy_bits": 2.5779376818908095,
    "gini": 0.3121894954131975
  }
}