{
  "num_docs": 833092,
  "num_topics": 10,
  "vocab_size": 19096,
  "engine": "lda_multicore",
  "coherence": {
    "c_v": 0.5754846657445457,
    "c_npmi": -0.010547437744970073,
    "u_mass": -3.016525931969524
  },
  "perplexity": 3644.95801382821,
  "topic_diversity": {
    "unique_word_ratio": 0.9133333333333333,
    "avg_pairwise_jaccard": 0.011603721948549535
  },
  "topic_size_proxy": {
    "counts_estimated": [
      175070.1867956286,
      105652.33495069234,
      89522.31774035654,
      77596.74946050986,
      77537.8605087879,
      92660.09886607042,
      4221.1156149387425,
      91374.5419388569,
      46887.82780594893,
      72568.96631820983
    ],
    "proportions": [
      0.21014508217055092,
      0.12681952887639342,
      0.10745790109658541,
      0.09314307358672255,
      0.09307238637363928,
      0.11122432920502227,
      0.005066806084968698,
      0.10968121400620448,
      0.056281692545299834,
      0.08710798605461322
    ],
    "entropy_bits": 3.1154716844865247,
    "gini": 0.2524192365247499
  }
}