{
  "num_docs": 830137,
  "num_topics": 4,
  "vocab_size": 18764,
  "engine": "lda_multicore",
  "coherence": {
    "c_v": 0.5357418944640221,
    "c_npmi": 0.005020020637016251,
    "u_mass": -2.785495538397657
  },
  "perplexity": 3144.456335494286,
  "topic_diversity": {
    "unique_word_ratio": 0.95,
    "avg_pairwise_jaccard": 0.017651888341543513
  },
  "topic_size_proxy": {
    "counts_estimated": [
      400543.494167627,
      147738.94821200793,
      202076.74780859376,
      79777.8098117713
    ],
    "proportions": [
      0.48250288105171435,
      0.17796935712058123,
      0.2434257812970555,
      0.0961019805306489
    ],
    "entropy_bits": 1.7714627222153532,
    "gini": 0.30616478143491765
  }
}