{
  "num_docs": 1978351,
  "num_topics": 4,
  "vocab_size": 23896,
  "engine": "lda_multicore",
  "coherence": {
    "c_v": 0.6977860010719785,
    "c_npmi": 0.03607784890797626,
    "u_mass": -2.233467525599494
  },
  "perplexity": 2003.1332567767306,
  "topic_diversity": {
    "unique_word_ratio": 0.7666666666666667,
    "avg_pairwise_jaccard": 0.11019009725906277
  },
  "topic_size_proxy": {
    "counts_estimated": [
      961859.375081367,
      360419.0710704487,
      291233.4805435506,
      364839.0733046338
    ],
    "proportions": [
      0.4861924780190001,
      0.18218155982959985,
      0.14721021726859926,
      0.18441574488280074
    ],
    "entropy_bits": 1.8100534523246612,
    "gini": 0.2547952418261009
  }
}