{
  "num_docs": 830137,
  "num_topics": 6,
  "vocab_size": 18764,
  "engine": "lda_multicore",
  "coherence": {
    "c_v": 0.5004482763885453,
    "c_npmi": 0.004841723338551291,
    "u_mass": -2.911461336508441
  },
  "perplexity": 3544.4976284986833,
  "topic_diversity": {
    "unique_word_ratio": 0.9444444444444444,
    "avg_pairwise_jaccard": 0.011658456486042693
  },
  "topic_size_proxy": {
    "counts_estimated": [
      239323.42943129846,
      85364.47872170982,
      117000.04698021611,
      109047.82156485613,
      155837.84035292716,
      123563.38294899234
    ],
    "proportions": [
      0.28829389538268796,
      0.10283179610318516,
      0.1409406483269823,
      0.13136123503091193,
      0.1877254481524461,
      0.14884697700378652
    ],
    "entropy_bits": 2.4999462520762514,
    "gini": 0.18405157740648667
  }
}