{
  "num_docs": 840350,
  "num_topics": 15,
  "vocab_size": 19171,
  "engine": "lda_multicore",
  "coherence": {
    "c_v": 0.5837182430404263,
    "c_npmi": -0.005839579639353418,
    "u_mass": -2.615804013646407
  },
  "perplexity": 2665.0077767262137,
  "topic_diversity": {
    "unique_word_ratio": 0.68,
    "avg_pairwise_jaccard": 0.06065905996940479
  },
  "topic_size_proxy": {
    "counts_estimated": [
      46467.77777777778,
      65091.11111111112,
      52878.88888888889,
      88795.55555555556,
      80833.33333333334,
      58313.333333333336,
      91244.44444444445,
      77131.11111111111,
      34184.444444444445,
      51473.333333333336,
      18524.444444444445,
      29294.444444444445,
      60728.88888888889,
      52524.444444444445,
      32864.444444444445
    ],
    "proportions": [
      0.05529574317579314,
      0.07745714417934324,
      0.06292483951792571,
      0.10566496763914503,
      0.09619007953035438,
      0.06939172170325854,
      0.10857909733378285,
      0.09178450777784385,
      0.04067881768839701,
      0.06125225600444257,
      0.022043725167423617,
      0.03485981370196279,
      0.07226618538571888,
      0.06250305758843866,
      0.039108043606169374
    ],
    "entropy_bits": 3.7982237213315972,
    "gini": 0.21544162595391256
  }
}