{
  "num_docs": 1978350,
  "num_topics": 17,
  "vocab_size": 24085,
  "engine": "lda_multicore",
  "coherence": {
    "c_v": 0.6488577659595949,
    "c_npmi": 0.013694097648326943,
    "u_mass": -2.654637873290424
  },
  "perplexity": 2953.7534734897085,
  "topic_diversity": {
    "unique_word_ratio": 0.6941176470588235,
    "avg_pairwise_jaccard": 0.04330994584048204
  },
  "topic_size_proxy": {
    "counts_estimated": [
      314178.8888888889,
      158185.55555555556,
      50427.77777777778,
      77103.33333333334,
      26838.88888888889,
      144438.8888888889,
      91943.33333333334,
      86756.66666666667,
      144604.44444444444,
      115932.22222222223,
      114314.44444444445,
      147283.33333333334,
      100055.55555555556,
      114188.88888888889,
      113962.22222222223,
      66212.22222222222,
      111923.33333333334
    ],
    "proportions": [
      0.1588085469653443,
      0.07995832666391466,
      0.025489816148698552,
      0.03897355540391404,
      0.013566299638026077,
      0.07300977526165184,
      0.04647475589927634,
      0.04385304251859715,
      0.07309345891497684,
      0.05860046110254618,
      0.05778272016804127,
      0.074447561520122,
      0.05057525491220237,
      0.05771925538397599,
      0.05760468179150415,
      0.03346840661269352,
      0.0565740810945148
    ],
    "entropy_bits": 3.9171016939589216,
    "gini": 0.25038307654213054
  }
}