{
  "num_docs": 1821609,
  "num_topics": 20,
  "vocab_size": 24098,
  "engine": "lda_multicore",
  "coherence": {
    "c_v": 0.5297011386216763,
    "c_npmi": -0.04180051125767323,
    "u_mass": -3.340908772052856
  },
  "perplexity": 4025.03611615328,
  "topic_diversity": {
    "unique_word_ratio": 0.8866666666666667,
    "avg_pairwise_jaccard": 0.006961368939590354
  },
  "topic_size_proxy": {
    "counts_estimated": [
      170243.34371751957,
      151630.00924884473,
      134216.6748533653,
      176352.2329790271,
      55996.6700822472,
      166966.67685098888,
      65537.78177532926,
      122078.8963352299,
      115594.45149525939,
      68600.00418433522,
      104233.33969116435,
      58236.67021887855,
      30960.0018884405,
      93435.5612547638,
      47920.00292293504,
      81495.56052646988,
      105052.2286300023,
      24238.890367367552,
      33671.11316491893,
      15148.88981291264
    ],
    "proportions": [
      0.09345767599826284,
      0.0832396025979476,
      0.07368028751140628,
      0.09681124378449332,
      0.030740224758577277,
      0.09165889982481909,
      0.03597796331448146,
      0.06701706915986357,
      0.06345733441987791,
      0.0376590169374082,
      0.05722047908808331,
      0.03196990694428856,
      0.016995964495366733,
      0.05129287418692145,
      0.026306415330037917,
      0.044738228964871105,
      0.05767002064109383,
      0.013306307976831225,
      0.018484270315374446,
      0.0083162137499939
    ],
    "entropy_bits": 4.093866949066327,
    "gini": 0.31237288404389785
  }
}