{
  "num_docs": 830137,
  "num_topics": 12,
  "vocab_size": 18764,
  "engine": "lda_multicore",
  "coherence": {
    "c_v": 0.6113776324690817,
    "c_npmi": 0.03161066065288712,
    "u_mass": -2.8151718797326217
  },
  "perplexity": 3352.617701529423,
  "topic_diversity": {
    "unique_word_ratio": 0.8888888888888888,
    "avg_pairwise_jaccard": 0.01212867592177937
  },
  "topic_size_proxy": {
    "counts_estimated": [
      189083.40925791336,
      52366.687693994165,
      11164.448927418913,
      70777.80619790852,
      55077.79989372566,
      79982.25433830843,
      49153.35307037797,
      83648.92247728955,
      67871.13836409802,
      83308.92234076584,
      45002.240292428425,
      42700.01714577118
    ],
    "proportions": [
      0.22777374006689663,
      0.06308198248481174,
      0.013448923403509195,
      0.08526039219780412,
      0.0663478436616193,
      0.0963482585866049,
      0.05921113390967752,
      0.10076520198146759,
      0.08175896070660388,
      0.10035563086667122,
      0.05421061859961479,
      0.051437313534719184
    ],
    "entropy_bits": 3.360457975018949,
    "gini": 0.2826809195629993
  }
}