{
  "num_docs": 840351,
  "num_topics": 12,
  "vocab_size": 18814,
  "engine": "lda_multicore",
  "coherence": {
    "c_v": 0.6445718889286002,
    "c_npmi": 0.03602411902692634,
    "u_mass": -2.445815801614859
  },
  "perplexity": 2346.051007344715,
  "topic_diversity": {
    "unique_word_ratio": 0.7055555555555556,
    "avg_pairwise_jaccard": 0.061960804202183514
  },
  "topic_size_proxy": {
    "counts_estimated": [
      128059.04127645226,
      149880.17835425714,
      91053.44168501219,
      53084.50761389104,
      60487.849757045675,
      57878.957763630235,
      67273.41338727911,
      44134.496963566766,
      66870.07957398702,
      53685.61944031256,
      10908.901870252474,
      57034.51231431348
    ],
    "proportions": [
      0.15238756338298196,
      0.17835425715475695,
      0.10835167886396542,
      0.06316944659302011,
      0.07197926789763526,
      0.0688747413445456,
      0.08005394577656137,
      0.05251912232337056,
      0.07957398702921402,
      0.0638847570126204,
      0.012981363585278622,
      0.0678698690360498
    ],
    "entropy_bits": 3.399156812493485,
    "gini": 0.2627713540874724
  }
}