{
  "num_docs": 1816827,
  "num_topics": 4,
  "vocab_size": 23846,
  "engine": "lda_multicore",
  "coherence": {
    "c_v": 0.574922890799046,
    "c_npmi": 0.017133131982140618,
    "u_mass": -2.9208314854019948
  },
  "perplexity": 3926.9502347456782,
  "topic_diversity": {
    "unique_word_ratio": 1.0,
    "avg_pairwise_jaccard": 0.0
  },
  "topic_size_proxy": {
    "counts_estimated": [
      662355.6770779822,
      495177.8686280842,
      234105.5985069205,
      425187.8557870133
    ],
    "proportions": [
      0.3645672797013597,
      0.27255091906278595,
      0.12885409480755214,
      0.23402770642830237
    ],
    "entropy_bits": 1.9131223023253712,
    "gini": 0.18641569182897655
  }
}