{
  "num_docs": 840351,
  "num_topics": 14,
  "vocab_size": 18814,
  "engine": "lda_multicore",
  "coherence": {
    "c_v": 0.6349743352897413,
    "c_npmi": -0.0003283034967051742,
    "u_mass": -2.75006059610795
  },
  "perplexity": 2230.588915006916,
  "topic_diversity": {
    "unique_word_ratio": 0.7142857142857143,
    "avg_pairwise_jaccard": 0.049126884651704665
  },
  "topic_size_proxy": {
    "counts_estimated": [
      131415.71193748637,
      133375.71426984787,
      45757.83222863489,
      10904.457420519228,
      61577.85105412427,
      63555.63118541877,
      27484.477150393683,
      52380.06233117153,
      46482.277535154004,
      65025.63293468991,
      78353.42657226155,
      9828.90058507368,
      56444.51161222506,
      57764.513182999144
    ],
    "proportions": [
      0.15638193080925278,
      0.15871429232528775,
      0.05445085711641314,
      0.01297607478365496,
      0.07327634649583838,
      0.07562986321836802,
      0.032705949240726416,
      0.062331171535669666,
      0.055312931781070065,
      0.07737913435539426,
      0.09323892822435097,
      0.011696184790728733,
      0.06716778062050865,
      0.0687385547027363
    ],
    "entropy_bits": 3.557097579908256,
    "gini": 0.30928468013611116
  }
}