{
  "num_docs": 840350,
  "num_topics": 7,
  "vocab_size": 19158,
  "engine": "lda_multicore",
  "coherence": {
    "c_v": 0.6349051749536724,
    "c_npmi": 0.020911044638469174,
    "u_mass": -2.3333678686773234
  },
  "perplexity": 2604.653568601394,
  "topic_diversity": {
    "unique_word_ratio": 0.7047619047619048,
    "avg_pairwise_jaccard": 0.10227819981514565
  },
  "topic_size_proxy": {
    "counts_estimated": [
      203452.22222222222,
      79996.66666666667,
      166273.33333333334,
      142742.22222222222,
      122356.66666666667,
      88846.66666666667,
      36682.222222222226
    ],
    "proportions": [
      0.24210414972597397,
      0.09519446262470004,
      0.1978620019436346,
      0.16986044174715562,
      0.1456020308998235,
      0.10572578885781718,
      0.04365112420089513
    ],
    "entropy_bits": 2.660019412740895,
    "gini": 0.24709394517212693
  }
}