{
  "num_docs": 1821637,
  "num_topics": 5,
  "vocab_size": 24063,
  "engine": "lda_multicore",
  "coherence": {
    "c_v": 0.5957723817825279,
    "c_npmi": 0.023605095363828415,
    "u_mass": -2.8861529893750606
  },
  "perplexity": 3797.4063195932877,
  "topic_diversity": {
    "unique_word_ratio": 0.9466666666666667,
    "avg_pairwise_jaccard": 0.013793103448275862
  },
  "topic_size_proxy": {
    "counts_estimated": [
      701469.0172476155,
      302557.8331415034,
      244844.4892474594,
      392571.18294598325,
      180194.4774174384
    ],
    "proportions": [
      0.38507617996758714,
      0.1660911768598812,
      0.13440904485770733,
      0.21550461642247234,
      0.09891898189235199
    ],
    "entropy_bits": 2.1568145056465635,
    "gini": 0.261363987086094
  }
}