{
  "num_docs": 1978350,
  "num_topics": 13,
  "vocab_size": 24093,
  "engine": "lda_multicore",
  "coherence": {
    "c_v": 0.6294594982816368,
    "c_npmi": 0.012600874716362677,
    "u_mass": -2.56811975020316
  },
  "perplexity": 2601.1024892886912,
  "topic_diversity": {
    "unique_word_ratio": 0.676923076923077,
    "avg_pairwise_jaccard": 0.061502727550472897
  },
  "topic_size_proxy": {
    "counts_estimated": [
      368181.1111111111,
      194296.6666666667,
      78634.44444444445,
      130507.77777777778,
      213985.55555555556,
      92151.11111111111,
      108776.66666666667,
      122121.11111111111,
      220865.55555555556,
      138694.44444444444,
      59372.222222222226,
      91524.44444444445,
      159238.8888888889
    ],
    "proportions": [
      0.1861051437365032,
      0.09821147252339912,
      0.039747488788356176,
      0.06596799240669132,
      0.10816364928124728,
      0.04657978169237551,
      0.05498353004608217,
      0.0617287694852332,
      0.11164129479392197,
      0.07010612098185075,
      0.03001097996927855,
      0.04626301940730631,
      0.08049075688775438
    ],
    "entropy_bits": 3.5266625452820866,
    "gini": 0.2704497553538421
  }
}