{
  "num_docs": 1978347,
  "num_topics": 11,
  "vocab_size": 24185,
  "engine": "lda_multicore",
  "coherence": {
    "c_v": 0.6493358563110235,
    "c_npmi": 0.02600471852891806,
    "u_mass": -2.4743803418447103
  },
  "perplexity": 2457.0675938701984,
  "topic_diversity": {
    "unique_word_ratio": 0.696969696969697,
    "avg_pairwise_jaccard": 0.07859432920902186
  },
  "topic_size_proxy": {
    "counts_estimated": [
      378644.50824257295,
      185760.03129886236,
      161740.02725171187,
      228482.26071938858,
      177758.91883963716,
      84827.7920704831,
      145715.58010729498,
      263986.71114600747,
      146745.58028084057,
      77110.0129923303,
      127575.57705087076
    ],
    "proportions": [
      0.19139438543520065,
      0.09389658704911845,
      0.08175513560144497,
      0.11549149907442352,
      0.08985224474757822,
      0.04287811595765712,
      0.07365521827429412,
      0.13343802232166926,
      0.07417585503495623,
      0.038976990888014235,
      0.06448594561564314
    ],
    "entropy_bits": 3.3199505771526336,
    "gini": 0.24245497924192574
  }
}