{
  "num_docs": 1821555,
  "num_topics": 6,
  "vocab_size": 24036,
  "engine": "lda_multicore",
  "coherence": {
    "c_v": 0.5757229547183006,
    "c_npmi": 0.01168861619447681,
    "u_mass": -2.9209817052253517
  },
  "perplexity": 3628.875406664682,
  "topic_diversity": {
    "unique_word_ratio": 0.9333333333333333,
    "avg_pairwise_jaccard": 0.013793103448275864
  },
  "topic_size_proxy": {
    "counts_estimated": [
      544212.388201408,
      287558.97659142164,
      272122.3052167288,
      165635.60607271324,
      216260.06595709771,
      335765.6579606307
    ],
    "proportions": [
      0.29876253431897903,
      0.15786455890237824,
      0.14939011186416484,
      0.09093088381778931,
      0.11872277584651449,
      0.184329135250174
    ],
    "entropy_bits": 2.480135207219839,
    "gini": 0.20740862962585682
  }
}