{
  "num_docs": 1978343,
  "num_topics": 12,
  "vocab_size": 24155,
  "engine": "lda_multicore",
  "coherence": {
    "c_v": 0.6187947966462432,
    "c_npmi": 0.013840289018741304,
    "u_mass": -2.670174809997684
  },
  "perplexity": 2485.8957902680613,
  "topic_diversity": {
    "unique_word_ratio": 0.6777777777777778,
    "avg_pairwise_jaccard": 0.06698867238597372
  },
  "topic_size_proxy": {
    "counts_estimated": [
      327043.46190918545,
      309049.0103902931,
      183581.18328533205,
      146165.61301999204,
      247383.4305911571,
      100714.48403994815,
      127840.05025981348,
      82714.47696331608,
      116922.26818975258,
      62552.246814392296,
      119421.15806107021,
      154955.61647574737
    ],
    "proportions": [
      0.1653118098879646,
      0.15621609113803478,
      0.09279542692310287,
      0.07388284691784594,
      0.12504577345341894,
      0.05090850476380899,
      0.06461976020326785,
      0.04180997782655287,
      0.059101110469596325,
      0.031618504381895514,
      0.06036423312897219,
      0.07832596090553934
    ],
    "entropy_bits": 3.415290033723687,
    "gini": 0.27090517612576487
  }
}