{
  "num_docs": 833055,
  "num_topics": 15,
  "vocab_size": 19121,
  "engine": "lda_multicore",
  "coherence": {
    "c_v": 0.5699212201251865,
    "c_npmi": -0.014976914262178061,
    "u_mass": -3.1010982098662443
  },
  "perplexity": 4067.526586563453,
  "topic_diversity": {
    "unique_word_ratio": 0.8711111111111111,
    "avg_pairwise_jaccard": 0.01100424844267209
  },
  "topic_size_proxy": {
    "counts_estimated": [
      89852.28214375743,
      135594.53487100347,
      83005.61091111824,
      74143.38277876996,
      45651.14155537386,
      43663.36245196725,
      4763.336509951997,
      55338.92579383233,
      60140.040106755725,
      52668.92401323643,
      53922.25818240504,
      10541.118140871144,
      45638.91932500077,
      21668.903339651002,
      56462.25987630527
    ],
    "proportions": [
      0.10785876339948437,
      0.16276780629250592,
      0.09964001285763638,
      0.08900178593102494,
      0.05479967295721636,
      0.05241354106507645,
      0.005717913595083155,
      0.06642889820459914,
      0.07219216030965031,
      0.06322382557362533,
      0.06472832908079906,
      0.012653568060777675,
      0.05478500138046201,
      0.026011371805764336,
      0.06777734948629476
    ],
    "entropy_bits": 3.66068854502675,
    "gini": 0.3021944677485398
  }
}