{
  "num_docs": 830137,
  "num_topics": 20,
  "vocab_size": 18764,
  "engine": "lda_multicore",
  "coherence": {
    "c_v": 0.5779244419151017,
    "c_npmi": -0.009955079448694028,
    "u_mass": -3.1953667064930773
  },
  "perplexity": 3439.6823161769817,
  "topic_diversity": {
    "unique_word_ratio": 0.86,
    "avg_pairwise_jaccard": 0.008426238008815142
  },
  "topic_size_proxy": {
    "counts_estimated": [
      73571.14065287777,
      126240.05069044857,
      30341.12329429023,
      10134.448513832394,
      59086.69039234504,
      31410.012612381095,
      25632.232514592644,
      84926.7007681466,
      8216.669965989537,
      28400.011403744764,
      62505.58065405562,
      59482.24610673209,
      7593.336382362743,
      51751.13189126824,
      34474.458287323505,
      31483.34597516072,
      45395.573783700944,
      17012.229053315183,
      17823.340490120103,
      24656.67656731221
    ],
    "proportions": [
      0.08862529998407223,
      0.15207134568203629,
      0.03654953735864108,
      0.012208163849861401,
      0.07117703510666919,
      0.03783714328162833,
      0.030877111265481053,
      0.10230443983119245,
      0.009897968607578673,
      0.03421123429475468,
      0.0752955002054548,
      0.0716535296062362,
      0.009147088230452015,
      0.06234047138155297,
      0.04152863718557721,
      0.03792548214952558,
      0.05468443616379097,
      0.020493278884467482,
      0.02147036030211893,
      0.029701936628908493
    ],
    "entropy_bits": 3.9976360192145166,
    "gini": 0.370404136935953
  }
}