{
  "num_docs": 1821551,
  "num_topics": 11,
  "vocab_size": 24135,
  "engine": "lda_multicore",
  "coherence": {
    "c_v": 0.5768177500383144,
    "c_npmi": 0.00805107496810657,
    "u_mass": -3.0433841936549855
  },
  "perplexity": 3741.2296357205896,
  "topic_diversity": {
    "unique_word_ratio": 0.8787878787878788,
    "avg_pairwise_jaccard": 0.014599193909538736
  },
  "topic_size_proxy": {
    "counts_estimated": [
      387075.7680534587,
      216921.2301971154,
      96097.83053382498,
      179148.98723858496,
      236517.9076220191,
      147410.08092558535,
      88834.49321304505,
      105213.39109366565,
      163958.97889953305,
      109143.39325116886,
      91228.93897199881
    ],
    "proportions": [
      0.2124979031898963,
      0.1190860042881673,
      0.05275604720033916,
      0.09834969607690644,
      0.12984424132073116,
      0.08092558535313334,
      0.04876860061181107,
      0.057760332317714776,
      0.09001064417056294,
      0.059917835542989954,
      0.05008310992774775
    ],
    "entropy_bits": 3.2918230683571807,
    "gini": 0.26326408106759996
  }
}