{
  "num_docs": 1978351,
  "num_topics": 5,
  "vocab_size": 23896,
  "engine": "lda_multicore",
  "coherence": {
    "c_v": 0.6412365726258906,
    "c_npmi": 0.03193615755780732,
    "u_mass": -2.4176745152669765
  },
  "perplexity": 2137.4446685236685,
  "topic_diversity": {
    "unique_word_ratio": 0.7733333333333333,
    "avg_pairwise_jaccard": 0.09130436613195234
  },
  "topic_size_proxy": {
    "counts_estimated": [
      864610.4370359138,
      390427.9751279826,
      271523.47058070276,
      203091.2137679267,
      248697.90348747413
    ],
    "proportions": [
      0.4370359137665226,
      0.19735020485646007,
      0.13724736944086402,
      0.10265681558425511,
      0.1257096963518982
    ],
    "entropy_bits": 2.0903999760741554,
    "gini": 0.29615948194763886
  }
}