{
  "num_docs": 1821451,
  "num_topics": 10,
  "vocab_size": 24041,
  "engine": "lda_multicore",
  "coherence": {
    "c_v": 0.5743742711156165,
    "c_npmi": 0.0026612733423446665,
    "u_mass": -3.2132754450868797
  },
  "perplexity": 4369.395940512262,
  "topic_diversity": {
    "unique_word_ratio": 0.92,
    "avg_pairwise_jaccard": 0.010071154898741106
  },
  "topic_size_proxy": {
    "counts_estimated": [
      336760.184885668,
      221209.0103354775,
      145002.30183034882,
      244946.80114560743,
      151465.63871213715,
      192371.21672538057,
      64882.25784341535,
      158730.0871448571,
      139616.74331805247,
      166466.75805905552
    ],
    "proportions": [
      0.18488566801174885,
      0.12144658864579805,
      0.07960812661463242,
      0.13447894077063147,
      0.08315658160012931,
      0.1056142694617536,
      0.035621193127575404,
      0.087144857119328,
      0.07665138580068993,
      0.0913923888477129
    ],
    "entropy_bits": 3.218099960137463,
    "gini": 0.20289860642162375
  }
}