{
  "num_docs": 1821840,
  "num_topics": 15,
  "vocab_size": 24049,
  "engine": "lda_multicore",
  "coherence": {
    "c_v": 0.5680057920161589,
    "c_npmi": -0.0026121329964681897,
    "u_mass": -3.104693648537045
  },
  "perplexity": 4454.901076828974,
  "topic_diversity": {
    "unique_word_ratio": 0.9022222222222223,
    "avg_pairwise_jaccard": 0.007978210441264628
  },
  "topic_size_proxy": {
    "counts_estimated": [
      249272.22222222222,
      229716.6666666667,
      152708.8888888889,
      150124.44444444444,
      116268.88888888889,
      135262.22222222222,
      32311.111111111113,
      147430.0,
      100306.66666666667,
      138987.77777777778,
      48962.222222222226,
      102317.77777777778,
      130570.0,
      18851.111111111113,
      68750.0
    ],
    "proportions": [
      0.1368244314661124,
      0.1260904726357236,
      0.08382124055289647,
      0.08240265031201666,
      0.06381948408690603,
      0.07424484160092117,
      0.0177354274311197,
      0.08092368155271594,
      0.05505789019160117,
      0.07628978273491513,
      0.026875149421585993,
      0.056161780275862744,
      0.0716693013656523,
      0.010347292358885036,
      0.03773657401308567
    ],
    "entropy_bits": 3.7006777275834035,
    "gini": 0.28361916564612755
  }
}