{
  "num_docs": 1978351,
  "num_topics": 14,
  "vocab_size": 23896,
  "engine": "lda_multicore",
  "coherence": {
    "c_v": 0.6656463696078657,
    "c_npmi": 0.0428380403968811,
    "u_mass": -2.5809283143212474
  },
  "perplexity": 2282.8509575425323,
  "topic_diversity": {
    "unique_word_ratio": 0.7380952380952381,
    "avg_pairwise_jaccard": 0.039081986599985845
  },
  "topic_size_proxy": {
    "counts_estimated": [
      311672.37976372003,
      286322.36695001164,
      140211.18198386423,
      175857.86666891322,
      100124.49505452074,
      111992.2788311247,
      112564.50134258908,
      78705.595338989,
      143663.4059510872,
      158528.96902076085,
      98975.605584901,
      97861.1605771364,
      74631.14883502807,
      87240.04409735386
    ],
    "proportions": [
      0.15754149782506746,
      0.14472778943170936,
      0.0708727531079491,
      0.08889113542991775,
      0.05061007629814969,
      0.05660890248046211,
      0.05689814463792779,
      0.03978343344481793,
      0.07261775385211582,
      0.08013187195839407,
      0.05002934544218948,
      0.04946602527920293,
      0.03772391695661087,
      0.04409735385548564
    ],
    "entropy_bits": 3.6516165232387805,
    "gini": 0.2502743387647474
  }
}