{
  "num_docs": 840351,
  "num_topics": 18,
  "vocab_size": 19155,
  "engine": "lda_multicore",
  "coherence": {
    "c_v": 0.6005776891070269,
    "c_npmi": 0.008201774195194574,
    "u_mass": -2.5836846270259914
  },
  "perplexity": 2711.587776429928,
  "topic_diversity": {
    "unique_word_ratio": 0.7111111111111111,
    "avg_pairwise_jaccard": 0.0469422546501654
  },
  "topic_size_proxy": {
    "counts_estimated": [
      106711.23809523809,
      55795.62195117114,
      60287.8495190496,
      69026.74880704469,
      59542.293076297574,
      35976.70947819361,
      46831.166839213816,
      17336.6872969596,
      23130.02752424585,
      43367.82938458182,
      69540.0827512346,
      36444.48781261776,
      18096.688201344678,
      31477.815235715276,
      31881.149049007356,
      61253.40622359731,
      68158.96999662838,
      5492.228757858828
    ],
    "proportions": [
      0.12698412698412698,
      0.06639561558345398,
      0.07174127182457045,
      0.08214037801709605,
      0.07085407535220113,
      0.04281152694313877,
      0.05572810270852753,
      0.02063029293349993,
      0.027524245849943473,
      0.05160680404328884,
      0.08275123460462902,
      0.04336817331402921,
      0.021534678011146148,
      0.03745793749958681,
      0.037937896246934145,
      0.07289026397731103,
      0.08110773950007602,
      0.006535636606440438
    ],
    "entropy_bits": 3.96933358806578,
    "gini": 0.2847589959210117
  }
}