{
  "num_docs": 1823544,
  "num_topics": 13,
  "vocab_size": 24043,
  "engine": "lda_multicore",
  "coherence": {
    "c_v": 0.6036420850109921,
    "c_npmi": -0.00510752102722209,
    "u_mass": -3.092431251037099
  },
  "perplexity": 4353.04742511264,
  "topic_diversity": {
    "unique_word_ratio": 0.8871794871794871,
    "avg_pairwise_jaccard": 0.011620563344701275
  },
  "topic_size_proxy": {
    "counts_estimated": [
      336880.1231594899,
      182474.51115502237,
      153577.8339240636,
      112967.81907751027,
      161905.61474638205,
      148206.72084933546,
      153235.6115767288,
      66343.35758770014,
      84954.47550282143,
      22435.563757739055,
      108978.92873032905,
      148948.94334290567,
      142634.4965899723
    ],
    "proportions": [
      0.18473923478648713,
      0.10006586688065787,
      0.08421942871905673,
      0.06194959873603832,
      0.08878623973229166,
      0.081274003176965,
      0.08403175990090112,
      0.0363815502053694,
      0.04658756547844276,
      0.012303275247396857,
      0.05976216023870499,
      0.0816810251591986,
      0.0782182917384896
    ],
    "entropy_bits": 3.520103738825661,
    "gini": 0.25274321520274906
  }
}