{
  "num_docs": 840349,
  "num_topics": 14,
  "vocab_size": 19150,
  "engine": "lda_multicore",
  "coherence": {
    "c_v": 0.6553347473800909,
    "c_npmi": 0.016749135448795832,
    "u_mass": -2.4731228354216093
  },
  "perplexity": 2575.892238181609,
  "topic_diversity": {
    "unique_word_ratio": 0.6619047619047619,
    "avg_pairwise_jaccard": 0.06609743673025219
  },
  "topic_size_proxy": {
    "counts_estimated": [
      169051.13346308543,
      84680.01119640784,
      95976.6793567222,
      47113.339562668414,
      64467.786301721244,
      61898.89707317331,
      68103.34233797074,
      41324.44990837139,
      23817.780926969488,
      71407.78721932953,
      32275.559823036463,
      31292.226359686585,
      39247.78296712741,
      9692.223503729932
    ],
    "proportions": [
      0.2011677689425292,
      0.10076767057068892,
      0.11421049987174642,
      0.056064015739494454,
      0.07671549118487826,
      0.07365855980452565,
      0.08104173663319734,
      0.04917534251646804,
      0.028342725375968193,
      0.08497396583958516,
      0.03840732817321907,
      0.03723717926681247,
      0.0467041466903958,
      0.011533569390491254
    ],
    "entropy_bits": 3.5444747589529673,
    "gini": 0.3271024242009838
  }
}