{
  "num_docs": 840351,
  "num_topics": 18,
  "vocab_size": 18814,
  "engine": "lda_multicore",
  "coherence": {
    "c_v": 0.5982008974809498,
    "c_npmi": 0.013554285968080679,
    "u_mass": -2.6160619184811766
  },
  "perplexity": 2353.6504325895603,
  "topic_diversity": {
    "unique_word_ratio": 0.7074074074074074,
    "avg_pairwise_jaccard": 0.042620909253769296
  },
  "topic_size_proxy": {
    "counts_estimated": [
      28077.811189782034,
      68041.19207869736,
      70026.74999702505,
      55281.176894547905,
      76755.64689315959,
      11330.01348247754,
      78572.31572162392,
      27801.144193887467,
      17050.02028916523,
      58774.514384879316,
      51714.505983617935,
      45568.94311497193,
      29500.035104420775,
      52246.72883917415,
      38700.04605224013,
      34827.8192221495,
      66045.63414846988,
      30036.70240971024
    ],
    "proportions": [
      0.033412004257485306,
      0.08096758625704897,
      0.08333035838242002,
      0.0657834367955151,
      0.09133760404064444,
      0.013482477539120605,
      0.09349940170431631,
      0.03308277635641234,
      0.020289165228773727,
      0.0699404348717135,
      0.06153917349252626,
      0.05422608304740749,
      0.03510442077705717,
      0.0621725074869598,
      0.046052240138037714,
      0.041444371723422115,
      0.07859291432802469,
      0.03574304357311438
    ],
    "entropy_bits": 4.027820082426317,
    "gini": 0.24502731445671888
  }
}