{
  "num_docs": 1816827,
  "num_topics": 14,
  "vocab_size": 23846,
  "engine": "lda_multicore",
  "coherence": {
    "c_v": 0.5858430344456312,
    "c_npmi": -0.00028856810058945696,
    "u_mass": -3.1397826780159726
  },
  "perplexity": 3381.6823297614387,
  "topic_diversity": {
    "unique_word_ratio": 0.9285714285714286,
    "avg_pairwise_jaccard": 0.0057381042602717485
  },
  "topic_size_proxy": {
    "counts_estimated": [
      256975.60270288124,
      70941.12412668242,
      213361.15025649118,
      162814.47431602355,
      86942.23817351866,
      145748.91562944915,
      111737.79827831678,
      115854.46570026861,
      191924.4796568376,
      143845.58194691112,
      59058.899724427945,
      114260.02096329132,
      40113.3406929298,
      103248.90783197078
    ],
    "proportions": [
      0.14144197697572813,
      0.0390467139285592,
      0.11743614018092596,
      0.08961473729530856,
      0.047853889321062854,
      0.08022168078163147,
      0.06150161698296909,
      0.06376747246725671,
      0.1056371793554574,
      0.07917406662654788,
      0.03250661715420783,
      0.06288987391936124,
      0.022078789391026112,
      0.05682924561995764
    ],
    "entropy_bits": 3.6595533361670847,
    "gini": 0.2534602457031307
  }
}