{
  "num_docs": 833092,
  "num_topics": 10,
  "vocab_size": 19096,
  "engine": "lda_multicore",
  "coherence": {
    "c_v": 0.5602438691697612,
    "c_npmi": -0.010674583801574284,
    "u_mass": -3.1305320707522553
  },
  "perplexity": 3566.0485631201086,
  "topic_diversity": {
    "unique_word_ratio": 0.9133333333333333,
    "avg_pairwise_jaccard": 0.01083743842364532
  },
  "topic_size_proxy": {
    "counts_estimated": [
      176884.6331760432,
      116780.12460155087,
      86495.64784430676,
      75813.41422440123,
      73328.9671291122,
      92188.98725229468,
      4448.893635750125,
      91111.20832455301,
      48695.607512583665,
      67344.51629940436
    ],
    "proportions": [
      0.21232304856611656,
      0.1401767447071282,
      0.10382484508830567,
      0.09100245137920088,
      0.08802025121968786,
      0.1106588315003561,
      0.005340218890290778,
      0.1093651221288321,
      0.05845165661485605,
      0.08083682990522578
    ],
    "entropy_bits": 3.108319528365911,
    "gini": 0.2660888098140525
  }
}