{
  "num_docs": 1978351,
  "num_topics": 11,
  "vocab_size": 23896,
  "engine": "lda_multicore",
  "coherence": {
    "c_v": 0.6320403737135116,
    "c_npmi": 0.027155369982083667,
    "u_mass": -2.5416395295081466
  },
  "perplexity": 2543.286313480279,
  "topic_diversity": {
    "unique_word_ratio": 0.7272727272727273,
    "avg_pairwise_jaccard": 0.05341554996727411
  },
  "topic_size_proxy": {
    "counts_estimated": [
      286562.3670713249,
      92512.26898453537,
      222263.4456811653,
      167742.30701117375,
      226682.33680367758,
      146268.96282367743,
      232566.78422254237,
      174243.42140841275,
      175081.1996096635,
      159646.7473635437,
      94781.15902028346
    ],
    "proportions": [
      0.1448491026472678,
      0.04676231315097037,
      0.11234783194749834,
      0.08478895151122008,
      0.11458145536544202,
      0.07393478853028478,
      0.11755587568765218,
      0.08807507940118449,
      0.08849855238512454,
      0.08069687702715225,
      0.047909172346203205
    ],
    "entropy_bits": 3.3869352607191905,
    "gini": 0.17417677673951848
  }
}