{
  "num_docs": 830137,
  "num_topics": 14,
  "vocab_size": 18764,
  "engine": "lda_multicore",
  "coherence": {
    "c_v": 0.5844234746266272,
    "c_npmi": 0.008762381713283519,
    "u_mass": -2.9192005017553777
  },
  "perplexity": 3339.874466298721,
  "topic_diversity": {
    "unique_word_ratio": 0.8761904761904762,
    "avg_pairwise_jaccard": 0.011097277107129324
  },
  "topic_size_proxy": {
    "counts_estimated": [
      162905.62096870263,
      46702.240975046945,
      86804.47929992786,
      59307.80159224117,
      59968.91296881504,
      46218.9074476358,
      21156.675161921128,
      34698.90282189145,
      8578.892333658581,
      44141.12883554649,
      71777.80659944883,
      75437.80806908636,
      56622.24495832681,
      55815.57796775096
    ],
    "proportions": [
      0.19623944116296785,
      0.05625847417359659,
      0.10456645023644033,
      0.07144339017805637,
      0.07223977845682707,
      0.055676240726091966,
      0.025485763388357743,
      0.04179900766005063,
      0.01033430907628329,
      0.05317330613566978,
      0.08646501312367577,
      0.090873925712366,
      0.0682083137582433,
      0.0672365862113735
    ],
    "entropy_bits": 3.5786024757662256,
    "gini": 0.2921939034326151
  }
}