{
  "num_docs": 840351,
  "num_topics": 10,
  "vocab_size": 18814,
  "engine": "lda_multicore",
  "coherence": {
    "c_v": 0.5933704273513443,
    "c_npmi": 0.014966922789292961,
    "u_mass": -2.4232085648901323
  },
  "perplexity": 2259.913362195489,
  "topic_diversity": {
    "unique_word_ratio": 0.76,
    "avg_pairwise_jaccard": 0.056464195659597954
  },
  "topic_size_proxy": {
    "counts_estimated": [
      90958.99712818071,
      165425.75240871857,
      72901.19786200194,
      83113.4322365681,
      48124.501711588426,
      80741.207191448,
      86135.65805517542,
      11787.791805001883,
      122532.36803316078,
      78630.09356815612
    ],
    "proportions": [
      0.10823929182946258,
      0.19685316303392103,
      0.08675089083252348,
      0.09890323476329307,
      0.0572671439810132,
      0.09608033689666343,
      0.10249961986738329,
      0.0140272241063578,
      0.14581093856395813,
      0.09356815612542393
    ],
    "entropy_bits": 3.1539118186597994,
    "gini": 0.24022993065058884
  }
}