{
  "num_docs": 1816827,
  "num_topics": 9,
  "vocab_size": 23846,
  "engine": "lda_multicore",
  "coherence": {
    "c_v": 0.593376782307784,
    "c_npmi": 0.018547269152236777,
    "u_mass": -2.9258614218395245
  },
  "perplexity": 3193.121352472812,
  "topic_diversity": {
    "unique_word_ratio": 0.9185185185185185,
    "avg_pairwise_jaccard": 0.011631089217296112
  },
  "topic_size_proxy": {
    "counts_estimated": [
      449714.52695358946,
      209075.5939146644,
      269754.4939363139,
      165764.4748572603,
      161912.25192827056,
      227407.81950030092,
      159895.5848916059,
      89443.34974350884,
      83858.90427448592
    ],
    "proportions": [
      0.24752743489258439,
      0.11507732652292396,
      0.1484756082644709,
      0.09123844750064826,
      0.0891181449462555,
      0.12516756933945877,
      0.0880081509640741,
      0.0492305264857407,
      0.04615679108384337
    ],
    "entropy_bits": 2.9946630643102607,
    "gini": 0.2674435197552427
  }
}