{
  "num_docs": 1821451,
  "num_topics": 10,
  "vocab_size": 24041,
  "engine": "lda_multicore",
  "coherence": {
    "c_v": 0.5771089702607913,
    "c_npmi": -0.002750793877129151,
    "u_mass": -3.1209323879502424
  },
  "perplexity": 3619.0696922888496,
  "topic_diversity": {
    "unique_word_ratio": 0.9066666666666666,
    "avg_pairwise_jaccard": 0.012424740010946908
  },
  "topic_size_proxy": {
    "counts_estimated": [
      340699.07593705866,
      202969.00032147768,
      194075.66210558743,
      260717.9209152659,
      113798.95136597521,
      201533.44397778326,
      52805.584546499886,
      152694.52827570218,
      135916.7412867038,
      166240.09126794586
    ],
    "proportions": [
      0.1870481698036668,
      0.111432588810502,
      0.10655003187326337,
      0.143137488142841,
      0.06247708632621751,
      0.11064444993457592,
      0.028990944333116775,
      0.08383125775862331,
      0.07462003714988973,
      0.09126794586730351
    ],
    "entropy_bits": 3.1946478220364845,
    "gini": 0.2266922262788194
  }
}