{
  "num_docs": 1816827,
  "num_topics": 9,
  "vocab_size": 23846,
  "engine": "lda_multicore",
  "coherence": {
    "c_v": 0.594394747201571,
    "c_npmi": 0.019014702908054928,
    "u_mass": -2.918716280477126
  },
  "perplexity": 3249.59775206851,
  "topic_diversity": {
    "unique_word_ratio": 0.9185185185185185,
    "avg_pairwise_jaccard": 0.011631089217296112
  },
  "topic_size_proxy": {
    "counts_estimated": [
      450964.52718292706,
      209310.0384021224,
      267636.71576998726,
      165451.14146643967,
      161405.58516864572,
      227267.8194746151,
      160561.14056927097,
      89677.79423096681,
      84552.23773502518
    ],
    "proportions": [
      0.24821544769145718,
      0.11520636714564589,
      0.1473099616914474,
      0.09106598562573083,
      0.08883927042511242,
      0.12509051190598505,
      0.08837447955654058,
      0.04935956710846262,
      0.04653840884961814
    ],
    "entropy_bits": 2.994970231748886,
    "gini": 0.2667463334523851
  }
}