{
  "num_docs": 833064,
  "num_topics": 8,
  "vocab_size": 19121,
  "engine": "lda_multicore",
  "coherence": {
    "c_v": 0.5427096258875341,
    "c_npmi": -0.006201990386471453,
    "u_mass": -3.062463438808166
  },
  "perplexity": 3650.091804747813,
  "topic_diversity": {
    "unique_word_ratio": 0.9,
    "avg_pairwise_jaccard": 0.016185784658691065
  },
  "topic_size_proxy": {
    "counts_estimated": [
      252220.20184139663,
      132856.7729864476,
      87558.95895870263,
      85338.95718212702,
      93947.85296035916,
      93707.85276829693,
      7777.784002016654,
      79655.61930065342
    ],
    "proportions": [
      0.3027620949187537,
      0.159479671413538,
      0.10510472059613983,
      0.10243985718039313,
      0.11277387206788334,
      0.11248577872564045,
      0.009336358313426885,
      0.09561764678422476
    ],
    "entropy_bits": 2.719026292765157,
    "gini": 0.3014591727719782
  }
}