{
  "num_docs": 1978351,
  "num_topics": 6,
  "vocab_size": 24086,
  "engine": "lda_multicore",
  "coherence": {
    "c_v": 0.6365095826249257,
    "c_npmi": 0.026558563071298825,
    "u_mass": -2.504991687805815
  },
  "perplexity": 2260.897345541011,
  "topic_diversity": {
    "unique_word_ratio": 0.7444444444444445,
    "avg_pairwise_jaccard": 0.08347845003017416
  },
  "topic_size_proxy": {
    "counts_estimated": [
      743652.5981173987,
      422226.88009031094,
      176944.53388485915,
      145923.4070934533,
      166530.08417620746,
      323073.49663777056
    ],
    "proportions": [
      0.37589517639559344,
      0.21342364428269348,
      0.08944041471147392,
      0.07376011996529094,
      0.08417620744559862,
      0.16330443719934964
    ],
    "entropy_bits": 2.322576292151027,
    "gini": 0.32871360252511206
  }
}