{
  "num_docs": 1816827,
  "num_topics": 18,
  "vocab_size": 23846,
  "engine": "lda_multicore",
  "coherence": {
    "c_v": 0.5909244649233935,
    "c_npmi": -0.019921996036513907,
    "u_mass": -3.273939361510085
  },
  "perplexity": 4103.308188294337,
  "topic_diversity": {
    "unique_word_ratio": 0.8777777777777778,
    "avg_pairwise_jaccard": 0.009596431165058617
  },
  "topic_size_proxy": {
    "counts_estimated": [
      200958.92575883225,
      219174.48465639725,
      55122.23233550073,
      75196.6804630051,
      75885.56947828448,
      99660.01828462815,
      41385.56314856673,
      94455.57288532387,
      108050.01982394212,
      24012.22662774655,
      76422.23624341343,
      109615.57566673028,
      100513.35177452261,
      99606.68494150975,
      87222.23822489029,
      126723.3565832734,
      92064.46133551541,
      130757.8017679177
    ],
    "proportions": [
      0.11060983008224352,
      0.12063585837088356,
      0.030339835512957884,
      0.04138901527938824,
      0.04176818677743367,
      0.0548538844285274,
      0.0227790335285455,
      0.05198930491748739,
      0.05947182633456136,
      0.013216572974612635,
      0.04206357360574971,
      0.060333524142216224,
      0.05532356783255787,
      0.0548245292157755,
      0.04800800418801035,
      0.0697498201993219,
      0.05067321287911035,
      0.071970419730617
    ],
    "entropy_bits": 4.021292320354338,
    "gini": 0.2409809506413842
  }
}