{
  "num_docs": 840351,
  "num_topics": 3,
  "vocab_size": 18814,
  "engine": "lda_multicore",
  "coherence": {
    "c_v": 0.6524537746560641,
    "c_npmi": 0.018038572764969247,
    "u_mass": -2.1176802795934973
  },
  "perplexity": 2262.4846333594546,
  "topic_diversity": {
    "unique_word_ratio": 0.8222222222222222,
    "avg_pairwise_jaccard": 0.10714285714285714
  },
  "topic_size_proxy": {
    "counts_estimated": [
      467505.000765554,
      215420.2563455703,
      157425.74288887565
    ],
    "proportions": [
      0.5563211095905807,
      0.2563455702980901,
      0.18733332011132925
    ],
    "entropy_bits": 1.4267319172560609,
    "gini": 0.24599185965283432
  }
}