{
  "num_docs": 840351,
  "num_topics": 16,
  "vocab_size": 18814,
  "engine": "lda_multicore",
  "coherence": {
    "c_v": 0.6038738030406141,
    "c_npmi": 0.02756984506355948,
    "u_mass": -2.5182020054042304
  },
  "perplexity": 2308.321934156685,
  "topic_diversity": {
    "unique_word_ratio": 0.725,
    "avg_pairwise_jaccard": 0.04406924971580144
  },
  "topic_size_proxy": {
    "counts_estimated": [
      61870.0736240852,
      112535.68947065706,
      81385.65240276868,
      87668.99321314531,
      10156.678752900576,
      86594.54749013307,
      63888.96491541222,
      35402.26435017156,
      32988.92814501894,
      43856.71885523889,
      29945.591190178693,
      52603.39593026715,
      9661.12260764364,
      26570.031617778306,
      36410.0433271851,
      68812.30410741556
    ],
    "proportions": [
      0.07362408520259416,
      0.13391510151193617,
      0.09684721313209442,
      0.10432425642754671,
      0.01208623391047381,
      0.1030456886350264,
      0.07602652334014266,
      0.04212794933328045,
      0.03925613005163192,
      0.052188572221891674,
      0.0356346231398293,
      0.06259693381725868,
      0.011496532529435485,
      0.03161777830665794,
      0.04332718510144582,
      0.08188519333875435
    ],
    "entropy_bits": 3.7726871759553995,
    "gini": 0.30882428287155483
  }
}