{
  "num_docs": 1821554,
  "num_topics": 4,
  "vocab_size": 24048,
  "engine": "lda_multicore",
  "coherence": {
    "c_v": 0.5312828535624945,
    "c_npmi": -0.009987325818711663,
    "u_mass": -3.0274552873583267
  },
  "perplexity": 4509.878964414533,
  "topic_diversity": {
    "unique_word_ratio": 1.0,
    "avg_pairwise_jaccard": 0.0
  },
  "topic_size_proxy": {
    "counts_estimated": [
      694559.1430891096,
      491710.1799599609,
      223568.97071242006,
      411715.7062385095
    ],
    "proportions": [
      0.38130033097515065,
      0.26993994136872196,
      0.12273529673697298,
      0.22602443091915447
    ],
    "entropy_bits": 1.8967509746276199,
    "gini": 0.2049026532910252
  }
}