{
  "num_docs": 832402,
  "num_topics": 14,
  "vocab_size": 19100,
  "engine": "lda_multicore",
  "coherence": {
    "c_v": 0.5960382306955693,
    "c_npmi": 0.0034217785312272947,
    "u_mass": -2.9264236986072585
  },
  "perplexity": 3632.6965216119675,
  "topic_diversity": {
    "unique_word_ratio": 0.861904761904762,
    "avg_pairwise_jaccard": 0.012640069290315597
  },
  "topic_size_proxy": {
    "counts_estimated": [
      174295.74167902494,
      79054.52886362211,
      59663.397045494894,
      80483.41927836607,
      40856.7102959177,
      50203.3869435275,
      38564.4856259202,
      47315.60608200374,
      47391.16171824214,
      43585.60209888128,
      69606.74099692857,
      3882.2263678968875,
      68472.29534105487,
      29026.697663119143
    ],
    "proportions": [
      0.20938890305288183,
      0.09497157486841948,
      0.07167618175532363,
      0.09668816182369344,
      0.04908290741242537,
      0.06031146842934964,
      0.04632916022056675,
      0.056842254201700304,
      0.05693302240773345,
      0.05236124144209322,
      0.08362154463459791,
      0.00466388399823269,
      0.08225868671754136,
      0.03487100903544098
    ],
    "entropy_bits": 3.5505487835525624,
    "gini": 0.3013095411304874
  }
}