{
  "num_docs": 830137,
  "num_topics": 13,
  "vocab_size": 18764,
  "engine": "lda_multicore",
  "coherence": {
    "c_v": 0.5860915367522741,
    "c_npmi": 0.01112055307132422,
    "u_mass": -2.9235557543142687
  },
  "perplexity": 3333.126116915417,
  "topic_diversity": {
    "unique_word_ratio": 0.8717948717948718,
    "avg_pairwise_jaccard": 0.012473159024883164
  },
  "topic_size_proxy": {
    "counts_estimated": [
      105747.82023977311,
      113198.93434280567,
      125145.60580654055,
      76737.80859108875,
      39863.349340068504,
      39367.79358552742,
      9883.337301890051,
      46471.12977113541,
      26270.01054846391,
      88308.9243484674,
      68021.13842432907,
      45903.35176537197,
      45217.795934538226
    ],
    "proportions": [
      0.12738598597553547,
      0.13636175034097464,
      0.15075295500205452,
      0.09243993291599908,
      0.04802020550832995,
      0.04742324891617578,
      0.011905670150698077,
      0.05598007289295069,
      0.031645391722648075,
      0.10637873549602943,
      0.08193965384548461,
      0.055296115900594675,
      0.0544702813325249
    ],
    "entropy_bits": 3.484503905312504,
    "gini": 0.3006422894634072
  }
}