{
  "num_docs": 1816827,
  "num_topics": 14,
  "vocab_size": 23846,
  "engine": "lda_multicore",
  "coherence": {
    "c_v": 0.5928728331803479,
    "c_npmi": 0.002040997114505961,
    "u_mass": -3.0987347743159033
  },
  "perplexity": 3384.648246237957,
  "topic_diversity": {
    "unique_word_ratio": 0.919047619047619,
    "avg_pairwise_jaccard": 0.0068748985005142645
  },
  "topic_size_proxy": {
    "counts_estimated": [
      260623.38114991708,
      72296.67993094187,
      208558.92715320486,
      160807.80728119359,
      91066.68337467527,
      144406.69316096933,
      103110.01891759993,
      116317.79911860975,
      193513.36883724004,
      142568.9150460143,
      61716.67798982842,
      114328.90986481926,
      40031.11845562226,
      107480.01971936418
    ],
    "proportions": [
      0.14344975121457193,
      0.03979282558600344,
      0.1147929478993899,
      0.08851024741551815,
      0.0501240257738768,
      0.07948290792737521,
      0.05675279975341622,
      0.06402249587803888,
      0.10651172006869121,
      0.07847137622129917,
      0.0339694852563444,
      0.06292779106916578,
      0.022033533438033593,
      0.05915809249827539
    ],
    "entropy_bits": 3.6623426624914495,
    "gini": 0.2506662584894227
  }
}