{
  "num_docs": 1978351,
  "num_topics": 18,
  "vocab_size": 23896,
  "engine": "lda_multicore",
  "coherence": {
    "c_v": 0.6234180223281615,
    "c_npmi": 0.014279496974229866,
    "u_mass": -2.839662792081194
  },
  "perplexity": 2321.127886414446,
  "topic_diversity": {
    "unique_word_ratio": 0.7296296296296296,
    "avg_pairwise_jaccard": 0.0335972093916651
  },
  "topic_size_proxy": {
    "counts_estimated": [
      209971.21724557222,
      228996.78241800828,
      208245.6608177971,
      54235.58297009573,
      126703.39737828662,
      121723.3948610374,
      58386.69617947617,
      104335.60829422947,
      120767.83882247552,
      63837.81004596985,
      44845.57822371618,
      131257.84412487398,
      76065.59400454363,
      113861.1686646841,
      56766.69536061196,
      45218.91174575895,
      105738.94233690815,
      107392.27650595474
    ],
    "proportions": [
      0.10613446109692984,
      0.11575134160622069,
      0.10526224154247509,
      0.02741454017517404,
      0.06404495328598749,
      0.06152770406315028,
      0.029512809496128934,
      0.052738673922994195,
      0.06104469774194545,
      0.03226819206802527,
      0.022668160616450862,
      0.06634709620531139,
      0.03844898807367532,
      0.057553572983097594,
      0.028693945291109597,
      0.02285687006287507,
      0.053448019252856624,
      0.0542837325155924
    ],
    "entropy_bits": 3.9960318559793273,
    "gini": 0.27231375316816897
  }
}