{
  "num_docs": 1978351,
  "num_topics": 5,
  "vocab_size": 24113,
  "engine": "lda_multicore",
  "coherence": {
    "c_v": 0.6223233709496092,
    "c_npmi": 0.011024095782837355,
    "u_mass": -2.4054555288255415
  },
  "perplexity": 2527.8110664162878,
  "topic_diversity": {
    "unique_word_ratio": 0.7466666666666667,
    "avg_pairwise_jaccard": 0.09465390930908171
  },
  "topic_size_proxy": {
    "counts_estimated": [
      701402.576761218,
      497100.25126999774,
      348024.620360963,
      205522.32610789576,
      226301.22549992558
    ],
    "proportions": [
      0.3545389957399966,
      0.25126999772537717,
      0.17591651853536755,
      0.10388567352704133,
      0.1143888144722173
    ],
    "entropy_bits": 2.1693104932405944,
    "gini": 0.2552751310716282
  }
}