{
  "num_docs": 1978351,
  "num_topics": 16,
  "vocab_size": 24090,
  "engine": "lda_multicore",
  "coherence": {
    "c_v": 0.6553833628947494,
    "c_npmi": 0.03505439382922358,
    "u_mass": -2.6932576248186866
  },
  "perplexity": 2579.3630387851895,
  "topic_diversity": {
    "unique_word_ratio": 0.6958333333333333,
    "avg_pairwise_jaccard": 0.043734193647986745
  },
  "topic_size_proxy": {
    "counts_estimated": [
      351575.73326706036,
      166785.63986093912,
      169812.30805750022,
      44417.800229708824,
      145758.96256588685,
      88036.71116671301,
      61134.47534617793,
      168268.97394405553,
      103662.27462054518,
      107857.83229683546,
      100123.383942848,
      162297.85981471653,
      43375.57748067273,
      89251.15622502478,
      116197.83651246972,
      59794.47466884581
    ],
    "proportions": [
      0.1777115048174264,
      0.08430538355475803,
      0.08583527799541144,
      0.02245193104242312,
      0.07367699794722313,
      0.04450004633490872,
      0.030901733487221392,
      0.08505516662313993,
      0.052398322957121955,
      0.05451905768836544,
      0.05060951466289247,
      0.08203693875086701,
      0.021925117171155535,
      0.04511391367104461,
      0.05873469192902053,
      0.03022440136702021
    ],
    "entropy_bits": 3.7860472794991873,
    "gini": 0.292288783020643
  }
}