{
  "num_docs": 832963,
  "num_topics": 9,
  "vocab_size": 19097,
  "engine": "lda_multicore",
  "coherence": {
    "c_v": 0.5142323048683499,
    "c_npmi": -0.010711670058341302,
    "u_mass": -3.192175345432942
  },
  "perplexity": 3936.4994725236274,
  "topic_diversity": {
    "unique_word_ratio": 0.9333333333333333,
    "avg_pairwise_jaccard": 0.008689107827038862
  },
  "topic_size_proxy": {
    "counts_estimated": [
      238365.77812919355,
      125752.33964325447,
      8921.119441191144,
      77114.5164499924,
      95128.97771540927,
      83504.52241664956,
      39863.37055568747,
      73406.73521008022,
      90905.64043854197
    ],
    "proportions": [
      0.28616610597252645,
      0.15096989859484092,
      0.010710102899157758,
      0.09257856165278938,
      0.11420552619433189,
      0.10024997799019832,
      0.04785731245648062,
      0.08812724600021876,
      0.10913526823945598
    ],
    "entropy_bits": 2.8738983096656474,
    "gini": 0.3288611194852109
  }
}