{
  "num_docs": 1821546,
  "num_topics": 12,
  "vocab_size": 24105,
  "engine": "lda_multicore",
  "coherence": {
    "c_v": 0.5453853701911907,
    "c_npmi": -0.002117481748323062,
    "u_mass": -3.1249246417828935
  },
  "perplexity": 3714.62938039742,
  "topic_diversity": {
    "unique_word_ratio": 0.9055555555555556,
    "avg_pairwise_jaccard": 0.010076130765785937
  },
  "topic_size_proxy": {
    "counts_estimated": [
      287224.5145252109,
      172840.0421717577,
      231498.94537300742,
      221932.27637214065,
      162252.2618106358,
      166717.81845575583,
      166851.15182162158,
      101495.58031976508,
      144740.03531555316,
      92705.57817506623,
      28428.89582534002,
      44858.89983414573
    ],
    "proportions": [
      0.15768172449403467,
      0.09488645478717402,
      0.1270892666850068,
      0.12183731641810891,
      0.08907393050224138,
      0.09152545060940312,
      0.09159864852253062,
      0.055719471437869296,
      0.07945999459555407,
      0.05089389901493908,
      0.015607015044001093,
      0.02462682788913688
    ],
    "entropy_bits": 3.3995744551894087,
    "gini": 0.2680241727975002
  }
}