{
  "num_docs": 1816827,
  "num_topics": 16,
  "vocab_size": 23846,
  "engine": "lda_multicore",
  "coherence": {
    "c_v": 0.5948065910680564,
    "c_npmi": 0.00025757122498083415,
    "u_mass": -3.1113011422883314
  },
  "perplexity": 3435.966979128855,
  "topic_diversity": {
    "unique_word_ratio": 0.9291666666666667,
    "avg_pairwise_jaccard": 0.005808702791461412
  },
  "topic_size_proxy": {
    "counts_estimated": [
      297047.8322771573,
      218044.48444907606,
      152730.02802138528,
      35807.784347433626,
      132718.913238834,
      97614.46235377435,
      78790.01445560758,
      139265.58110661813,
      76841.1252091559,
      95685.57311099206,
      99821.12942529834,
      118238.91058218727,
      72965.56894255185,
      95632.23976787366,
      31194.450167691655,
      74428.90254436307
    ],
    "proportions": [
      0.163498138390258,
      0.12001389480070257,
      0.08406415581746929,
      0.019708967528242163,
      0.07304983536618181,
      0.05372798970610539,
      0.0433668227385478,
      0.07665318773147808,
      0.04229413433923863,
      0.052666309511578184,
      0.05494256163371545,
      0.06507989510403978,
      0.040160988879266904,
      0.05263695429882628,
      0.01716974162520243,
      0.040966422529147284
    ],
    "entropy_bits": 3.791539909030036,
    "gini": 0.2896774687733924
  }
}