{
  "num_docs": 840350,
  "num_topics": 7,
  "vocab_size": 19158,
  "engine": "lda_multicore",
  "coherence": {
    "c_v": 0.6426243234724663,
    "c_npmi": 0.019930893668137755,
    "u_mass": -2.2728807462404164
  },
  "perplexity": 2581.755876539095,
  "topic_diversity": {
    "unique_word_ratio": 0.7047619047619048,
    "avg_pairwise_jaccard": 0.09294525944772249
  },
  "topic_size_proxy": {
    "counts_estimated": [
      124598.88888888889,
      174304.44444444444,
      153143.33333333334,
      146216.6666666667,
      128231.11111111112,
      70566.66666666667,
      43288.88888888889
    ],
    "proportions": [
      0.14827023131896103,
      0.20741886647759203,
      0.18223755974693087,
      0.1739949624164535,
      0.1525925044458989,
      0.08397294777969498,
      0.05151292781446885
    ],
    "entropy_bits": 2.6999694292698644,
    "gini": 0.19713479172038095
  }
}