{
  "num_docs": 1978351,
  "num_topics": 14,
  "vocab_size": 23896,
  "engine": "lda_multicore",
  "coherence": {
    "c_v": 0.657161469772814,
    "c_npmi": 0.033398711434429074,
    "u_mass": -2.5727125844374785
  },
  "perplexity": 2594.8506424572615,
  "topic_diversity": {
    "unique_word_ratio": 0.6761904761904762,
    "avg_pairwise_jaccard": 0.05850275361453837
  },
  "topic_size_proxy": {
    "counts_estimated": [
      313806.8252870658,
      278674.5853064984,
      134564.5124629672,
      140397.84874488562,
      91900.04645285213,
      101676.71806134742,
      115950.05860944727,
      202867.88032170467,
      119385.61590157905,
      159414.5250239397,
      96196.71529136233,
      59505.585633931754,
      72806.70346837853,
      91203.37943404015
    ],
    "proportions": [
      0.1586203991541773,
      0.14086205395629917,
      0.06801852273078296,
      0.07096710783116121,
      0.04645285212424495,
      0.05139468075247892,
      0.05860944726666161,
      0.10254392689755491,
      0.06034602348197011,
      0.08057949525839433,
      0.048624695663895,
      0.03007837620014434,
      0.036801711864263995,
      0.0461007068179712
    ],
    "entropy_bits": 3.6382198196100126,
    "gini": 0.26613612193261904
  }
}