{
  "num_docs": 1816827,
  "num_topics": 19,
  "vocab_size": 23846,
  "engine": "lda_multicore",
  "coherence": {
    "c_v": 0.5873717734782075,
    "c_npmi": -0.025318964149082756,
    "u_mass": -3.3261336446522285
  },
  "perplexity": 3520.741127958914,
  "topic_diversity": {
    "unique_word_ratio": 0.9122807017543859,
    "avg_pairwise_jaccard": 0.006123226328912959
  },
  "topic_size_proxy": {
    "counts_estimated": [
      159937.80712157462,
      185401.14512666775,
      87476.68271601768,
      15130.002775902307,
      118124.4661167457,
      36940.00677738475,
      130122.24609575671,
      137423.35854640327,
      90200.0165490012,
      154221.13940607067,
      123125.57814541105,
      72046.67988507435,
      99432.24046505996,
      63275.56716472678,
      28323.33852981756,
      80005.57023418121,
      66193.34547782948,
      67261.12345151253,
      102186.68541486256
    ],
    "proportions": [
      0.0880313905075027,
      0.10204666989574006,
      0.048148053015514225,
      0.008327706917555884,
      0.06501690371000964,
      0.020332154232287798,
      0.07162060344532346,
      0.07563920975767272,
      0.04964700356665835,
      0.08488487864065794,
      0.067769566472433,
      0.039655223026228884,
      0.054728513207399465,
      0.03482751366240527,
      0.01558945267205824,
      0.04403587696251828,
      0.03643348842670737,
      0.03702120424867779,
      0.05624458763264887
    ],
    "entropy_bits": 4.0763475409968315,
    "gini": 0.26586919626199984
  }
}