{
  "num_docs": 833055,
  "num_topics": 15,
  "vocab_size": 19121,
  "engine": "lda_multicore",
  "coherence": {
    "c_v": 0.5563534753435145,
    "c_npmi": -0.022636468025639293,
    "u_mass": -3.1905322278459565
  },
  "perplexity": 3784.892496158891,
  "topic_diversity": {
    "unique_word_ratio": 0.88,
    "avg_pairwise_jaccard": 0.01034743399275419
  },
  "topic_size_proxy": {
    "counts_estimated": [
      88781.1703183332,
      136928.98020537538,
      87545.61393879818,
      72510.0483561832,
      46520.031023715936,
      44041.1404816812,
      4452.225191364043,
      55383.370267916325,
      60541.151485363764,
      52286.70153611408,
      50544.47815202154,
      11234.451936581441,
      45581.14150869157,
      21921.125730077663,
      54783.369867782414
    ],
    "proportions": [
      0.106572999763921,
      0.16436967571814035,
      0.10508983673202633,
      0.08704112976476128,
      0.055842688686480416,
      0.05286702616475648,
      0.005344455277699604,
      0.06648224939279679,
      0.07267365478313409,
      0.06276500535512551,
      0.060673638777777636,
      0.013485846596661017,
      0.05471564483580505,
      0.026314139798785992,
      0.06576200835212852
    ],
    "entropy_bits": 3.6579001147755656,
    "gini": 0.3043354509309116
  }
}