{
  "num_docs": 1978351,
  "num_topics": 5,
  "vocab_size": 23896,
  "engine": "lda_multicore",
  "coherence": {
    "c_v": 0.6387297327949073,
    "c_npmi": 0.03125559590419251,
    "u_mass": -2.407912398940078
  },
  "perplexity": 2512.414041659011,
  "topic_diversity": {
    "unique_word_ratio": 0.7733333333333333,
    "avg_pairwise_jaccard": 0.09557787040545661
  },
  "topic_size_proxy": {
    "counts_estimated": [
      798118.1812037529,
      426276.88213747146,
      301590.1524452195,
      202633.4357587552,
      249732.34845480102
    ],
    "proportions": [
      0.40342597506901096,
      0.21547080479524183,
      0.1524452195010994,
      0.10242542185828257,
      0.12623257877636526
    ],
    "entropy_bits": 2.1327830528866794,
    "gini": 0.2764957329761334
  }
}