{
  "num_docs": 840351,
  "num_topics": 12,
  "vocab_size": 19158,
  "engine": "lda_multicore",
  "coherence": {
    "c_v": 0.598908920679484,
    "c_npmi": 0.010469855787058729,
    "u_mass": -2.570403400211449
  },
  "perplexity": 2740.5577821140637,
  "topic_diversity": {
    "unique_word_ratio": 0.6666666666666666,
    "avg_pairwise_jaccard": 0.06689734275941173
  },
  "topic_size_proxy": {
    "counts_estimated": [
      171127.98141647328,
      93567.88912159616,
      91553.44228000237,
      60910.07248170405,
      21503.35892187779,
      73921.19907578191,
      82366.76468138276,
      36424.48778881815,
      43724.496475674816,
      41551.16055611749,
      84668.98964320422,
      39031.15755736697
    ],
    "proportions": [
      0.2036386955170795,
      0.11134381838255225,
      0.10894666904662739,
      0.07248170405188313,
      0.02558854445568315,
      0.08796467080515394,
      0.09801471609051784,
      0.04334437370672273,
      0.05203123037358772,
      0.049445006379616956,
      0.1007543153315748,
      0.04644625585900055
    ],
    "entropy_bits": 3.3871994209561294,
    "gini": 0.28483579372792195
  }
}