{
  "num_docs": 832120,
  "num_topics": 4,
  "vocab_size": 19121,
  "engine": "lda_multicore",
  "coherence": {
    "c_v": 0.5377219274988727,
    "c_npmi": 0.00038001199097811487,
    "u_mass": -2.905080677672247
  },
  "perplexity": 3701.8195845635664,
  "topic_diversity": {
    "unique_word_ratio": 1.0,
    "avg_pairwise_jaccard": 0.0
  },
  "topic_size_proxy": {
    "counts_estimated": [
      343335.55555555556,
      115032.22222222223,
      162884.44444444444,
      210867.77777777778
    ],
    "proportions": [
      0.41260341724217126,
      0.13823994402516732,
      0.1957463400043797,
      0.2534102987282817
    ],
    "entropy_bits": 1.8840537419413237,
    "gini": 0.2201885945937283
  }
}