{
  "num_docs": 1978351,
  "num_topics": 16,
  "vocab_size": 23896,
  "engine": "lda_multicore",
  "coherence": {
    "c_v": 0.6358529006609881,
    "c_npmi": 0.02117355238657634,
    "u_mass": -2.613220308061525
  },
  "perplexity": 2244.7542322995514,
  "topic_diversity": {
    "unique_word_ratio": 0.7166666666666667,
    "avg_pairwise_jaccard": 0.04037135278514589
  },
  "topic_size_proxy": {
    "counts_estimated": [
      222519.00136589695,
      177240.0895898097,
      211906.77377949638,
      146645.62968073844,
      143502.29475853898,
      143565.62812388552,
      64111.143517465454,
      121055.61674571683,
      61606.69780709514,
      128116.73142602001,
      173604.53219658358,
      42555.577066185906,
      102644.49632830951,
      57728.91806921031,
      110012.27783029068,
      71535.5917147567
    ],
    "proportions": [
      0.11247700805665777,
      0.08958980968989311,
      0.10711282971499819,
      0.07412518288248063,
      0.07253631673981967,
      0.07256832994948091,
      0.03240635434130013,
      0.06119016127356411,
      0.03114042847153773,
      0.06475935333316485,
      0.08775213912828592,
      0.021510630351330936,
      0.05188386506151311,
      0.029180321423857705,
      0.055608068452105155,
      0.03615920113001014
    ],
    "entropy_bits": 3.8600176885590867,
    "gini": 0.2463882289674617
  }
}