{
  "num_docs": 1821613,
  "num_topics": 8,
  "vocab_size": 24073,
  "engine": "lda_multicore",
  "coherence": {
    "c_v": 0.5675198559525343,
    "c_npmi": -0.019279274096627434,
    "u_mass": -3.1710719831800294
  },
  "perplexity": 3628.187253157144,
  "topic_diversity": {
    "unique_word_ratio": 0.8916666666666667,
    "avg_pairwise_jaccard": 0.01627375087966221
  },
  "topic_size_proxy": {
    "counts_estimated": [
      360322.3760697941,
      387099.05416935304,
      225540.09629930995,
      227740.0972386488,
      249085.66190816317,
      43391.129637909275,
      168453.40525822365,
      159981.17941859807
    ],
    "proportions": [
      0.19780402098019398,
      0.21250345390011657,
      0.12381339850962304,
      0.12502111987488496,
      0.1367390669193529,
      0.02382016906879193,
      0.092474858961933,
      0.08782391178510368
    ],
    "entropy_bits": 2.8322087986589097,
    "gini": 0.2505854856290307
  }
}