{
  "num_docs": 840349,
  "num_topics": 14,
  "vocab_size": 19150,
  "engine": "lda_multicore",
  "coherence": {
    "c_v": 0.6467899617530616,
    "c_npmi": 0.020289767942504987,
    "u_mass": -2.4536881887247555
  },
  "perplexity": 2738.045111827476,
  "topic_diversity": {
    "unique_word_ratio": 0.6714285714285714,
    "avg_pairwise_jaccard": 0.069029211594742
  },
  "topic_size_proxy": {
    "counts_estimated": [
      172005.57829816715,
      92815.56782764831,
      97741.12403446187,
      46188.89499599373,
      67381.12002025613,
      50915.56228762128,
      70284.45373746882,
      41196.672113698805,
      22424.44740940932,
      62320.00823996383,
      31686.67085628456,
      30725.55961809513,
      44630.00590098822,
      10033.334659942828
    ],
    "proportions": [
      0.20468350447036546,
      0.11044883474324158,
      0.11631015689250761,
      0.05496394354725683,
      0.08018230523301167,
      0.06058859151093329,
      0.08363721946175794,
      0.04902328926874287,
      0.02668468387468697,
      0.07415967442094157,
      0.03770656103152923,
      0.03656285616820527,
      0.05310889392500999,
      0.011939485451809699
    ],
    "entropy_bits": 3.5320745993077964,
    "gini": 0.33590092399264265
  }
}