{
  "num_docs": 1821451,
  "num_topics": 18,
  "vocab_size": 24140,
  "engine": "lda_multicore",
  "coherence": {
    "c_v": 0.5592545899418916,
    "c_npmi": -0.019615021510000854,
    "u_mass": -3.2631744682329007
  },
  "perplexity": 4051.4993723138527,
  "topic_diversity": {
    "unique_word_ratio": 0.8703703703703703,
    "avg_pairwise_jaccard": 0.00977172478186677
  },
  "topic_size_proxy": {
    "counts_estimated": [
      214729.0067778723,
      123952.29027362204,
      179070.09831178456,
      120915.62193978544,
      120787.844091856,
      98318.94286725167,
      36728.90905353183,
      69064.48236173256,
      129923.40466295167,
      45143.35811761691,
      72683.37323743902,
      148626.7482646609,
      105857.83589508968,
      71462.26145592186,
      106425.61398458492,
      17742.23196293551,
      42436.689964954654,
      117582.28677640829
    ],
    "proportions": [
      0.11788898344115342,
      0.06805139983102595,
      0.09831178456724039,
      0.06638422990230616,
      0.06631407822217343,
      0.05397836278178863,
      0.02016464294319849,
      0.03791728811905046,
      0.07132961834435934,
      0.024784283583591825,
      0.03990410570333159,
      0.0815979942719628,
      0.05811731190962024,
      0.03923369964710655,
      0.058429029375253544,
      0.009740713290083297,
      0.023298287993997455,
      0.06455418607275645
    ],
    "entropy_bits": 3.9880154829103867,
    "gini": 0.2725540193354298
  }
}