{
  "num_docs": 1821554,
  "num_topics": 16,
  "vocab_size": 24040,
  "engine": "lda_multicore",
  "coherence": {
    "c_v": 0.5539945129337326,
    "c_npmi": -0.04125584416562322,
    "u_mass": -3.306953061227853
  },
  "perplexity": 4553.423317002932,
  "topic_diversity": {
    "unique_word_ratio": 0.8916666666666667,
    "avg_pairwise_jaccard": 0.00812807881773399
  },
  "topic_size_proxy": {
    "counts_estimated": [
      252227.87009011846,
      183961.1784386708,
      100707.81463561625,
      165785.61623107994,
      25403.342630648567,
      96302.25746768022,
      135587.82740127778,
      70497.80357911868,
      154730.0566293237,
      39704.458975794776,
      118435.59890154802,
      124622.26783246045,
      118827.82126731887,
      16563.339395314622,
      89175.58819273904,
      129021.1583312899
    ],
    "proportions": [
      0.13846851100220936,
      0.10099133950389107,
      0.055286757700082595,
      0.09101328658446575,
      0.013945972851009944,
      0.052868186980830775,
      0.07443525001250459,
      0.03870201134806801,
      0.08494398553615412,
      0.021797025493504325,
      0.06501898867755115,
      0.06841535734458624,
      0.06523431161926513,
      0.009092971932380057,
      0.04895577522968797,
      0.07083026818380894
    ],
    "entropy_bits": 3.7911582669791466,
    "gini": 0.28484670897487985
  }
}