{
  "num_docs": 1821451,
  "num_topics": 18,
  "vocab_size": 24140,
  "engine": "lda_multicore",
  "coherence": {
    "c_v": 0.541957986388583,
    "c_npmi": -0.02273065127671672,
    "u_mass": -3.3185267765751933
  },
  "perplexity": 3948.6863630665753,
  "topic_diversity": {
    "unique_word_ratio": 0.8814814814814815,
    "avg_pairwise_jaccard": 0.008612640458482243
  },
  "topic_size_proxy": {
    "counts_estimated": [
      226007.9018590195,
      133217.85091608943,
      161215.64406501534,
      72413.37308920547,
      129655.62673816037,
      111565.61680651251,
      43522.24611649448,
      68660.03769524279,
      116816.73080055266,
      50985.58354729595,
      82382.26745114545,
      143034.52297223517,
      107278.94778640948,
      94520.05189272283,
      111004.50538734402,
      16686.675827866075,
      36951.13139775697,
      115532.28565093133
    ],
    "proportions": [
      0.12408124174573981,
      0.07313831166256432,
      0.08850945980156225,
      0.03975587215313806,
      0.07118260482338552,
      0.061250956960419205,
      0.023894272267820815,
      0.037695242801065086,
      0.06413388600656986,
      0.027991740402182632,
      0.04522892323271143,
      0.07852779074058823,
      0.05889752059561827,
      0.0518927228307118,
      0.060942899582445004,
      0.009161199410725886,
      0.02028664586516847,
      0.06342870911758337
    ],
    "entropy_bits": 3.9946807463436818,
    "gini": 0.26538790659591843
  }
}