{
  "num_docs": 1816827,
  "num_topics": 17,
  "vocab_size": 23846,
  "engine": "lda_multicore",
  "coherence": {
    "c_v": 0.5825808201127456,
    "c_npmi": 0.003520849176409838,
    "u_mass": -3.12635596425322
  },
  "perplexity": 3412.416025111466,
  "topic_diversity": {
    "unique_word_ratio": 0.9215686274509803,
    "avg_pairwise_jaccard": 0.0056324253839466825
  },
  "topic_size_proxy": {
    "counts_estimated": [
      195023.36911427986,
      131306.69075751127,
      170782.25355565015,
      215502.26176043213,
      120936.68885492654,
      125078.9118371226,
      105390.01933591171,
      70445.56848020725,
      55207.78790675317,
      128315.57909762076,
      73090.01340982813,
      22712.226389235446,
      102230.01875614625,
      94708.90626513629,
      95305.57304127344,
      29050.00532980582,
      81741.12610815928
    ],
    "proportions": [
      0.1073428395297295,
      0.07227253379518868,
      0.0940002837670566,
      0.11861462965952847,
      0.06656477961574027,
      0.06884470113947151,
      0.05800773509856013,
      0.03877395507673942,
      0.030386926166747395,
      0.0706261956133527,
      0.04022948437568801,
      0.012501039663784965,
      0.05626843874300979,
      0.05212874217805894,
      0.05245715362072087,
      0.015989417445802942,
      0.04499114451081984
    ],
    "entropy_bits": 3.9153640768019002,
    "gini": 0.26648539822792355
  }
}