{
  "num_docs": 1821613,
  "num_topics": 8,
  "vocab_size": 24073,
  "engine": "lda_multicore",
  "coherence": {
    "c_v": 0.5744693143962589,
    "c_npmi": -0.013448618069651962,
    "u_mass": -3.1140254312618136
  },
  "perplexity": 3808.1682213283643,
  "topic_diversity": {
    "unique_word_ratio": 0.9,
    "avg_pairwise_jaccard": 0.015042223786066152
  },
  "topic_size_proxy": {
    "counts_estimated": [
      343129.0353953854,
      391952.3895749248,
      239275.65771956588,
      225891.20756033575,
      251645.663001212,
      47007.79784879206,
      172062.29568800775,
      150648.9532117764
    ],
    "proportions": [
      0.1883654955225865,
      0.21516776042711855,
      0.13135372755879862,
      0.12400614595983654,
      0.13814441541711217,
      0.025805589798048246,
      0.09445600996919089,
      0.08270085534730832
    ],
    "entropy_bits": 2.838280077028752,
    "gini": 0.24903389915282603
  }
}