{
  "num_docs": 840348,
  "num_topics": 17,
  "vocab_size": 19171,
  "engine": "lda_multicore",
  "coherence": {
    "c_v": 0.6018714462113726,
    "c_npmi": 0.007232201701617795,
    "u_mass": -2.6379992271609125
  },
  "perplexity": 2676.7850619406317,
  "topic_diversity": {
    "unique_word_ratio": 0.7098039215686275,
    "avg_pairwise_jaccard": 0.04296425909001974
  },
  "topic_size_proxy": {
    "counts_estimated": [
      89988.9126856209,
      109176.69553742961,
      64910.017164851066,
      12155.558769980154,
      36542.23188547599,
      39510.01044805524,
      31656.67503798031,
      59221.12677158796,
      63743.35018967016,
      68878.90710327603,
      10062.22488308412,
      43226.678097560136,
      40426.677357125955,
      62332.23870540372,
      28930.007650271782,
      52367.79162595381,
      27218.89608667311
    ],
    "proportions": [
      0.10708529405153686,
      0.12991843324126384,
      0.07724182977153639,
      0.014464910691737415,
      0.043484641940572215,
      0.04701624856375601,
      0.03767091138192785,
      0.07047214579149108,
      0.07585351567406616,
      0.08196474211073985,
      0.011973878539705121,
      0.05143902061712544,
      0.0481070667831969,
      0.07417431671807835,
      0.034426223005554576,
      0.06231679212178027,
      0.032390028995931575
    ],
    "entropy_bits": 3.894164149431145,
    "gini": 0.28345251705234714
  }
}