{
  "num_docs": 833027,
  "num_topics": 16,
  "vocab_size": 19103,
  "engine": "lda_multicore",
  "coherence": {
    "c_v": 0.5665321066818672,
    "c_npmi": 0.002374842335138497,
    "u_mass": -3.0689577475307086
  },
  "perplexity": 3708.9646723981973,
  "topic_diversity": {
    "unique_word_ratio": 0.8708333333333333,
    "avg_pairwise_jaccard": 0.009564860426929393
  },
  "topic_size_proxy": {
    "counts_estimated": [
      113186.71195800054,
      85397.81194946407,
      70501.13932193714,
      50302.242350518325,
      40357.79392683174,
      76631.14177483981,
      63571.136548916664,
      30006.67867375194,
      40397.793942837634,
      36136.68112665461,
      61105.580006775825,
      25386.676825071627,
      45126.684723978426,
      3303.3346551530963,
      49332.24196237549,
      42283.35025289306
    ],
    "proportions": [
      0.1358740016326008,
      0.10251505887499933,
      0.0846324780852687,
      0.060384888305563114,
      0.048447161888908456,
      0.09199118608981438,
      0.07631341667066813,
      0.03602125582214255,
      0.0484951795594112,
      0.04337996382668822,
      0.07335366081384616,
      0.0304752148790755,
      0.054171935272180165,
      0.003965459289018359,
      0.05922045979587155,
      0.05075867919394337
    ],
    "entropy_bits": 3.815761656438168,
    "gini": 0.26596070687346285
  }
}