{
  "num_docs": 1816827,
  "num_topics": 12,
  "vocab_size": 23846,
  "engine": "lda_multicore",
  "coherence": {
    "c_v": 0.5802676408204317,
    "c_npmi": 0.00762565539491953,
    "u_mass": -2.9877257991446995
  },
  "perplexity": 3992.480101576155,
  "topic_diversity": {
    "unique_word_ratio": 0.9333333333333333,
    "avg_pairwise_jaccard": 0.006344230482161517
  },
  "topic_size_proxy": {
    "counts_estimated": [
      263563.38168931915,
      220032.26259155158,
      184905.58948019258,
      127592.24563157742,
      36971.11789420382,
      147386.69370771016,
      138544.46986320472,
      149777.8052575186,
      175742.25446566174,
      86092.2380175691,
      183794.47816522582,
      102424.46323626544
    ],
    "proportions": [
      0.14506795731752067,
      0.12110798804264335,
      0.10177391104392029,
      0.07022806554040502,
      0.020349278106393077,
      0.08112313043988788,
      0.07625628079239505,
      0.0824392224782649,
      0.09673031855298371,
      0.04738604061782938,
      0.10116234411158895,
      0.05637546295616778
    ],
    "entropy_bits": 3.46846918946065,
    "gini": 0.21421681107800503
  }
}