{
  "num_docs": 1821586,
  "num_topics": 14,
  "vocab_size": 24101,
  "engine": "lda_multicore",
  "coherence": {
    "c_v": 0.5768708672031536,
    "c_npmi": 0.013346070096920414,
    "u_mass": -3.1589479227270583
  },
  "perplexity": 3783.1312535478605,
  "topic_diversity": {
    "unique_word_ratio": 0.9095238095238095,
    "avg_pairwise_jaccard": 0.008122966251045069
  },
  "topic_size_proxy": {
    "counts_estimated": [
      180811.1552267957,
      202503.382741653,
      136601.1444401001,
      196568.9368492772,
      65438.90485517195,
      76048.90744388131,
      159413.37222822363,
      103483.35858199236,
      109535.58228088228,
      100851.13571754032,
      124265.5858748209,
      105161.13676912726,
      132761.1435031874,
      128142.25348734649
    ],
    "proportions": [
      0.0992602903331469,
      0.1111687193147362,
      0.07499022524333197,
      0.10791087373820243,
      0.03592413690881022,
      0.04174873294144845,
      0.08751350319349382,
      0.056809482825401804,
      0.060131985138710056,
      0.055364465755413324,
      0.06821834702002591,
      0.05773053633983093,
      0.0728821716367975,
      0.07034652961065056
    ],
    "entropy_bits": 3.737854414912803,
    "gini": 0.17447363360142631
  }
}