{
  "num_docs": 1816827,
  "num_topics": 8,
  "vocab_size": 23846,
  "engine": "lda_multicore",
  "coherence": {
    "c_v": 0.5962468725717045,
    "c_npmi": 0.009031627253590177,
    "u_mass": -2.913315514032375
  },
  "perplexity": 3404.577766414262,
  "topic_diversity": {
    "unique_word_ratio": 0.9083333333333333,
    "avg_pairwise_jaccard": 0.013722730471498945
  },
  "topic_size_proxy": {
    "counts_estimated": [
      442741.1923408581,
      271017.8275014311,
      230275.5978042301,
      264682.2707834907,
      182725.5890802278,
      33412.2283523653,
      189578.92367094275,
      202393.37046645433
    ],
    "proportions": [
      0.24368924082527288,
      0.14917095986653164,
      0.12674602359180598,
      0.14568380521837831,
      0.10057401672268619,
      0.01839042922213579,
      0.10434616156130591,
      0.11139936299188327
    ],
    "entropy_bits": 2.8206305664934557,
    "gini": 0.24492949856404078
  }
}