{
  "num_docs": 1978351,
  "num_topics": 15,
  "vocab_size": 23896,
  "engine": "lda_multicore",
  "coherence": {
    "c_v": 0.635673913641778,
    "c_npmi": 0.030206087738798418,
    "u_mass": -2.5651932009071805
  },
  "perplexity": 2251.635552895356,
  "topic_diversity": {
    "unique_word_ratio": 0.68,
    "avg_pairwise_jaccard": 0.05158605853187134
  },
  "topic_size_proxy": {
    "counts_estimated": [
      337094.61483615695,
      124398.95176901066,
      152062.299085377,
      148534.51952440728,
      99682.27260876769,
      46923.35705175188,
      163820.08280637907,
      60565.586169731796,
      108747.83274670532,
      148020.0748199257,
      96012.27075368643,
      156498.96799465324,
      143485.62808344778,
      63615.58771142057,
      128888.95403857873
    ],
    "proportions": [
      0.17039171251014457,
      0.06288012176252378,
      0.07686315476140332,
      0.075079962819746,
      0.050386545465778164,
      0.02371841854744274,
      0.08280637905325146,
      0.03061417623552737,
      0.0549689275293946,
      0.07481992569565549,
      0.04853146421119733,
      0.07910576434346243,
      0.07252789221096145,
      0.03215586501658228,
      0.06514968983692922
    ],
    "entropy_bits": 3.749770475815819,
    "gini": 0.2415163403097793
  }
}