{
  "num_docs": 1978351,
  "num_topics": 7,
  "vocab_size": 23896,
  "engine": "lda_multicore",
  "coherence": {
    "c_v": 0.6588860798263256,
    "c_npmi": 0.031602625431263395,
    "u_mass": -2.4001212786143817
  },
  "perplexity": 2258.3655446945845,
  "topic_diversity": {
    "unique_word_ratio": 0.7333333333333333,
    "avg_pairwise_jaccard": 0.0709908956214375
  },
  "topic_size_proxy": {
    "counts_estimated": [
      368007.9637953064,
      386072.41737081687,
      481985.7991856289,
      197910.1000379104,
      177234.53403144598,
      214015.66373436898,
      153124.5218445225
    ],
    "proportions": [
      0.18601752863637763,
      0.19514859464817758,
      0.2436300733214828,
      0.10003791037986198,
      0.089587001513607,
      0.10817881343319205,
      0.07740007806730073
    ],
    "entropy_bits": 2.684630452714115,
    "gini": 0.22736936865377239
  }
}