{
  "num_docs": 1816827,
  "num_topics": 6,
  "vocab_size": 23846,
  "engine": "lda_multicore",
  "coherence": {
    "c_v": 0.5884087879187643,
    "c_npmi": 0.030633546030762158,
    "u_mass": -2.9016878912388644
  },
  "perplexity": 3402.4148488318656,
  "topic_diversity": {
    "unique_word_ratio": 0.9777777777777777,
    "avg_pairwise_jaccard": 0.004597701149425287
  },
  "topic_size_proxy": {
    "counts_estimated": [
      448718.97121537925,
      380232.2919834584,
      191280.03509415686,
      208742.26052017437,
      371155.62365149497,
      216697.81753533636
    ],
    "proportions": [
      0.2469794709212155,
      0.20928370834617624,
      0.1052824705347052,
      0.11489385644322456,
      0.2042878180759615,
      0.11927267567871698
    ],
    "entropy_bits": 2.5050882124705067,
    "gini": 0.1794449500064418
  }
}