{
  "num_docs": 830137,
  "num_topics": 11,
  "vocab_size": 18764,
  "engine": "lda_multicore",
  "coherence": {
    "c_v": 0.5626515949832267,
    "c_npmi": 0.013107630439044086,
    "u_mass": -2.8892960365424827
  },
  "perplexity": 3276.6325107744738,
  "topic_diversity": {
    "unique_word_ratio": 0.896969696969697,
    "avg_pairwise_jaccard": 0.01141961486789073
  },
  "topic_size_proxy": {
    "counts_estimated": [
      141761.1680339114,
      91600.03678109228,
      65384.47069893445,
      92586.70384394538,
      97150.03900964098,
      56405.578204659745,
      50792.24261734681,
      90732.25865486673,
      56676.689424632896,
      74611.1410704797,
      12436.67166048964
    ],
    "proportions": [
      0.1707684009192596,
      0.11034327680984256,
      0.07876347000426971,
      0.11153183612336924,
      0.11702892294843018,
      0.06794731255763777,
      0.06118537376041161,
      0.10929793353972504,
      0.06827389867531852,
      0.08987810574697876,
      0.01498146891475701
    ],
    "entropy_bits": 3.317120394544576,
    "gini": 0.2268610267775063
  }
}