{
  "num_docs": 1821451,
  "num_topics": 19,
  "vocab_size": 24090,
  "engine": "lda_multicore",
  "coherence": {
    "c_v": 0.5253253013878756,
    "c_npmi": -0.03417409638842938,
    "u_mass": -3.30547768311188
  },
  "perplexity": 4088.83525346685,
  "topic_diversity": {
    "unique_word_ratio": 0.8947368421052632,
    "avg_pairwise_jaccard": 0.007001859693934708
  },
  "topic_size_proxy": {
    "counts_estimated": [
      202247.8888144671,
      150682.30494874352,
      155844.5300050936,
      114647.84072091525,
      85554.49141495938,
      100820.05535150567,
      135923.40795703055,
      85698.93593870572,
      120378.95497848172,
      52241.13979216802,
      28978.904798679927,
      154365.64030427526,
      76685.59765693388,
      27012.2370522874,
      12326.673434168748,
      54051.14078588182,
      125597.84673260924,
      67398.9258917651,
      70994.48342132794
    ],
    "proportions": [
      0.11103668932870941,
      0.08272652130018514,
      0.0855606491775478,
      0.06294313748814283,
      0.0469705149438329,
      0.055351505668560765,
      0.07462369723754883,
      0.047049816843113386,
      0.06608959284574865,
      0.028681056911313025,
      0.015909791039495396,
      0.08474871973183756,
      0.042101378328010954,
      0.014830065180061061,
      0.006767502081674856,
      0.02967477071075852,
      0.06895483146821366,
      0.03700287621888544,
      0.038976883496359735
    ],
    "entropy_bits": 4.038514831244831,
    "gini": 0.2941439721165533
  }
}