{
  "num_docs": 830137,
  "num_topics": 8,
  "vocab_size": 18764,
  "engine": "lda_multicore",
  "coherence": {
    "c_v": 0.625911777039003,
    "c_npmi": 0.025497311038140996,
    "u_mass": -2.6810935570581407
  },
  "perplexity": 3192.8892245578145,
  "topic_diversity": {
    "unique_word_ratio": 0.9083333333333333,
    "avg_pairwise_jaccard": 0.013810696692470092
  },
  "topic_size_proxy": {
    "counts_estimated": [
      233580.0937917853,
      128323.38486032421,
      121597.826604187,
      85016.70080428524,
      10351.115267499461,
      91325.59222644732,
      63272.247628569865,
      96670.03881690164
    ],
    "proportions": [
      0.28137535586509854,
      0.15458097261093556,
      0.14647922765060103,
      0.1024128557145209,
      0.012469165050466925,
      0.11001267528907556,
      0.07621904291528972,
      0.1164507049040118
    ],
    "entropy_bits": 2.7472362379965514,
    "gini": 0.3015987662004783
  }
}