{
  "num_docs": 1978351,
  "num_topics": 10,
  "vocab_size": 23896,
  "engine": "lda_multicore",
  "coherence": {
    "c_v": 0.6640863120706275,
    "c_npmi": 0.026409858489095515,
    "u_mass": -2.4613773406824864
  },
  "perplexity": 2183.138609925482,
  "topic_diversity": {
    "unique_word_ratio": 0.74,
    "avg_pairwise_jaccard": 0.05900935165302982
  },
  "topic_size_proxy": {
    "counts_estimated": [
      350884.6218066121,
      307281.2664330264,
      285137.92190686404,
      187733.4282272264,
      233642.34032176086,
      112395.61236833164,
      170264.530508308,
      163632.3049336849,
      52127.80412689587,
      115251.1693672898
    ],
    "proportions": [
      0.17736216768743873,
      0.15532191528855413,
      0.14412908624751827,
      0.09489389305903066,
      0.11809953861663619,
      0.05681277607883112,
      0.0860638635450979,
      0.0827114626947821,
      0.026349118092237354,
      0.05825617868987343
    ],
    "entropy_bits": 3.163195078280502,
    "gini": 0.2593040215892593
  }
}