{
  "num_docs": 1978351,
  "num_topics": 6,
  "vocab_size": 23896,
  "engine": "lda_multicore",
  "coherence": {
    "c_v": 0.6320691820982299,
    "c_npmi": 0.01743281547581073,
    "u_mass": -2.46103567522864
  },
  "perplexity": 2293.644053502095,
  "topic_diversity": {
    "unique_word_ratio": 0.7222222222222222,
    "avg_pairwise_jaccard": 0.11340448823207444
  },
  "topic_size_proxy": {
    "counts_estimated": [
      355646.84643600305,
      462045.78910652257,
      230554.5609831987,
      316412.3821596561,
      309555.7120271382,
      304135.70928748144
    ],
    "proportions": [
      0.17976933639986184,
      0.23355096699550412,
      0.11653875423683598,
      0.15993743383234627,
      0.15647158266007308,
      0.15373192587537876
    ],
    "entropy_bits": 2.553477057772957,
    "gini": 0.11110652442317726
  }
}