{
  "num_docs": 1821613,
  "num_topics": 8,
  "vocab_size": 24073,
  "engine": "lda_multicore",
  "coherence": {
    "c_v": 0.5719854295696878,
    "c_npmi": -0.011257551965853423,
    "u_mass": -3.1177283652201098
  },
  "perplexity": 3481.6562071829935,
  "topic_diversity": {
    "unique_word_ratio": 0.8916666666666667,
    "avg_pairwise_jaccard": 0.016459457346156853
  },
  "topic_size_proxy": {
    "counts_estimated": [
      357294.59699923935,
      391675.72279012913,
      230276.7649884016,
      225534.54074138234,
      249628.9954734847,
      41543.35107118176,
      168857.84987535462,
      156801.17806082647
    ],
    "proportions": [
      0.19614187920224516,
      0.21501588031603264,
      0.12641365920664907,
      0.12381034870819563,
      0.13703733749895547,
      0.02280580511402903,
      0.09269688450584984,
      0.08607820544804329
    ],
    "entropy_bits": 2.8280282248637767,
    "gini": 0.2539266955828505
  }
}