{
  "num_docs": 840351,
  "num_topics": 19,
  "vocab_size": 18814,
  "engine": "lda_multicore",
  "coherence": {
    "c_v": 0.6114579271403935,
    "c_npmi": 0.027293778416862997,
    "u_mass": -2.5890894730962413
  },
  "perplexity": 2339.2717082605914,
  "topic_diversity": {
    "unique_word_ratio": 0.6736842105263158,
    "avg_pairwise_jaccard": 0.04529120472859129
  },
  "topic_size_proxy": {
    "counts_estimated": [
      102699.01109855021,
      44032.274619702104,
      50147.837452648695,
      30650.036472898195,
      94079.00084091946,
      42135.60569603935,
      36662.26584954681,
      62607.85227980405,
      42146.716820372465,
      22897.80502568374,
      25467.80808393328,
      36000.04283929315,
      37203.37760456953,
      31446.704087582555,
      45171.16486384641,
      53964.508661073756,
      68415.63696872335,
      9035.566307689256,
      5587.784427123619
    ],
    "proportions": [
      0.12220966131836601,
      0.05239747988602631,
      0.05967487092018536,
      0.03647289819717974,
      0.11195203056927337,
      0.050140483793128514,
      0.04362732459358864,
      0.07450202627212206,
      0.05015370579718768,
      0.027247905965107126,
      0.030306155503989733,
      0.04283929315166299,
      0.044271236191269506,
      0.03742091588822117,
      0.053752735302089724,
      0.06421662931450518,
      0.0814131677938425,
      0.010752133700905045,
      0.006649345841349172
    ],
    "entropy_bits": 4.0331526002643505,
    "gini": 0.2924075425270103
  }
}