{
  "num_docs": 832402,
  "num_topics": 14,
  "vocab_size": 19100,
  "engine": "lda_multicore",
  "coherence": {
    "c_v": 0.597780570717692,
    "c_npmi": 0.00668932627342419,
    "u_mass": -2.9196087356270657
  },
  "perplexity": 3718.7589213723377,
  "topic_diversity": {
    "unique_word_ratio": 0.861904761904762,
    "avg_pairwise_jaccard": 0.012207004817842258
  },
  "topic_size_proxy": {
    "counts_estimated": [
      172931.29577754316,
      78916.75093871678,
      61453.39895696653,
      77803.41641649793,
      39105.59731486289,
      51047.83228972144,
      47068.93915193129,
      44197.82497487189,
      47168.93925871742,
      42922.26805719999,
      69634.51880436916,
      3927.7819720994553,
      69331.18514711791,
      26892.25093938419
    ],
    "proportions": [
      0.2077497360380479,
      0.0948060563750649,
      0.07382658734237366,
      0.09346856016263526,
      0.046979220754951194,
      0.061325936614426,
      0.05654592270553325,
      0.05309673087627358,
      0.05666605709587125,
      0.05156434998618454,
      0.08365491529858067,
      0.004718611887164441,
      0.08329050764788876,
      0.032306807215004514
    ],
    "entropy_bits": 3.5536419986675267,
    "gini": 0.29838608027608793
  }
}