{
  "num_docs": 1816827,
  "num_topics": 4,
  "vocab_size": 23846,
  "engine": "lda_multicore",
  "coherence": {
    "c_v": 0.574922890799046,
    "c_npmi": 0.017133131982140618,
    "u_mass": -2.9210055627035394
  },
  "perplexity": 3269.487622151111,
  "topic_diversity": {
    "unique_word_ratio": 1.0,
    "avg_pairwise_jaccard": 0.0
  },
  "topic_size_proxy": {
    "counts_estimated": [
      663373.4550424917,
      495872.3131999384,
      233000.0427485286,
      424581.1890090414
    ],
    "proportions": [
      0.36512747501137516,
      0.27293314839549304,
      0.12824558570988245,
      0.23369379088324943
    ],
    "entropy_bits": 1.912152704911545,
    "gini": 0.1874712563541805
  }
}