{
  "num_docs": 840345,
  "num_topics": 19,
  "vocab_size": 19165,
  "engine": "lda_multicore",
  "coherence": {
    "c_v": 0.5803464688200862,
    "c_npmi": -0.006671698354406595,
    "u_mass": -2.814717475639826
  },
  "perplexity": 2847.396135071708,
  "topic_diversity": {
    "unique_word_ratio": 0.6982456140350877,
    "avg_pairwise_jaccard": 0.04439872153120793
  },
  "topic_size_proxy": {
    "counts_estimated": [
      112923.40798746546,
      70530.04662770557,
      81618.94284750962,
      37548.91371263107,
      26875.57332310825,
      43364.47311287699,
      4903.336574949425,
      31470.02080496093,
      63947.82005394613,
      41611.13862040698,
      53716.70217900068,
      39997.8042204916,
      50115.58868717854,
      30382.242308048288,
      56628.92632650633,
      60633.37341830731,
      5812.226064708916,
      16800.011106556834,
      11464.452023641099
    ],
    "proportions": [
      0.13437743782311487,
      0.08392987002684085,
      0.0971255173143288,
      0.04468273591516707,
      0.03198159484867317,
      0.05160317859078949,
      0.005834908965900227,
      0.037448929671695476,
      0.07609710303975883,
      0.04951673255675584,
      0.06392220121378801,
      0.04759688487524957,
      0.05963692136822204,
      0.036154486916740496,
      0.06738771138818739,
      0.07215295315412994,
      0.006916476048181303,
      0.019991802303288335,
      0.01364255397918843
    ],
    "entropy_bits": 3.9753375549311483,
    "gini": 0.33119181844815787
  }
}