{
  "num_docs": 840347,
  "num_topics": 2,
  "vocab_size": 19143,
  "engine": "lda_multicore",
  "coherence": {
    "c_v": 0.6421507915053712,
    "c_npmi": -0.003339601296368109,
    "u_mass": -2.0749058101239743
  },
  "perplexity": 2649.4712955351033,
  "topic_diversity": {
    "unique_word_ratio": 0.7333333333333333,
    "avg_pairwise_jaccard": 0.36363636363636365
  },
  "topic_size_proxy": {
    "counts_estimated": [
      568244.669845249,
      272102.33015475096
    ],
    "proportions": [
      0.6762024138186357,
      0.32379758618136434
    ],
    "entropy_bits": 0.9084634828294954,
    "gini": 0.17620241381863577
  }
}