{
  "num_docs": 830137,
  "num_topics": 9,
  "vocab_size": 18764,
  "engine": "lda_multicore",
  "coherence": {
    "c_v": 0.5832215499196387,
    "c_npmi": 0.00369246815994542,
    "u_mass": -2.825653836879475
  },
  "perplexity": 3466.337271856613,
  "topic_diversity": {
    "unique_word_ratio": 0.9259259259259259,
    "avg_pairwise_jaccard": 0.009646962233169128
  },
  "topic_size_proxy": {
    "counts_estimated": [
      204932.30451077,
      134660.05407141795,
      63608.91443042176,
      107340.04310133673,
      10177.781864565808,
      55750.02238587221,
      57905.5788069702,
      103996.7084255203,
      91765.59240312506
    ],
    "proportions": [
      0.2468656432742668,
      0.16221425387787555,
      0.07662459862699984,
      0.12930401018306226,
      0.012260364089982509,
      0.06715761661734415,
      0.06975424394644524,
      0.12527656088756473,
      0.11054270849645911
    ],
    "entropy_bits": 2.92359539348455,
    "gini": 0.3091872273894512
  }
}