{
  "num_docs": 1978351,
  "num_topics": 15,
  "vocab_size": 23896,
  "engine": "lda_multicore",
  "coherence": {
    "c_v": 0.6357733931505716,
    "c_npmi": 0.030831761092391132,
    "u_mass": -2.5640038874504922
  },
  "perplexity": 2335.758588085942,
  "topic_diversity": {
    "unique_word_ratio": 0.68,
    "avg_pairwise_jaccard": 0.05129618602525006
  },
  "topic_size_proxy": {
    "counts_estimated": [
      342253.50633271836,
      117467.83715441881,
      159871.19192143847,
      143074.5167645316,
      96345.60425551035,
      46284.46783992272,
      164941.19448418013,
      63911.14341637111,
      102634.49632325479,
      146931.18538063427,
      101162.27335686586,
      161625.63725270497,
      142345.62750720998,
      64682.25491725709,
      124820.06309298152
    ],
    "proportions": [
      0.17299938500939338,
      0.05937664102801719,
      0.08081032734910969,
      0.07232008716579193,
      0.0486999547883618,
      0.023395478274544166,
      0.0833730690277813,
      0.03230525999500145,
      0.051878810344198174,
      0.07426952314358488,
      0.051134643628388425,
      0.08169714942025201,
      0.07195165443705895,
      0.032695034863508596,
      0.06309298152500822
    ],
    "entropy_bits": 3.745668531146598,
    "gini": 0.24665979599535331
  }
}