{
  "num_docs": 840351,
  "num_topics": 6,
  "vocab_size": 18814,
  "engine": "lda_multicore",
  "coherence": {
    "c_v": 0.6485102751426691,
    "c_npmi": 0.04041160453023789,
    "u_mass": -2.238333105127783
  },
  "perplexity": 2255.323674035306,
  "topic_diversity": {
    "unique_word_ratio": 0.7666666666666667,
    "avg_pairwise_jaccard": 0.08381892692237522
  },
  "topic_size_proxy": {
    "counts_estimated": [
      327530.38975426904,
      65643.41144761111,
      109433.4635568513,
      84560.10062473969,
      136540.1624799191,
      116643.47213660974
    ],
    "proportions": [
      0.38975426905456056,
      0.07811427778108328,
      0.13022351797862,
      0.10062473969179508,
      0.16247991908133516,
      0.13880327641260584
    ],
    "entropy_bits": 2.354889334418815,
    "gini": 0.2920575421616656
  }
}