{
  "num_docs": 1821447,
  "num_topics": 7,
  "vocab_size": 24087,
  "engine": "lda_multicore",
  "coherence": {
    "c_v": 0.5942359435248686,
    "c_npmi": 0.006522419887655314,
    "u_mass": -3.091206928372156
  },
  "perplexity": 3437.1409415517123,
  "topic_diversity": {
    "unique_word_ratio": 0.9523809523809523,
    "avg_pairwise_jaccard": 0.008210180623973728
  },
  "topic_size_proxy": {
    "counts_estimated": [
      512921.2049780943,
      292743.38690674445,
      277502.2730064381,
      178963.36608446765,
      271237.8274155708,
      231278.9312140167,
      56800.010394667974
    ],
    "proportions": [
      0.28160094967248256,
      0.1607202333676162,
      0.15235264765125645,
      0.09825340297272864,
      0.1489133789869103,
      0.1269753834253847,
      0.03118400392362115
    ],
    "entropy_bits": 2.6243775047369153,
    "gini": 0.2575890749320659
  }
}