{
  "num_docs": 1816827,
  "num_topics": 15,
  "vocab_size": 23846,
  "engine": "lda_multicore",
  "coherence": {
    "c_v": 0.5671180256868745,
    "c_npmi": -0.004218243073552593,
    "u_mass": -3.097481994748868
  },
  "perplexity": 3450.60983874382,
  "topic_diversity": {
    "unique_word_ratio": 0.9066666666666666,
    "avg_pairwise_jaccard": 0.008056803623306087
  },
  "topic_size_proxy": {
    "counts_estimated": [
      240285.5996407656,
      161440.02961940967,
      236987.82125794428,
      136063.35829688396,
      155747.806352835,
      28755.560831339626,
      148488.91613215717,
      93680.01718747707,
      116371.13246172815,
      105810.01941296914,
      122915.57810688234,
      60811.122268130515,
      26450.00485278361,
      61905.56691337277,
      121114.46666532123
    ],
    "proportions": [
      0.13225563008517904,
      0.08885822900001467,
      0.13044049943001962,
      0.07489065183249916,
      0.08572517160568122,
      0.015827352208735133,
      0.08172980483676055,
      0.05156243119872011,
      0.06405185109079077,
      0.05823890739898137,
      0.06765398032222239,
      0.03347105820649435,
      0.014558350824147599,
      0.03407345163484072,
      0.06666263032491328
    ],
    "entropy_bits": 3.7091432250324483,
    "gini": 0.28300137480246385
  }
}