{
  "num_docs": 1821451,
  "num_topics": 17,
  "vocab_size": 24035,
  "engine": "lda_multicore",
  "coherence": {
    "c_v": 0.5666405750633858,
    "c_npmi": -0.026888381985681782,
    "u_mass": -3.201253993972786
  },
  "perplexity": 3922.5307387844377,
  "topic_diversity": {
    "unique_word_ratio": 0.9058823529411765,
    "avg_pairwise_jaccard": 0.0067391899288451
  },
  "topic_size_proxy": {
    "counts_estimated": [
      212764.56125492204,
      192324.55003309328,
      152993.417328685,
      156114.53015332716,
      76372.26415157643,
      100517.83296335947,
      118121.17596115427,
      65586.70267460906,
      17477.78737330759,
      19481.121806497264,
      133522.29552767787,
      112663.39518698472,
      113356.72890096717,
      101576.72243359228,
      70163.3718539259,
      95197.83004260951,
      83216.71235371087
    ],
    "proportions": [
      0.11681047761093878,
      0.10558864884813993,
      0.08399535168867295,
      0.08570888272774133,
      0.04192935420803329,
      0.055185581694681594,
      0.06485004315853365,
      0.03600794239022025,
      0.00959552981293902,
      0.010695386154498401,
      0.0733054556656632,
      0.061853651394950915,
      0.062234300511497254,
      0.05576692561786855,
      0.038520592568192014,
      0.05226483174272024,
      0.04568704420470871
    ],
    "entropy_bits": 3.9069401605566982,
    "gini": 0.2655473257408044
  }
}