{
  "num_docs": 832296,
  "num_topics": 6,
  "vocab_size": 19100,
  "engine": "lda_multicore",
  "coherence": {
    "c_v": 0.5602338702539575,
    "c_npmi": 0.024578711085453,
    "u_mass": -2.8586878784416894
  },
  "perplexity": 3948.7198931634143,
  "topic_diversity": {
    "unique_word_ratio": 0.9333333333333333,
    "avg_pairwise_jaccard": 0.013957307060755337
  },
  "topic_size_proxy": {
    "counts_estimated": [
      215135.67043758492,
      183040.09774305602,
      78381.15296649426,
      118720.06339628283,
      133098.9599634745,
      103920.05549310741
    ],
    "proportions": [
      0.25848456611299936,
      0.2199218760429655,
      0.09417461211695631,
      0.14264163638451083,
      0.15991781765558707,
      0.12485949168698085
    ],
    "entropy_bits": 2.5044900810072623,
    "gini": 0.1873355173865409
  }
}