{
  "num_docs": 840351,
  "num_topics": 12,
  "vocab_size": 19158,
  "engine": "lda_multicore",
  "coherence": {
    "c_v": 0.5935624724906281,
    "c_npmi": 0.01401571369624073,
    "u_mass": -2.5141172288982885
  },
  "perplexity": 2565.2758616965125,
  "topic_diversity": {
    "unique_word_ratio": 0.6833333333333333,
    "avg_pairwise_jaccard": 0.06371814647676716
  },
  "topic_size_proxy": {
    "counts_estimated": [
      174495.76320184048,
      99606.78519664425,
      90505.66325538962,
      60188.960512484875,
      20534.468880030145,
      72433.41952757779,
      83902.32206421928,
      33400.0397453442,
      44298.94160369687,
      39456.71361932528,
      84558.98951230638,
      36968.93288114079
    ],
    "proportions": [
      0.20764628494740944,
      0.11852997758870312,
      0.10769983406384906,
      0.07162359598844396,
      0.02443558570172481,
      0.08619424446163304,
      0.0998419970514931,
      0.039745344201820666,
      0.05271480798344605,
      0.046952658614466194,
      0.10062341749138916,
      0.04399225190562133
    ],
    "entropy_bits": 3.369338967202166,
    "gini": 0.2995532064461677
  }
}