{
  "num_docs": 1978351,
  "num_topics": 18,
  "vocab_size": 23896,
  "engine": "lda_multicore",
  "coherence": {
    "c_v": 0.6280270285372807,
    "c_npmi": 0.020291831734136123,
    "u_mass": -2.752484039834325
  },
  "perplexity": 2594.0559497859595,
  "topic_diversity": {
    "unique_word_ratio": 0.7037037037037037,
    "avg_pairwise_jaccard": 0.03639678879705925
  },
  "topic_size_proxy": {
    "counts_estimated": [
      228745.6711799676,
      227786.78180638747,
      200880.10153916143,
      54952.24999901714,
      112913.39040783145,
      121190.06125811914,
      71541.14727312041,
      94296.71433096605,
      122824.50652872905,
      64633.36600365625,
      44330.02240756186,
      129982.28792456115,
      74367.81536858718,
      118021.1707674465,
      63858.92116775203,
      52154.470807041784,
      97566.71598385861,
      98305.60524623493
    ],
    "proportions": [
      0.11562441203809011,
      0.11513972081111364,
      0.10153916142239745,
      0.027776794916077655,
      0.05707449810869328,
      0.06125811913968711,
      0.03616200930629621,
      0.04766429937405751,
      0.062084284603050245,
      0.03267032291219114,
      0.022407561857103145,
      0.06570233893002868,
      0.03759080940065094,
      0.0596563353861102,
      0.032278863137912346,
      0.026362597338410516,
      0.04931719193604098,
      0.04969067938208889
    ],
    "entropy_bits": 4.001805902174927,
    "gini": 0.2679023578384157
  }
}