{
  "num_docs": 1978350,
  "num_topics": 19,
  "vocab_size": 24140,
  "engine": "lda_multicore",
  "coherence": {
    "c_v": 0.6088626530838092,
    "c_npmi": -0.012398801643634072,
    "u_mass": -2.885358225370123
  },
  "perplexity": 2660.0135105860395,
  "topic_diversity": {
    "unique_word_ratio": 0.7263157894736842,
    "avg_pairwise_jaccard": 0.03479575252110038
  },
  "topic_size_proxy": {
    "counts_estimated": [
      198380.0,
      175663.33333333334,
      168885.55555555556,
      95650.0,
      162708.8888888889,
      212727.77777777778,
      77760.0,
      84634.44444444445,
      36975.555555555555,
      23105.55555555556,
      68943.33333333334,
      116136.66666666667,
      104816.66666666667,
      10585.555555555557,
      64324.444444444445,
      86734.44444444445,
      97816.66666666667,
      42951.11111111111,
      149550.0
    ],
    "proportions": [
      0.1002754820936639,
      0.08879284925990513,
      0.0853668741908942,
      0.04834837111734526,
      0.08224474379603654,
      0.10752787817008,
      0.03930548184092804,
      0.04278031917731667,
      0.01869009808959767,
      0.011679205173783989,
      0.03484890607492776,
      0.05870380198987371,
      0.05298186198936824,
      0.005350699095486418,
      0.03251418831068539,
      0.04384180981345285,
      0.04944355986891433,
      0.02171057250289944,
      0.07559329744484039
    ],
    "entropy_bits": 4.008349989229577,
    "gini": 0.3154581088824538
  }
}