{
  "num_docs": 840350,
  "num_topics": 7,
  "vocab_size": 19158,
  "engine": "lda_multicore",
  "coherence": {
    "c_v": 0.6345054525936703,
    "c_npmi": 0.02134618097209839,
    "u_mass": -2.3290652910347376
  },
  "perplexity": 2750.5203860569936,
  "topic_diversity": {
    "unique_word_ratio": 0.7047619047619048,
    "avg_pairwise_jaccard": 0.10294343496313943
  },
  "topic_size_proxy": {
    "counts_estimated": [
      197017.77777777778,
      81801.11111111111,
      162792.22222222222,
      149535.55555555556,
      123873.33333333334,
      88930.0,
      36400.0
    ],
    "proportions": [
      0.23444728717531713,
      0.09734171608390682,
      0.19371954807190123,
      0.17794437502892313,
      0.14740683445389816,
      0.10582495388826083,
      0.04331528529779258
    ],
    "entropy_bits": 2.6658852358422473,
    "gini": 0.23950602592834994
  }
}