{
  "num_docs": 833164,
  "num_topics": 12,
  "vocab_size": 19108,
  "engine": "lda_multicore",
  "coherence": {
    "c_v": 0.5547205819902689,
    "c_npmi": 0.013028202861628384,
    "u_mass": -3.1273557935453593
  },
  "perplexity": 3675.5008586946165,
  "topic_diversity": {
    "unique_word_ratio": 0.8833333333333333,
    "avg_pairwise_jaccard": 0.01212867592177937
  },
  "topic_size_proxy": {
    "counts_estimated": [
      156382.3473535268,
      105831.19579327517,
      91922.29577500476,
      54142.265544837814,
      54866.71056895607,
      52286.70850453492,
      36151.14003790107,
      82593.39942148198,
      27512.24423649091,
      58773.380361593765,
      39886.698582510835,
      72815.61381988593
    ],
    "proportions": [
      0.18769695684586324,
      0.12702324607553275,
      0.11032917381812556,
      0.06498392338703762,
      0.06585343410055652,
      0.06275680238768709,
      0.04339018493105927,
      0.09913222297348659,
      0.03302140303288537,
      0.07054239064769213,
      0.04787376624831466,
      0.08739649555175923
    ],
    "entropy_bits": 3.423895009415668,
    "gini": 0.26209335593349925
  }
}