{
  "num_docs": 1816827,
  "num_topics": 3,
  "vocab_size": 23846,
  "engine": "lda_multicore",
  "coherence": {
    "c_v": 0.5732908443972843,
    "c_npmi": 0.006622276554844123,
    "u_mass": -2.8123454723402563
  },
  "perplexity": 3311.5119573128645,
  "topic_diversity": {
    "unique_word_ratio": 1.0,
    "avg_pairwise_jaccard": 0.0
  },
  "topic_size_proxy": {
    "counts_estimated": [
      950629.063300847,
      553578.9904540518,
      312618.9462451014
    ],
    "proportions": [
      0.523235874026997,
      0.30469548859305357,
      0.17206863737994943
    ],
    "entropy_bits": 1.448237773422143,
    "gini": 0.23411149109803167
  }
}