{
  "num_docs": 840350,
  "num_topics": 5,
  "vocab_size": 19157,
  "engine": "lda_multicore",
  "coherence": {
    "c_v": 0.6461579904030772,
    "c_npmi": 0.022571014007427705,
    "u_mass": -2.2688164753379434
  },
  "perplexity": 2706.3815007228777,
  "topic_diversity": {
    "unique_word_ratio": 0.7733333333333333,
    "avg_pairwise_jaccard": 0.09203086185844805
  },
  "topic_size_proxy": {
    "counts_estimated": [
      300282.22222222225,
      141913.33333333334,
      127916.66666666667,
      181792.22222222222,
      88445.55555555556
    ],
    "proportions": [
      0.3573299485002942,
      0.16887408024434264,
      0.15221832173102479,
      0.21632917501305673,
      0.10524847451128168
    ],
    "entropy_bits": 2.1969042615792542,
    "gini": 0.2273095205040228
  }
}