{
  "num_docs": 1816827,
  "num_topics": 5,
  "vocab_size": 23846,
  "engine": "lda_multicore",
  "coherence": {
    "c_v": 0.6023933640616762,
    "c_npmi": 0.03459289808810828,
    "u_mass": -2.836891816827505
  },
  "perplexity": 3075.355351039384,
  "topic_diversity": {
    "unique_word_ratio": 0.9733333333333334,
    "avg_pairwise_jaccard": 0.006896551724137931
  },
  "topic_size_proxy": {
    "counts_estimated": [
      676061.2351480972,
      273995.605825542,
      241234.48870374722,
      393274.51659853815,
      232261.1537240757
    ],
    "proportions": [
      0.3721109578116667,
      0.15080995924517962,
      0.13277790824539,
      0.2164622809978815,
      0.12783889369988208
    ],
    "entropy_bits": 2.1863463358071953,
    "gini": 0.2288914003904244
  }
}