{
  "num_docs": 1978350,
  "num_topics": 17,
  "vocab_size": 24085,
  "engine": "lda_multicore",
  "coherence": {
    "c_v": 0.6446994380599955,
    "c_npmi": 0.00588242392142421,
    "u_mass": -2.7342927143859614
  },
  "perplexity": 2544.7283294285694,
  "topic_diversity": {
    "unique_word_ratio": 0.6784313725490196,
    "avg_pairwise_jaccard": 0.04999856043213041
  },
  "topic_size_proxy": {
    "counts_estimated": [
      294618.8888888889,
      161002.22222222222,
      50347.77777777778,
      72604.44444444445,
      23822.222222222223,
      136450.0,
      80277.77777777778,
      88572.22222222222,
      163716.6666666667,
      141772.22222222222,
      118994.44444444445,
      137212.22222222222,
      105517.77777777778,
      117921.11111111111,
      98670.0,
      70861.11111111111,
      115988.88888888889
    ],
    "proportions": [
      0.14892151989733304,
      0.08138207204095443,
      0.025449378410179076,
      0.03669949424745088,
      0.012041459914687603,
      0.06897161776227663,
      0.04057814733377702,
      0.0447707545288863,
      0.08275414697433046,
      0.07166185064433604,
      0.06014832787143046,
      0.06935689954872606,
      0.053336253836670844,
      0.05960578821296085,
      0.04987489574645537,
      0.035818288528880686,
      0.05862910450066413
    ],
    "entropy_bits": 3.921224083906131,
    "gini": 0.25398851059450583
  }
}