{
  "num_docs": 1978346,
  "num_topics": 9,
  "vocab_size": 24121,
  "engine": "lda_multicore",
  "coherence": {
    "c_v": 0.639898848395718,
    "c_npmi": 0.017257618855506272,
    "u_mass": -2.5658248086832507
  },
  "perplexity": 2537.315799987039,
  "topic_diversity": {
    "unique_word_ratio": 0.7481481481481481,
    "avg_pairwise_jaccard": 0.05881003840773957
  },
  "topic_size_proxy": {
    "counts_estimated": [
      346135.63331650296,
      281223.39651145093,
      182436.70765190443,
      228365.60685892982,
      331238.96330323146,
      65271.125774566965,
      134725.58582227238,
      265131.17067403684,
      143817.8100871042
    ],
    "proportions": [
      0.1749621316577095,
      0.14215076458387507,
      0.09221678495667818,
      0.11543259210417683,
      0.16743227084808798,
      0.032992775669456686,
      0.06810011283277666,
      0.13401658287985865,
      0.07269598446738043
    ],
    "entropy_bits": 3.038337363316809,
    "gini": 0.23257405692335897
  }
}