{
  "num_docs": 1978350,
  "num_topics": 13,
  "vocab_size": 24093,
  "engine": "lda_multicore",
  "coherence": {
    "c_v": 0.6305350526167021,
    "c_npmi": 0.010900830953739143,
    "u_mass": -2.6004942647066227
  },
  "perplexity": 2530.8551818867863,
  "topic_diversity": {
    "unique_word_ratio": 0.676923076923077,
    "avg_pairwise_jaccard": 0.061537166046449855
  },
  "topic_size_proxy": {
    "counts_estimated": [
      378501.1111111111,
      192167.77777777778,
      67964.44444444445,
      127833.33333333334,
      220863.33333333334,
      99518.88888888889,
      109437.77777777778,
      113134.44444444445,
      223823.33333333334,
      144038.8888888889,
      57941.11111111112,
      79596.66666666667,
      163528.8888888889
    ],
    "proportions": [
      0.19132161200551523,
      0.09713537937057536,
      0.03435410541332143,
      0.06461613634257504,
      0.11164017152340755,
      0.050303985082967566,
      0.05531770302412504,
      0.05718626352487904,
      0.11313636784862806,
      0.07280758656905446,
      0.02928759375798575,
      0.040233864921104284,
      0.08265923061586114
    ],
    "entropy_bits": 3.506711925777575,
    "gini": 0.2865444937171375
  }
}