{
  "num_docs": 840351,
  "num_topics": 9,
  "vocab_size": 18814,
  "engine": "lda_multicore",
  "coherence": {
    "c_v": 0.6534042689967746,
    "c_npmi": 0.02867314490537706,
    "u_mass": -2.364977732702576
  },
  "perplexity": 2188.9254662510734,
  "topic_diversity": {
    "unique_word_ratio": 0.7407407407407407,
    "avg_pairwise_jaccard": 0.06555718121810077
  },
  "topic_size_proxy": {
    "counts_estimated": [
      251706.96619265783,
      92233.44308918902,
      17406.687380258227,
      61951.18483171694,
      122865.70176315424,
      79727.8726522679,
      66662.30154895777,
      117419.02861506118,
      30377.813926736875
    ],
    "proportions": [
      0.2995259911544793,
      0.10975585569504769,
      0.02071359155907261,
      0.07372060583222599,
      0.1462075986857328,
      0.09487449012646847,
      0.0793267355533078,
      0.1397261722959349,
      0.03614895909773044
    ],
    "entropy_bits": 2.8518241056795297,
    "gini": 0.35730350449217596
  }
}