{
  "num_docs": 1978351,
  "num_topics": 16,
  "vocab_size": 23896,
  "engine": "lda_multicore",
  "coherence": {
    "c_v": 0.646031928700113,
    "c_npmi": 0.027197742505815914,
    "u_mass": -2.581953632899694
  },
  "perplexity": 2590.990229526042,
  "topic_diversity": {
    "unique_word_ratio": 0.7,
    "avg_pairwise_jaccard": 0.04311913182602837
  },
  "topic_size_proxy": {
    "counts_estimated": [
      223192.33503958126,
      168463.41848678613,
      206222.32646172596,
      153120.07739783154,
      144936.73992805454,
      140148.95973019043,
      64730.03271918518,
      128375.6204457699,
      68833.36812663752,
      127715.62011215856,
      169451.19676385765,
      40801.13173491939,
      100665.60643914822,
      62231.1425671786,
      86608.93266723392,
      92854.49137974126
    ],
    "proportions": [
      0.11281735902253001,
      0.08515345279315255,
      0.10423950373908672,
      0.0773978315262719,
      0.07326138785688412,
      0.07084130153354508,
      0.03271918517956884,
      0.06489021434809591,
      0.03479330418446348,
      0.06455660300531026,
      0.08565274653681659,
      0.0206238082801886,
      0.05088359266841335,
      0.03145606748609251,
      0.043778345029387565,
      0.04693529681019256
    ],
    "entropy_bits": 3.871086143781847,
    "gini": 0.23698575271761246
  }
}